{
"type": "FeatureCollection",
"name": "africa_countries",
"crs": { "type": "name", "properties": { "name": "urn:ogc:def:crs:OGC:1.3:CRS84" } },
"xy_coordinate_resolution": 1e-05,
"features": [
{ "type": "Feature", "properties": { "iso3": "AGO", "name": "Angola" }, "geometry": { "type": "MultiPolygon", "coordinates": [ [ [ [ 11.69178, -16.64569 ], [ 11.6562, -16.5444 ], [ 11.68157, -16.49508 ], [ 11.71943, -16.49065 ], [ 11.72866, -16.6583 ], [ 11.69178, -16.64569 ] ] ], [ [ [ 16.94857, -7.21917 ], [ 17.10259, -7.37722 ], [ 17.34878, -7.78021 ], [ 17.52991, -8.09909 ], [ 18.07944, -8.08902 ], [ 18.21818, -7.99284 ], [ 18.48483, -7.99665 ], [ 18.59336, -7.91743 ], [ 18.74472, -7.92115 ], [ 18.84397, -7.99789 ], [ 19.3502, -7.99332 ], [ 19.38678, -7.59919 ], [ 19.52784, -7.45179 ], [ 19.49412, -7.23916 ], [ 19.56539, -7.0168 ], [ 19.9662, -7.00005 ], [ 20.57586, -6.92773 ], [ 20.56482, -7.18641 ], [ 20.62977, -7.27647 ], [ 21.78923, -7.28333 ], [ 21.85401, -7.44862 ], [ 21.8294, -7.65678 ], [ 21.77901, -7.99196 ], [ 21.93208, -8.32763 ], [ 21.81218, -9.39991 ], [ 21.96176, -9.72231 ], [ 22.20042, -9.99185 ], [ 22.30721, -10.35895 ], [ 22.31015, -10.5976 ], [ 22.31611, -10.74711 ], [ 22.18578, -10.87073 ], [ 22.2159, -11.07452 ], [ 22.26519, -11.24071 ], [ 22.44928, -11.16643 ], [ 22.53977, -11.04059 ], [ 22.74103, -11.11155 ], [ 23.19501, -11.09316 ], [ 23.45756, -10.94835 ], [ 23.86026, -11.01509 ], [ 23.99987, -10.88996 ], [ 24.07137, -11.3848 ], [ 23.97409, -11.66831 ], [ 24.04567, -12.43253 ], [ 23.96529, -12.53068 ], [ 23.90432, -12.79328 ], [ 23.99078, -12.99192 ], [ 22.44928, -12.99993 ], [ 22.00495, -13.00006 ], [ 22.00093, -13.30904 ], [ 22.0004, -13.73004 ], [ 22.0004, -14.14379 ], [ 22.00043, -16.17456 ], [ 22.17345, -16.51856 ], [ 22.44928, -16.77924 ], [ 23.1512, -17.46804 ], [ 23.43411, -17.63789 ], [ 22.50009, -17.82102 ], [ 22.44928, -17.8307 ], [ 21.43796, -18.01845 ], [ 21.18399, -17.93607 ], [ 20.79643, -18.02608 ], [ 20.33363, -17.87367 ], [ 19.55278, -17.87444 ], [ 18.89651, -17.81211 ], [ 18.61261, -17.61855 ], [ 18.41484, -17.40173 ], [ 18.00107, -17.38959 ], [ 17.27412, -17.38996 ], [ 15.54827, -17.39071 ], [ 14.21449, -17.40578 ], [ 13.95562, -17.4153 ], [ 13.37531, -16.9825 ], [ 12.9919, -16.9866 ], [ 12.51728, -17.24757 ], [ 12.25059, -17.22675 ], [ 12.07735, -17.15018 ], [ 11.75054, -17.25013 ], [ 11.82509, -16.5017 ], [ 11.74955, -15.86698 ], [ 12.00845, -15.58813 ], [ 12.05823, -15.26036 ], [ 12.27534, -14.76422 ], [ 12.36981, -14.06266 ], [ 12.43422, -13.89668 ], [ 12.51411, -13.84023 ], [ 12.54303, -13.53413 ], [ 12.55105, -13.41706 ], [ 12.95541, -12.99811 ], [ 12.99167, -12.80334 ], [ 13.18889, -12.61388 ], [ 13.39281, -12.5718 ], [ 13.48606, -12.43253 ], [ 13.66298, -12.2118 ], [ 13.79773, -11.75937 ], [ 13.77569, -11.57014 ], [ 13.85565, -10.99361 ], [ 13.74208, -10.77886 ], [ 13.75662, -10.65468 ], [ 13.55246, -10.4085 ], [ 13.49215, -10.23763 ], [ 13.2447, -9.75852 ], [ 13.15441, -9.36026 ], [ 13.02795, -9.10215 ], [ 13.23476, -8.79733 ], [ 13.39419, -8.75098 ], [ 13.36967, -8.35267 ], [ 13.09595, -7.81153 ], [ 12.85998, -7.25522 ], [ 12.82215, -6.98162 ], [ 12.56785, -6.66409 ], [ 12.29626, -6.17368 ], [ 12.37279, -6.05416 ], [ 12.4948, -6.06116 ], [ 13.0378, -5.87743 ], [ 14.77554, -5.87408 ], [ 16.11388, -5.86529 ], [ 16.48083, -5.85089 ], [ 16.5799, -5.8953 ], [ 16.60613, -6.03416 ], [ 16.70859, -6.15194 ], [ 16.69663, -6.41032 ], [ 16.90291, -6.98162 ], [ 16.94857, -7.21917 ] ] ], [ [ [ 12.01597, -5.04097 ], [ 12.1605, -4.89776 ], [ 12.20946, -4.80263 ], [ 12.32813, -4.77644 ], [ 12.43147, -4.59494 ], [ 12.60717, -4.56707 ], [ 12.73533, -4.47963 ], [ 12.76989, -4.38828 ], [ 13.10272, -4.68399 ], [ 12.87801, -4.76244 ], [ 12.5184, -5.06116 ], [ 12.50992, -5.69898 ], [ 12.20244, -5.77318 ], [ 12.15813, -5.64027 ], [ 12.21007, -5.44453 ], [ 12.01597, -5.04097 ] ] ] ] } },
{ "type": "Feature", "properties": { "iso3": "BWA", "name": "Botswana" }, "geometry": { "type": "Polygon", "coordinates": [ [ [ 25.23991, -17.90552 ], [ 25.9888, -19.00114 ], [ 25.97804, -19.11331 ], [ 26.18083, -19.54035 ], [ 26.70234, -19.89519 ], [ 27.2059, -20.10005 ], [ 27.28957, -20.26595 ], [ 27.29984, -20.49508 ], [ 27.70691, -20.51519 ], [ 27.70108, -21.06637 ], [ 27.91387, -21.32682 ], [ 28.01321, -21.5666 ], [ 28.60638, -21.64524 ], [ 29.03705, -21.81002 ], [ 29.06379, -22.01711 ], [ 29.25088, -22.07993 ], [ 29.3753, -22.19547 ], [ 29.07304, -22.22823 ], [ 28.88239, -22.45735 ], [ 28.30816, -22.60871 ], [ 27.76677, -23.19567 ], [ 27.60855, -23.23014 ], [ 27.52315, -23.36289 ], [ 27.21062, -23.50559 ], [ 26.96203, -23.74681 ], [ 26.85377, -24.24025 ], [ 26.57434, -24.43192 ], [ 26.40907, -24.64586 ], [ 26.23895, -24.6745 ], [ 26.1886, -24.68678 ], [ 25.86766, -24.76527 ], [ 25.87236, -24.90035 ], [ 25.66356, -25.46789 ], [ 25.56388, -25.64122 ], [ 25.33459, -25.76344 ], [ 25.03493, -25.73722 ], [ 24.72226, -25.81833 ], [ 24.50816, -25.75803 ], [ 24.35235, -25.73912 ], [ 24.16932, -25.62357 ], [ 23.91471, -25.61461 ], [ 23.49364, -25.31569 ], [ 23.1838, -25.28608 ], [ 23.01569, -25.32189 ], [ 22.85152, -25.49722 ], [ 22.71522, -25.99249 ], [ 22.62916, -26.12275 ], [ 22.22204, -26.37563 ], [ 22.05133, -26.62328 ], [ 21.80853, -26.68131 ], [ 21.70699, -26.84516 ], [ 21.12661, -26.86635 ], [ 20.90522, -26.80588 ], [ 20.69076, -26.864 ], [ 20.62867, -26.74796 ], [ 20.61299, -26.49242 ], [ 20.84788, -26.14739 ], [ 20.78607, -25.8299 ], [ 20.38009, -25.0455 ], [ 19.99906, -24.76375 ], [ 19.99885, -23.86276 ], [ 19.99913, -23.32048 ], [ 19.9991, -23.23027 ], [ 20.00575, -22.02631 ], [ 20.98381, -21.9866 ], [ 20.99895, -20.99542 ], [ 20.9989, -20.39301 ], [ 20.99902, -19.16575 ], [ 21.01583, -18.33109 ], [ 21.48137, -18.31131 ], [ 22.44928, -18.12741 ], [ 22.50002, -18.1176 ], [ 23.27972, -18.00804 ], [ 23.52184, -18.28401 ], [ 23.60064, -18.48304 ], [ 23.8822, -18.2752 ], [ 24.19806, -18.0287 ], [ 24.40002, -17.95968 ], [ 24.55823, -18.06014 ], [ 24.7256, -17.90552 ], [ 24.89899, -17.8282 ], [ 25.26173, -17.79052 ], [ 25.26317, -17.79136 ], [ 25.23991, -17.90552 ] ] ] } },
{ "type": "Feature", "properties": { "iso3": "BFA", "name": "Burkina Faso" }, "geometry": { "type": "Polygon", "coordinates": [ [ [ 0.21637, 14.42475 ], [ 0.50139, 13.88139 ], [ 0.67076, 13.69525 ], [ 0.92575, 13.59785 ], [ 1.16863, 13.39055 ], [ 1.01021, 13.3289 ], [ 0.98818, 13.08441 ], [ 0.99648, 13.01789 ], [ 1.16875, 12.98916 ], [ 1.32989, 12.83146 ], [ 1.64714, 12.62279 ], [ 1.84599, 12.61213 ], [ 2.00663, 12.72531 ], [ 2.16305, 12.6585 ], [ 2.24918, 12.44224 ], [ 2.10419, 12.38851 ], [ 2.08618, 12.32996 ], [ 2.40897, 11.90254 ], [ 2.29291, 11.67465 ], [ 2.02187, 11.43065 ], [ 1.64878, 11.4043 ], [ 1.53033, 11.4674 ], [ 1.40822, 11.45703 ], [ 1.29541, 11.28329 ], [ 1.1638, 11.25968 ], [ 1.07777, 11.07876 ], [ 0.94523, 11.03502 ], [ 0.91221, 10.99617 ], [ 0.67076, 10.96848 ], [ 0.52662, 10.95196 ], [ 0.42408, 11.02438 ], [ 0.21637, 11.06711 ], [ -0.10827, 11.1339 ], [ -0.13623, 11.13951 ], [ -0.39801, 11.11085 ], [ -0.61849, 10.93605 ], [ -0.6842, 10.99736 ], [ -0.7966, 10.99779 ], [ -0.9328, 11.00282 ], [ -1.07918, 11.00822 ], [ -1.42631, 11.02103 ], [ -1.94854, 11.01343 ], [ -2.71517, 11.00227 ], [ -2.81718, 10.99045 ], [ -2.93835, 10.7077 ], [ -2.81976, 10.41377 ], [ -2.79017, 10.15914 ], [ -2.7456, 9.64129 ], [ -2.6872, 9.49167 ], [ -2.75511, 9.43183 ], [ -2.82963, 9.46236 ], [ -2.9987, 9.71328 ], [ -3.13924, 9.82359 ], [ -3.17243, 9.84964 ], [ -3.18922, 9.93551 ], [ -3.28259, 9.86439 ], [ -3.34442, 9.8873 ], [ -3.46242, 9.93103 ], [ -3.89592, 9.90573 ], [ -4.24545, 9.75597 ], [ -4.31293, 9.59672 ], [ -4.49111, 9.66353 ], [ -4.52524, 9.72765 ], [ -4.7024, 9.69955 ], [ -4.81845, 9.85019 ], [ -4.94136, 9.8883 ], [ -5.11756, 10.28842 ], [ -5.39366, 10.30843 ], [ -5.51321, 10.43079 ], [ -5.41958, 10.84036 ], [ -5.47477, 11.02076 ], [ -5.26942, 11.25001 ], [ -5.20403, 11.45019 ], [ -5.31205, 11.83466 ], [ -5.07496, 11.96705 ], [ -4.73352, 12.00354 ], [ -4.6489, 12.06069 ], [ -4.44191, 12.32525 ], [ -4.38478, 12.53159 ], [ -4.47907, 12.72206 ], [ -4.23353, 12.72661 ], [ -4.22389, 12.93049 ], [ -4.32159, 13.14571 ], [ -3.97224, 13.52498 ], [ -3.92143, 13.39135 ], [ -3.44287, 13.15761 ], [ -3.41887, 13.26625 ], [ -3.34442, 13.28461 ], [ -3.24809, 13.30837 ], [ -3.23712, 13.68005 ], [ -3.13924, 13.66101 ], [ -2.95249, 13.62466 ], [ -2.89279, 13.66555 ], [ -2.90192, 13.81956 ], [ -2.82434, 14.0496 ], [ -2.63841, 14.16997 ], [ -2.45381, 14.28745 ], [ -2.10326, 14.147 ], [ -2.007, 14.22777 ], [ -1.94854, 14.46996 ], [ -1.68027, 14.50633 ], [ -1.32291, 14.72265 ], [ -1.07918, 14.80303 ], [ -1.02941, 14.81945 ], [ -0.9328, 14.90313 ], [ -0.74482, 15.06595 ], [ -0.45602, 15.08412 ], [ -0.36818, 15.03432 ], [ 0.23223, 14.99983 ], [ 0.21637, 14.82894 ], [ 0.18449, 14.48551 ], [ 0.21637, 14.42475 ] ] ] } },
{ "type": "Feature", "properties": { "iso3": "BDI", "name": "Burundi" }, "geometry": { "type": "Polygon", "coordinates": [ [ [ 29.95899, -2.32738 ], [ 30.1395, -2.42131 ], [ 30.37329, -2.35231 ], [ 30.42977, -2.33315 ], [ 30.54361, -2.41302 ], [ 30.43954, -2.63653 ], [ 30.47874, -2.70582 ], [ 30.42164, -2.8476 ], [ 30.48694, -2.94896 ], [ 30.56539, -2.914 ], [ 30.68635, -2.98611 ], [ 30.84985, -2.97952 ], [ 30.829, -3.24032 ], [ 30.6346, -3.361 ], [ 30.64611, -3.42846 ], [ 30.46623, -3.55336 ], [ 30.38927, -3.72468 ], [ 30.18367, -4.07043 ], [ 30.00457, -4.29677 ], [ 29.66125, -4.44855 ], [ 29.43595, -4.44901 ], [ 29.38429, -4.13143 ], [ 29.23755, -3.88144 ], [ 29.2127, -3.35437 ], [ 29.24089, -3.26863 ], [ 29.25444, -3.10142 ], [ 29.02465, -2.80599 ], [ 29.04074, -2.74335 ], [ 29.09889, -2.60462 ], [ 29.33368, -2.68018 ], [ 29.36945, -2.80812 ], [ 29.43865, -2.79735 ], [ 29.66669, -2.79159 ], [ 29.85783, -2.75365 ], [ 29.92951, -2.65598 ], [ 29.95899, -2.32738 ] ] ] } },
{ "type": "Feature", "properties": { "iso3": "BEN", "name": "Benin" }, "geometry": { "type": "Polygon", "coordinates": [ [ [ 3.4914, 11.4321 ], [ 3.71502, 11.11467 ], [ 3.76827, 10.91959 ], [ 3.75802, 10.80867 ], [ 3.83877, 10.65059 ], [ 3.78238, 10.44015 ], [ 3.66161, 10.44226 ], [ 3.60131, 10.38245 ], [ 3.59053, 10.25775 ], [ 3.67716, 10.16833 ], [ 3.56287, 9.91397 ], [ 3.43705, 9.85597 ], [ 3.3664, 9.8234 ], [ 3.26647, 9.65655 ], [ 3.14564, 9.44156 ], [ 3.09685, 9.13631 ], [ 3.01633, 9.11336 ], [ 2.79458, 9.05017 ], [ 2.73635, 8.76149 ], [ 2.75695, 8.57565 ], [ 2.69052, 7.85533 ], [ 2.71878, 7.65722 ], [ 2.78465, 7.4652 ], [ 2.72823, 6.95654 ], [ 2.7781, 6.72378 ], [ 2.72894, 6.54058 ], [ 2.70604, 6.4514 ], [ 2.70692, 6.37504 ], [ 2.49584, 6.3598 ], [ 2.36096, 6.34757 ], [ 1.97178, 6.3024 ], [ 1.83657, 6.27956 ], [ 1.62867, 6.23512 ], [ 1.79294, 6.31973 ], [ 1.59993, 6.64517 ], [ 1.62247, 6.74224 ], [ 1.57737, 6.92245 ], [ 1.64066, 7.04434 ], [ 1.65469, 7.53006 ], [ 1.64139, 7.63639 ], [ 1.61306, 8.37472 ], [ 1.62491, 8.58749 ], [ 1.61672, 9.02717 ], [ 1.435, 9.29806 ], [ 1.35134, 9.54835 ], [ 1.3684, 9.65655 ], [ 1.355, 9.99528 ], [ 1.18609, 10.10012 ], [ 1.15422, 10.1199 ], [ 1.09887, 10.14959 ], [ 1.00028, 10.21944 ], [ 0.78394, 10.40701 ], [ 0.80872, 10.69048 ], [ 0.91221, 10.99617 ], [ 0.94523, 11.03502 ], [ 1.07777, 11.07876 ], [ 1.1638, 11.25968 ], [ 1.29541, 11.28329 ], [ 1.40822, 11.45703 ], [ 1.53033, 11.4674 ], [ 1.64878, 11.4043 ], [ 2.02187, 11.43065 ], [ 2.29291, 11.67465 ], [ 2.40897, 11.90254 ], [ 2.44428, 11.99189 ], [ 2.39374, 12.23281 ], [ 2.69936, 12.30482 ], [ 2.82648, 12.4092 ], [ 3.01633, 12.25604 ], [ 3.06708, 12.19269 ], [ 3.12621, 12.15233 ], [ 3.24304, 12.03889 ], [ 3.31163, 11.90142 ], [ 3.43705, 11.86577 ], [ 3.48246, 11.85286 ], [ 3.55497, 11.76991 ], [ 3.56373, 11.72573 ], [ 3.60943, 11.69361 ], [ 3.4914, 11.4321 ] ] ] } },
{ "type": "Feature", "properties": { "iso3": "COD", "name": "Democratic Republic of The Congo" }, "geometry": { "type": "Polygon", "coordinates": [ [ [ 25.54286, 5.37172 ], [ 25.82869, 5.21165 ], [ 26.17187, 5.24771 ], [ 26.47866, 5.07515 ], [ 26.73623, 5.09856 ], [ 26.85152, 5.05387 ], [ 26.97467, 5.16156 ], [ 27.15624, 5.19097 ], [ 27.44883, 5.01951 ], [ 27.75156, 4.78578 ], [ 27.82744, 4.58549 ], [ 28.0098, 4.55881 ], [ 28.20795, 4.36685 ], [ 28.40844, 4.29477 ], [ 28.75822, 4.54688 ], [ 29.02722, 4.47957 ], [ 29.21752, 4.36181 ], [ 29.3649, 4.43102 ], [ 29.50465, 4.67517 ], [ 29.81011, 4.56499 ], [ 29.81527, 4.373 ], [ 29.93333, 4.31445 ], [ 30.1623, 4.04888 ], [ 30.21512, 3.95923 ], [ 30.54719, 3.82164 ], [ 30.56108, 3.6206 ], [ 30.77326, 3.65717 ], [ 30.85001, 3.50042 ], [ 30.92524, 3.48859 ], [ 30.917, 3.37195 ], [ 30.80219, 3.12676 ], [ 30.88206, 2.85086 ], [ 30.79153, 2.64718 ], [ 30.75973, 2.45815 ], [ 30.90153, 2.34849 ], [ 31.01479, 2.38621 ], [ 31.30568, 2.15691 ], [ 31.0767, 1.85896 ], [ 30.54968, 1.26613 ], [ 30.26545, 1.12266 ], [ 30.15548, 0.88733 ], [ 29.9873, 0.83812 ], [ 29.9786, 0.72207 ], [ 29.96317, 0.51601 ], [ 29.91305, 0.43907 ], [ 29.73813, 0.08566 ], [ 29.71151, -0.22009 ], [ 29.69853, -0.3364 ], [ 29.58496, -1.00664 ], [ 29.58911, -1.26119 ], [ 29.59026, -1.33191 ], [ 29.59117, -1.3877 ], [ 29.45033, -1.50616 ], [ 29.37031, -1.51471 ], [ 29.33152, -1.56091 ], [ 29.2448, -1.69814 ], [ 29.14513, -1.8955 ], [ 29.1284, -2.2001 ], [ 29.0099, -2.32655 ], [ 28.89161, -2.45278 ], [ 28.92674, -2.64638 ], [ 29.04074, -2.74335 ], [ 29.02465, -2.80599 ], [ 29.25444, -3.10142 ], [ 29.24089, -3.26863 ], [ 29.2127, -3.35437 ], [ 29.23755, -3.88144 ], [ 29.38429, -4.13143 ], [ 29.43595, -4.44901 ], [ 29.33635, -4.6802 ], [ 29.36528, -5.0 ], [ 29.61746, -5.69426 ], [ 29.50097, -5.99081 ], [ 29.55615, -6.29383 ], [ 29.74521, -6.63487 ], [ 30.15964, -6.93301 ], [ 30.32637, -7.17382 ], [ 30.79625, -8.27651 ], [ 29.59022, -8.3959 ], [ 29.56893, -8.3793 ], [ 29.01927, -8.49101 ], [ 28.8484, -8.84986 ], [ 28.41729, -9.25474 ], [ 28.65529, -9.80486 ], [ 28.59926, -10.22855 ], [ 28.66842, -10.6395 ], [ 28.54687, -10.89197 ], [ 28.40817, -11.50851 ], [ 28.45802, -11.79712 ], [ 28.75551, -12.01246 ], [ 29.06963, -12.36653 ], [ 29.48267, -12.44411 ], [ 29.51221, -12.24626 ], [ 29.81479, -12.14995 ], [ 29.81476, -12.43253 ], [ 29.80467, -13.43119 ], [ 29.64768, -13.42663 ], [ 29.66063, -13.24119 ], [ 29.57829, -13.21562 ], [ 29.20117, -13.43036 ], [ 29.1163, -13.38231 ], [ 29.0326, -13.409 ], [ 28.78695, -12.95835 ], [ 28.67261, -12.84327 ], [ 28.57687, -12.87289 ], [ 28.49813, -12.78216 ], [ 28.50577, -12.61334 ], [ 28.33887, -12.43253 ], [ 28.11962, -12.39783 ], [ 27.89924, -12.24535 ], [ 27.6226, -12.26625 ], [ 27.44393, -11.92377 ], [ 27.2431, -11.77179 ], [ 27.19619, -11.5897 ], [ 27.03882, -11.62477 ], [ 26.925, -11.94366 ], [ 26.70623, -11.99258 ], [ 26.43814, -11.92424 ], [ 26.03133, -11.9352 ], [ 25.64148, -11.74315 ], [ 25.49552, -11.72531 ], [ 25.30524, -11.54785 ], [ 25.32635, -11.20451 ], [ 24.74937, -11.31901 ], [ 24.5707, -11.44586 ], [ 24.45742, -11.45792 ], [ 24.35501, -11.36561 ], [ 24.36829, -11.09535 ], [ 24.16931, -11.02684 ], [ 24.10924, -10.92585 ], [ 23.99987, -10.88996 ], [ 23.86026, -11.01509 ], [ 23.45756, -10.94835 ], [ 23.19501, -11.09316 ], [ 22.74103, -11.11155 ], [ 22.53977, -11.04059 ], [ 22.44928, -11.16643 ], [ 22.26519, -11.24071 ], [ 22.2159, -11.07452 ], [ 22.18578, -10.87073 ], [ 22.31611, -10.74711 ], [ 22.31015, -10.5976 ], [ 22.30721, -10.35895 ], [ 22.20042, -9.99185 ], [ 21.96176, -9.72231 ], [ 21.81218, -9.39991 ], [ 21.93208, -8.32763 ], [ 21.77901, -7.99196 ], [ 21.8294, -7.65678 ], [ 21.85401, -7.44862 ], [ 21.78923, -7.28333 ], [ 20.62977, -7.27647 ], [ 20.56482, -7.18641 ], [ 20.57586, -6.92773 ], [ 19.9662, -7.00005 ], [ 19.56539, -7.0168 ], [ 19.49412, -7.23916 ], [ 19.52784, -7.45179 ], [ 19.38678, -7.59919 ], [ 19.3502, -7.99332 ], [ 18.84397, -7.99789 ], [ 18.74472, -7.92115 ], [ 18.59336, -7.91743 ], [ 18.48483, -7.99665 ], [ 18.21818, -7.99284 ], [ 18.07944, -8.08902 ], [ 17.52991, -8.09909 ], [ 17.34878, -7.78021 ], [ 17.10259, -7.37722 ], [ 16.94857, -7.21917 ], [ 16.90291, -6.98162 ], [ 16.69663, -6.41032 ], [ 16.70859, -6.15194 ], [ 16.60613, -6.03416 ], [ 16.5799, -5.8953 ], [ 16.48083, -5.85089 ], [ 16.11388, -5.86529 ], [ 14.77554, -5.87408 ], [ 13.0378, -5.87743 ], [ 12.4948, -6.06116 ], [ 12.37279, -6.05416 ], [ 12.20244, -5.77318 ], [ 12.50992, -5.69898 ], [ 12.5184, -5.06116 ], [ 12.87801, -4.76244 ], [ 13.10272, -4.68399 ], [ 13.13597, -4.60984 ], [ 13.41111, -4.8599 ], [ 13.51947, -4.77197 ], [ 13.59108, -4.80208 ], [ 13.70836, -4.69064 ], [ 13.74465, -4.46054 ], [ 13.9019, -4.50145 ], [ 14.3847, -4.29684 ], [ 14.46132, -4.44072 ], [ 14.37248, -4.56324 ], [ 14.40974, -4.85448 ], [ 14.65794, -4.90982 ], [ 14.82871, -4.81575 ], [ 15.07098, -4.51216 ], [ 15.12822, -4.44415 ], [ 15.22636, -4.31509 ], [ 15.45461, -4.24655 ], [ 15.55526, -4.05829 ], [ 15.89472, -3.94697 ], [ 15.96122, -3.78903 ], [ 16.19193, -3.34978 ], [ 16.18107, -2.93723 ], [ 16.22964, -2.63425 ], [ 16.20547, -2.32655 ], [ 16.19554, -2.20023 ], [ 16.5106, -1.88602 ], [ 16.60089, -1.72143 ], [ 16.67157, -1.59261 ], [ 16.84159, -1.33191 ], [ 16.88771, -1.26119 ], [ 16.9202, -1.21137 ], [ 17.32634, -0.98762 ], [ 17.5256, -0.74997 ], [ 17.67806, -0.55665 ], [ 17.6877, -0.21865 ], [ 17.68961, -0.15173 ], [ 17.79994, 0.18135 ], [ 17.95327, 0.40982 ], [ 17.91476, 0.51601 ], [ 17.87716, 0.61969 ], [ 17.86832, 0.72207 ], [ 17.84601, 0.98035 ], [ 18.06248, 1.52754 ], [ 18.07583, 1.90884 ], [ 18.1172, 2.27631 ], [ 18.62736, 3.17538 ], [ 18.62582, 3.47125 ], [ 18.59635, 3.87344 ], [ 18.65015, 4.02482 ], [ 18.5464, 4.32392 ], [ 18.64294, 4.36218 ], [ 18.76679, 4.41605 ], [ 19.0194, 4.76724 ], [ 19.10441, 4.9392 ], [ 19.48481, 5.13996 ], [ 19.71823, 5.13464 ], [ 19.85492, 5.06371 ], [ 20.34728, 4.75496 ], [ 20.46488, 4.53266 ], [ 20.59658, 4.42185 ], [ 20.92971, 4.44512 ], [ 21.19408, 4.31043 ], [ 21.54357, 4.2648 ], [ 21.70697, 4.30898 ], [ 22.03412, 4.22627 ], [ 22.10083, 4.21364 ], [ 22.24406, 4.12537 ], [ 22.4334, 4.12812 ], [ 22.54378, 4.23258 ], [ 22.60023, 4.45604 ], [ 22.69798, 4.49776 ], [ 22.76795, 4.67863 ], [ 22.92577, 4.81 ], [ 23.37575, 4.60914 ], [ 23.59501, 4.752 ], [ 23.93491, 4.82358 ], [ 24.32309, 4.99138 ], [ 24.39859, 5.09927 ], [ 24.48512, 5.09758 ], [ 24.7111, 4.91451 ], [ 24.95084, 4.97316 ], [ 25.06282, 4.94727 ], [ 25.29904, 5.04161 ], [ 25.36869, 5.2922 ], [ 25.54286, 5.37172 ] ] ] } },
{ "type": "Feature", "properties": { "iso3": "CAF", "name": "Central African Republic" }, "geometry": { "type": "Polygon", "coordinates": [ [ [ 22.87778, 10.92056 ], [ 23.01306, 10.69528 ], [ 23.32874, 10.42176 ], [ 23.65277, 9.89051 ], [ 23.68818, 9.65655 ], [ 23.63402, 9.53647 ], [ 23.64273, 9.2896 ], [ 23.47333, 9.13028 ], [ 23.46647, 9.00821 ], [ 23.57827, 8.95042 ], [ 23.52896, 8.73431 ], [ 24.19892, 8.69271 ], [ 24.23447, 8.64497 ], [ 24.15156, 8.38556 ], [ 24.27081, 8.27451 ], [ 24.84007, 8.16812 ], [ 24.95448, 8.00033 ], [ 25.26814, 7.81476 ], [ 25.28394, 7.68082 ], [ 25.18906, 7.58273 ], [ 25.2046, 7.50821 ], [ 25.457, 7.29235 ], [ 26.00721, 7.01101 ], [ 26.09085, 6.84825 ], [ 26.41579, 6.64984 ], [ 26.30447, 6.47461 ], [ 26.31839, 6.38119 ], [ 26.4658, 6.28342 ], [ 26.56196, 6.04089 ], [ 26.76833, 5.99971 ], [ 27.20703, 5.72467 ], [ 27.27504, 5.5909 ], [ 27.25457, 5.33913 ], [ 27.43783, 5.11525 ], [ 27.44883, 5.01951 ], [ 27.15624, 5.19097 ], [ 26.97467, 5.16156 ], [ 26.85152, 5.05387 ], [ 26.73623, 5.09856 ], [ 26.47866, 5.07515 ], [ 26.17187, 5.24771 ], [ 25.82869, 5.21165 ], [ 25.54286, 5.37172 ], [ 25.36869, 5.2922 ], [ 25.29904, 5.04161 ], [ 25.06282, 4.94727 ], [ 24.95084, 4.97316 ], [ 24.7111, 4.91451 ], [ 24.48512, 5.09758 ], [ 24.39859, 5.09927 ], [ 24.32309, 4.99138 ], [ 23.93491, 4.82358 ], [ 23.59501, 4.752 ], [ 23.37575, 4.60914 ], [ 22.92577, 4.81 ], [ 22.76795, 4.67863 ], [ 22.69798, 4.49776 ], [ 22.60023, 4.45604 ], [ 22.54378, 4.23258 ], [ 22.4334, 4.12812 ], [ 22.24406, 4.12537 ], [ 22.10083, 4.21364 ], [ 22.03412, 4.22627 ], [ 21.70697, 4.30898 ], [ 21.54357, 4.2648 ], [ 21.19408, 4.31043 ], [ 20.92971, 4.44512 ], [ 20.59658, 4.42185 ], [ 20.46488, 4.53266 ], [ 20.34728, 4.75496 ], [ 19.85492, 5.06371 ], [ 19.71823, 5.13464 ], [ 19.48481, 5.13996 ], [ 19.10441, 4.9392 ], [ 19.0194, 4.76724 ], [ 18.76679, 4.41605 ], [ 18.64294, 4.36218 ], [ 18.5464, 4.32392 ], [ 18.65015, 4.02482 ], [ 18.59635, 3.87344 ], [ 18.62582, 3.47125 ], [ 18.48156, 3.62174 ], [ 18.19022, 3.50343 ], [ 17.41566, 3.68045 ], [ 17.20229, 3.58557 ], [ 16.6105, 3.49258 ], [ 16.49805, 3.17414 ], [ 16.44054, 2.71767 ], [ 16.18961, 2.22561 ], [ 16.08007, 2.46996 ], [ 16.03537, 2.95429 ], [ 15.77304, 3.13718 ], [ 15.24877, 3.71112 ], [ 15.10169, 3.97011 ], [ 15.12981, 4.07822 ], [ 15.06783, 4.32408 ], [ 14.73146, 4.63871 ], [ 14.68067, 5.01335 ], [ 14.66951, 5.16504 ], [ 14.54172, 5.28889 ], [ 14.61723, 5.50511 ], [ 14.59729, 5.8709 ], [ 14.41591, 6.04494 ], [ 14.77213, 6.30561 ], [ 14.93833, 6.68722 ], [ 15.08469, 6.83257 ], [ 15.21125, 7.22398 ], [ 15.49343, 7.5248 ], [ 15.92351, 7.47144 ], [ 16.37423, 7.68197 ], [ 16.54023, 7.8472 ], [ 16.8378, 7.53599 ], [ 17.27636, 7.81004 ], [ 17.68412, 7.97451 ], [ 18.21544, 8.0195 ], [ 18.59765, 8.06236 ], [ 19.04849, 8.57392 ], [ 19.09497, 8.68873 ], [ 18.89503, 8.87611 ], [ 19.0474, 8.99888 ], [ 19.99211, 9.08304 ], [ 20.09954, 9.13055 ], [ 20.39532, 9.12415 ], [ 20.52559, 9.29447 ], [ 20.771, 9.38658 ], [ 20.99438, 9.65655 ], [ 21.23681, 9.93955 ], [ 21.40859, 10.02197 ], [ 21.51563, 10.18737 ], [ 21.69769, 10.27678 ], [ 21.73138, 10.62655 ], [ 22.10083, 10.83414 ], [ 22.1697, 10.82742 ], [ 22.38719, 10.9584 ], [ 22.52, 10.99418 ], [ 22.87778, 10.92056 ] ] ] } },
{ "type": "Feature", "properties": { "iso3": "CPV", "name": "Cape Verde" }, "geometry": { "type": "MultiPolygon", "coordinates": [ [ [ [ -24.78073, 14.86382 ], [ -24.69005, 14.9113 ], [ -24.64828, 14.87007 ], [ -24.69582, 14.78917 ], [ -24.78073, 14.86382 ] ] ], [ [ [ -24.36732, 15.04933 ], [ -24.32255, 15.0371 ], [ -24.2991, 15.00815 ], [ -24.28963, 14.95283 ], [ -24.28268, 14.8968 ], [ -24.29345, 14.8636 ], [ -24.34209, 14.82578 ], [ -24.39076, 14.81428 ], [ -24.47808, 14.86772 ], [ -24.50086, 14.91081 ], [ -24.47698, 14.98543 ], [ -24.40436, 15.02807 ], [ -24.36732, 15.04933 ] ] ], [ [ [ -23.65593, 15.24673 ], [ -23.5819, 15.17858 ], [ -23.48568, 15.08804 ], [ -23.45864, 14.97342 ], [ -23.48888, 14.91882 ], [ -23.55772, 14.9086 ], [ -23.70786, 14.97344 ], [ -23.76823, 15.07125 ], [ -23.75676, 15.19866 ], [ -23.74105, 15.32629 ], [ -23.65593, 15.24673 ] ] ], [ [ [ -23.15651, 15.11403 ], [ -23.24956, 15.1505 ], [ -23.22588, 15.29354 ], [ -23.13938, 15.32833 ], [ -23.0872, 15.16184 ], [ -23.15651, 15.11403 ] ] ], [ [ [ -22.76995, 15.97799 ], [ -22.87981, 15.97101 ], [ -22.97939, 16.03219 ], [ -22.87395, 16.22195 ], [ -22.67592, 16.16835 ], [ -22.67609, 16.06005 ], [ -22.76995, 15.97799 ] ] ], [ [ [ -24.16824, 16.60252 ], [ -24.17999, 16.5832 ], [ -24.23833, 16.56378 ], [ -24.31267, 16.50614 ], [ -24.42055, 16.61703 ], [ -24.41055, 16.65228 ], [ -24.35805, 16.66918 ], [ -24.19693, 16.62284 ], [ -24.16824, 16.60252 ] ] ], [ [ [ -22.99289, 16.70147 ], [ -23.02528, 16.81861 ], [ -22.89081, 16.84918 ], [ -22.90091, 16.66003 ], [ -22.99289, 16.70147 ] ] ], [ [ [ -24.85042, 16.84307 ], [ -24.97469, 16.77578 ], [ -25.1094, 16.82501 ], [ -24.97392, 16.92117 ], [ -24.85042, 16.84307 ] ] ], [ [ [ -25.17554, 16.9318 ], [ -25.28148, 16.91572 ], [ -25.34238, 17.0687 ], [ -25.23157, 17.12916 ], [ -25.10095, 17.19016 ], [ -25.01704, 17.16291 ], [ -24.96923, 17.10452 ], [ -24.98198, 17.06684 ], [ -25.17554, 16.9318 ] ] ] ] } },
{ "type": "Feature", "properties": { "iso3": "DJI", "name": "Djibouti" }, "geometry": { "type": "Polygon", "coordinates": [ [ [ 43.33038, 12.43767 ], [ 43.41132, 12.11003 ], [ 43.36359, 11.99552 ], [ 43.17919, 11.93712 ], [ 43.06889, 11.83011 ], [ 42.79944, 11.73657 ], [ 42.66423, 11.58059 ], [ 42.52043, 11.56837 ], [ 42.61947, 11.48356 ], [ 42.92486, 11.59206 ], [ 43.12251, 11.58317 ], [ 43.18608, 11.52917 ], [ 43.25744, 11.46107 ], [ 43.22801, 11.4119 ], [ 42.96164, 10.98441 ], [ 42.60428, 11.07015 ], [ 42.03376, 10.92903 ], [ 41.79388, 10.99009 ], [ 41.80186, 11.60747 ], [ 42.03987, 11.93207 ], [ 42.40418, 12.46862 ], [ 42.50658, 12.50458 ], [ 42.7099, 12.37568 ], [ 42.79763, 12.42803 ], [ 42.89744, 12.61148 ], [ 43.12655, 12.70978 ], [ 43.13708, 12.7136 ], [ 43.33038, 12.43767 ] ] ] } },
{ "type": "Feature", "properties": { "iso3": "DZA", "name": "Algeria" }, "geometry": { "type": "Polygon", "coordinates": [ [ [ 6.63576, 36.9648 ], [ 6.9645, 36.89264 ], [ 7.16857, 36.93466 ], [ 7.22913, 37.06224 ], [ 7.28758, 37.07575 ], [ 7.72632, 36.95159 ], [ 7.81533, 36.84903 ], [ 8.20901, 36.9366 ], [ 8.64205, 36.94103 ], [ 8.63886, 36.80994 ], [ 8.48706, 36.75985 ], [ 8.43481, 36.62169 ], [ 8.1671, 36.46723 ], [ 8.37112, 36.4226 ], [ 8.3765, 36.35004 ], [ 8.29082, 35.9569 ], [ 8.2646, 35.77451 ], [ 8.35396, 35.61661 ], [ 8.33241, 35.32276 ], [ 8.44736, 35.22376 ], [ 8.26116, 34.90215 ], [ 8.32421, 34.73281 ], [ 8.13765, 34.53235 ], [ 7.87304, 34.40189 ], [ 7.80882, 34.24376 ], [ 7.57946, 34.11486 ], [ 7.52652, 33.89466 ], [ 7.55203, 33.74531 ], [ 7.73658, 33.42466 ], [ 7.83227, 33.20928 ], [ 8.08703, 33.10687 ], [ 8.29245, 32.86217 ], [ 8.35683, 32.5026 ], [ 8.52856, 32.39947 ], [ 8.69692, 32.29835 ], [ 8.8003, 32.23626 ], [ 9.0764, 32.08459 ], [ 9.1377, 31.85615 ], [ 9.47382, 30.55904 ], [ 9.55921, 30.22906 ], [ 9.41268, 30.16342 ], [ 9.40848, 30.0831 ], [ 9.77391, 29.43093 ], [ 9.89305, 28.8405 ], [ 9.83918, 28.2953 ], [ 9.94498, 27.81212 ], [ 9.78808, 27.27223 ], [ 9.91379, 26.85747 ], [ 9.8977, 26.61413 ], [ 9.83043, 26.51074 ], [ 9.52583, 26.38151 ], [ 9.41824, 26.18766 ], [ 10.00929, 25.38548 ], [ 10.03576, 25.15342 ], [ 10.0548, 24.94811 ], [ 10.32566, 24.56495 ], [ 10.90592, 24.54356 ], [ 11.43018, 24.20485 ], [ 11.61716, 24.23209 ], [ 11.99734, 23.51718 ], [ 10.23856, 22.49641 ], [ 7.79441, 21.04675 ], [ 7.40246, 20.79318 ], [ 5.8139, 19.46521 ], [ 4.26671, 19.14415 ], [ 3.43705, 19.00739 ], [ 3.33157, 18.99 ], [ 3.13052, 19.15444 ], [ 3.25834, 19.48266 ], [ 3.23617, 19.81611 ], [ 3.01633, 19.89689 ], [ 2.47605, 20.09543 ], [ 2.40741, 20.09525 ], [ 2.24499, 20.29957 ], [ 1.92865, 20.24723 ], [ 1.79532, 20.3092 ], [ 1.688, 20.39752 ], [ 1.60207, 20.5854 ], [ 1.1876, 20.74613 ], [ 1.18139, 21.03786 ], [ 1.11198, 21.15097 ], [ 0.67076, 21.43685 ], [ 0.21637, 21.73126 ], [ -0.02137, 21.88529 ], [ -0.4315, 22.15076 ], [ -0.7966, 22.38709 ], [ -0.83314, 22.41074 ], [ -0.9328, 22.47525 ], [ -1.07918, 22.57 ], [ -1.73888, 22.99701 ], [ -1.94854, 23.13272 ], [ -2.33149, 23.38059 ], [ -2.78669, 23.67524 ], [ -3.02591, 23.83008 ], [ -3.13924, 23.90344 ], [ -3.34442, 24.03625 ], [ -4.83333, 25.0 ], [ -5.63696, 25.49436 ], [ -5.66826, 25.51348 ], [ -8.66812, 27.31494 ], [ -8.66799, 27.66668 ], [ -8.66887, 28.31106 ], [ -8.6304, 28.69921 ], [ -7.60028, 29.35382 ], [ -7.3737, 29.38719 ], [ -7.16268, 29.51136 ], [ -6.77676, 29.47711 ], [ -6.44851, 29.56564 ], [ -5.80163, 29.60173 ], [ -5.57865, 29.49363 ], [ -5.5, 29.56301 ], [ -5.262, 29.9021 ], [ -5.13003, 30.00016 ], [ -4.58724, 30.29785 ], [ -4.30078, 30.52988 ], [ -3.6694, 30.6648 ], [ -3.55092, 31.02263 ], [ -3.75719, 31.14921 ], [ -3.77815, 31.25509 ], [ -3.67332, 31.41349 ], [ -3.65154, 31.61614 ], [ -3.48723, 31.66641 ], [ -3.34442, 31.69504 ], [ -3.25177, 31.71362 ], [ -3.13924, 31.73809 ], [ -2.84252, 31.80263 ], [ -2.91491, 32.02625 ], [ -2.84248, 32.10777 ], [ -2.01635, 32.17591 ], [ -1.94854, 32.16897 ], [ -1.20453, 32.09279 ], [ -1.17326, 32.12845 ], [ -1.23887, 32.20924 ], [ -1.23754, 32.32308 ], [ -1.12418, 32.41147 ], [ -1.07918, 32.46706 ], [ -1.02574, 32.53309 ], [ -1.07918, 32.56709 ], [ -1.39391, 32.76732 ], [ -1.51935, 32.93294 ], [ -1.48753, 33.06505 ], [ -1.66351, 33.30173 ], [ -1.5947, 33.54703 ], [ -1.64618, 33.66971 ], [ -1.70955, 33.70979 ], [ -1.65142, 34.09667 ], [ -1.76233, 34.38688 ], [ -1.71322, 34.49098 ], [ -1.79643, 34.57736 ], [ -1.82883, 34.62601 ], [ -1.76667, 34.74477 ], [ -1.94854, 34.86485 ], [ -2.05637, 34.93605 ], [ -2.21171, 35.08531 ], [ -2.20889, 35.08499 ], [ -1.94854, 35.09036 ], [ -1.88513, 35.09166 ], [ -1.58762, 35.23808 ], [ -1.3056, 35.3649 ], [ -1.06154, 35.63886 ], [ -0.9328, 35.70382 ], [ -0.7966, 35.77254 ], [ -0.62323, 35.72498 ], [ -0.37774, 35.89948 ], [ -0.11369, 35.78911 ], [ 0.21637, 36.10378 ], [ 0.67076, 36.3034 ], [ 0.7405, 36.33403 ], [ 1.15914, 36.50575 ], [ 1.69466, 36.55297 ], [ 2.32423, 36.6342 ], [ 2.56194, 36.59796 ], [ 2.80333, 36.69869 ], [ 2.94761, 36.80976 ], [ 3.01633, 36.78684 ], [ 3.1234, 36.75111 ], [ 3.36017, 36.78193 ], [ 3.43705, 36.78102 ], [ 3.51313, 36.78012 ], [ 3.85397, 36.91288 ], [ 4.03384, 36.90007 ], [ 4.58317, 36.88301 ], [ 4.82049, 36.87712 ], [ 5.07113, 36.77698 ], [ 5.15654, 36.68031 ], [ 5.42378, 36.65428 ], [ 5.64003, 36.78958 ], [ 6.25662, 36.93974 ], [ 6.29725, 37.04027 ], [ 6.45263, 37.07989 ], [ 6.63576, 36.9648 ] ] ] } },
{ "type": "Feature", "properties": { "iso3": "COG", "name": "Congo" }, "geometry": { "type": "Polygon", "coordinates": [ [ [ 17.41566, 3.68045 ], [ 18.19022, 3.50343 ], [ 18.48156, 3.62174 ], [ 18.62582, 3.47125 ], [ 18.62736, 3.17538 ], [ 18.1172, 2.27631 ], [ 18.07583, 1.90884 ], [ 18.06248, 1.52754 ], [ 17.84601, 0.98035 ], [ 17.86832, 0.72207 ], [ 17.87716, 0.61969 ], [ 17.91476, 0.51601 ], [ 17.95327, 0.40982 ], [ 17.79994, 0.18135 ], [ 17.68961, -0.15173 ], [ 17.6877, -0.21865 ], [ 17.67806, -0.55665 ], [ 17.5256, -0.74997 ], [ 17.32634, -0.98762 ], [ 16.9202, -1.21137 ], [ 16.88771, -1.26119 ], [ 16.84159, -1.33191 ], [ 16.67157, -1.59261 ], [ 16.60089, -1.72143 ], [ 16.5106, -1.88602 ], [ 16.19554, -2.20023 ], [ 16.20547, -2.32655 ], [ 16.22964, -2.63425 ], [ 16.18107, -2.93723 ], [ 16.19193, -3.34978 ], [ 15.96122, -3.78903 ], [ 15.89472, -3.94697 ], [ 15.55526, -4.05829 ], [ 15.45461, -4.24655 ], [ 15.22636, -4.31509 ], [ 15.12822, -4.44415 ], [ 15.07098, -4.51216 ], [ 14.82871, -4.81575 ], [ 14.65794, -4.90982 ], [ 14.40974, -4.85448 ], [ 14.37248, -4.56324 ], [ 14.46132, -4.44072 ], [ 14.3847, -4.29684 ], [ 13.9019, -4.50145 ], [ 13.74465, -4.46054 ], [ 13.70836, -4.69064 ], [ 13.59108, -4.80208 ], [ 13.51947, -4.77197 ], [ 13.41111, -4.8599 ], [ 13.13597, -4.60984 ], [ 13.10272, -4.68399 ], [ 12.76989, -4.38828 ], [ 12.73533, -4.47963 ], [ 12.60717, -4.56707 ], [ 12.43147, -4.59494 ], [ 12.32813, -4.77644 ], [ 12.20946, -4.80263 ], [ 12.1605, -4.89776 ], [ 12.01597, -5.04097 ], [ 11.8845, -4.8549 ], [ 11.84315, -4.73711 ], [ 11.74307, -4.50983 ], [ 11.12583, -3.94192 ], [ 11.23728, -3.6925 ], [ 11.49179, -3.52732 ], [ 11.58289, -3.54802 ], [ 11.69896, -3.68801 ], [ 11.83806, -3.70528 ], [ 11.90478, -3.6535 ], [ 11.85686, -3.54402 ], [ 11.95231, -3.3205 ], [ 11.71551, -3.16804 ], [ 11.77861, -3.00065 ], [ 11.65983, -2.84954 ], [ 11.56429, -2.83789 ], [ 11.58856, -2.74477 ], [ 11.63498, -2.62639 ], [ 11.5942, -2.34873 ], [ 11.74203, -2.41434 ], [ 11.96373, -2.35309 ], [ 12.05992, -2.41505 ], [ 12.20946, -2.42412 ], [ 12.48626, -2.41805 ], [ 12.46827, -2.32912 ], [ 12.46865, -2.32655 ], [ 12.5013, -2.10534 ], [ 12.45694, -1.88 ], [ 12.62885, -1.82928 ], [ 12.75139, -1.89222 ], [ 13.0102, -2.24837 ], [ 13.0044, -2.32655 ], [ 13.00134, -2.36783 ], [ 13.47072, -2.42577 ], [ 13.57183, -2.32655 ], [ 13.77217, -2.12994 ], [ 13.89503, -2.32655 ], [ 13.90832, -2.45597 ], [ 14.11111, -2.49278 ], [ 14.21418, -2.32655 ], [ 14.18036, -2.23086 ], [ 14.27039, -1.98971 ], [ 14.37139, -1.92861 ], [ 14.47833, -1.33191 ], [ 14.46864, -1.26119 ], [ 14.45778, -1.18194 ], [ 14.42442, -0.97419 ], [ 14.51685, -0.5672 ], [ 14.37831, -0.42505 ], [ 14.20486, -0.40177 ], [ 14.11946, -0.24479 ], [ 14.0035, -0.21865 ], [ 13.91329, -0.19831 ], [ 13.89519, -0.15173 ], [ 13.87583, -0.10194 ], [ 13.94463, 0.00002 ], [ 13.88837, 0.21724 ], [ 13.95146, 0.36656 ], [ 14.06499, 0.51601 ], [ 14.10519, 0.56892 ], [ 14.34073, 0.64301 ], [ 14.3844, 0.72207 ], [ 14.47743, 0.89048 ], [ 14.27333, 1.37278 ], [ 13.83751, 1.42811 ], [ 13.549, 1.28214 ], [ 13.15338, 1.23508 ], [ 13.25137, 1.36847 ], [ 13.13642, 1.67473 ], [ 13.29486, 2.17056 ], [ 13.43091, 2.1712 ], [ 13.67978, 2.17204 ], [ 14.59752, 2.18359 ], [ 15.05458, 1.98844 ], [ 15.20496, 2.02346 ], [ 15.35124, 1.93083 ], [ 15.4868, 1.96914 ], [ 15.72718, 1.91859 ], [ 16.00136, 1.76045 ], [ 16.0631, 1.66932 ], [ 16.13126, 1.75042 ], [ 16.0622, 1.97075 ], [ 16.08707, 2.16103 ], [ 16.18961, 2.22561 ], [ 16.44054, 2.71767 ], [ 16.49805, 3.17414 ], [ 16.6105, 3.49258 ], [ 17.20229, 3.58557 ], [ 17.41566, 3.68045 ] ] ] } },
{ "type": "Feature", "properties": { "iso3": "CIV", "name": "Côte D’Ivoire" }, "geometry": { "type": "Polygon", "coordinates": [ [ [ -6.24982, 10.72297 ], [ -6.17064, 10.42249 ], [ -6.20132, 10.27591 ], [ -6.14398, 10.21905 ], [ -5.99816, 10.21142 ], [ -5.77635, 10.42587 ], [ -5.51321, 10.43079 ], [ -5.39366, 10.30843 ], [ -5.11756, 10.28842 ], [ -4.94136, 9.8883 ], [ -4.81845, 9.85019 ], [ -4.7024, 9.69955 ], [ -4.52524, 9.72765 ], [ -4.49111, 9.66353 ], [ -4.31293, 9.59672 ], [ -4.24545, 9.75597 ], [ -3.89592, 9.90573 ], [ -3.46242, 9.93103 ], [ -3.34442, 9.8873 ], [ -3.28259, 9.86439 ], [ -3.18922, 9.93551 ], [ -3.17243, 9.84964 ], [ -3.13924, 9.82359 ], [ -2.9987, 9.71328 ], [ -2.82963, 9.46236 ], [ -2.75511, 9.43183 ], [ -2.6872, 9.49167 ], [ -2.71039, 9.29155 ], [ -2.68115, 9.24797 ], [ -2.76976, 9.08175 ], [ -2.66493, 8.99618 ], [ -2.58831, 8.78788 ], [ -2.50404, 8.21817 ], [ -2.81149, 7.85684 ], [ -2.923, 7.59302 ], [ -2.97162, 7.22399 ], [ -3.07387, 7.05916 ], [ -3.11664, 7.00646 ], [ -3.13924, 6.96732 ], [ -3.21729, 6.83219 ], [ -3.2428, 6.56189 ], [ -3.13924, 6.18184 ], [ -3.01738, 5.73463 ], [ -2.78329, 5.60063 ], [ -2.72415, 5.34281 ], [ -2.77145, 5.31042 ], [ -2.75996, 5.11826 ], [ -3.10361, 5.09047 ], [ -3.13924, 5.09694 ], [ -3.34442, 5.13421 ], [ -3.8548, 5.2269 ], [ -4.21666, 5.22087 ], [ -5.45369, 5.09636 ], [ -6.0265, 4.97694 ], [ -6.90681, 4.65738 ], [ -7.52977, 4.36238 ], [ -7.59268, 4.82261 ], [ -7.54249, 5.0678 ], [ -7.38983, 5.33546 ], [ -7.40479, 5.52123 ], [ -7.39559, 5.63921 ], [ -7.46543, 5.83327 ], [ -7.7625, 5.96693 ], [ -7.91629, 6.28146 ], [ -8.18522, 6.29524 ], [ -8.60147, 6.50544 ], [ -8.34427, 6.76734 ], [ -8.29479, 7.16601 ], [ -8.47102, 7.55717 ], [ -8.37816, 7.61583 ], [ -8.20378, 7.56641 ], [ -8.0769, 7.98783 ], [ -7.94417, 8.02212 ], [ -8.01539, 8.15502 ], [ -8.22344, 8.23204 ], [ -8.23912, 8.4452 ], [ -8.16944, 8.49913 ], [ -7.99282, 8.50094 ], [ -7.67924, 8.39776 ], [ -7.69442, 8.62534 ], [ -7.78917, 8.7504 ], [ -7.93704, 8.82372 ], [ -7.90489, 9.0063 ], [ -7.72657, 9.07268 ], [ -7.8949, 9.1928 ], [ -7.88019, 9.29155 ], [ -7.86725, 9.40457 ], [ -8.04192, 9.41622 ], [ -8.14361, 9.58467 ], [ -8.10677, 9.80163 ], [ -8.14797, 9.97552 ], [ -7.97935, 10.17032 ], [ -7.83568, 10.22235 ], [ -7.62572, 10.44343 ], [ -7.47694, 10.44303 ], [ -7.35788, 10.25629 ], [ -7.17203, 10.24977 ], [ -7.05687, 10.1693 ], [ -6.93621, 10.33976 ], [ -6.65554, 10.36109 ], [ -6.64411, 10.64499 ], [ -6.43922, 10.57815 ], [ -6.39566, 10.68484 ], [ -6.24982, 10.72297 ] ] ] } },
{ "type": "Feature", "properties": { "iso3": "CMR", "name": "Cameroon" }, "geometry": { "type": "Polygon", "coordinates": [ [ [ 15.05392, 11.33811 ], [ 15.09814, 11.13022 ], [ 15.0804, 10.8119 ], [ 15.16838, 10.538 ], [ 15.63822, 9.99449 ], [ 15.43687, 9.94169 ], [ 15.2065, 9.98671 ], [ 14.73003, 9.94781 ], [ 14.20574, 9.99888 ], [ 13.98694, 9.65655 ], [ 14.33729, 9.33104 ], [ 14.37764, 9.18525 ], [ 14.50489, 9.05587 ], [ 15.10937, 8.64323 ], [ 15.22265, 8.46046 ], [ 15.46204, 7.87087 ], [ 15.58325, 7.7392 ], [ 15.49343, 7.5248 ], [ 15.21125, 7.22398 ], [ 15.08469, 6.83257 ], [ 14.93833, 6.68722 ], [ 14.77213, 6.30561 ], [ 14.41591, 6.04494 ], [ 14.59729, 5.8709 ], [ 14.61723, 5.50511 ], [ 14.54172, 5.28889 ], [ 14.66951, 5.16504 ], [ 14.68067, 5.01335 ], [ 14.73146, 4.63871 ], [ 15.06783, 4.32408 ], [ 15.12981, 4.07822 ], [ 15.10169, 3.97011 ], [ 15.24877, 3.71112 ], [ 15.77304, 3.13718 ], [ 16.03537, 2.95429 ], [ 16.08007, 2.46996 ], [ 16.18961, 2.22561 ], [ 16.08707, 2.16103 ], [ 16.0622, 1.97075 ], [ 16.13126, 1.75042 ], [ 16.0631, 1.66932 ], [ 16.00136, 1.76045 ], [ 15.72718, 1.91859 ], [ 15.4868, 1.96914 ], [ 15.35124, 1.93083 ], [ 15.20496, 2.02346 ], [ 15.05458, 1.98844 ], [ 14.59752, 2.18359 ], [ 13.67978, 2.17204 ], [ 13.43091, 2.1712 ], [ 13.29486, 2.17056 ], [ 13.18751, 2.27818 ], [ 12.73479, 2.23309 ], [ 11.67745, 2.30801 ], [ 11.41262, 2.29098 ], [ 11.35911, 2.17194 ], [ 10.35195, 2.1745 ], [ 10.01711, 2.17254 ], [ 9.86689, 2.24531 ], [ 9.82253, 2.34886 ], [ 9.96173, 3.08392 ], [ 9.90552, 3.26053 ], [ 9.8794, 3.3169 ], [ 9.82629, 3.38169 ], [ 9.64595, 3.56579 ], [ 9.64021, 3.65105 ], [ 9.58895, 3.79409 ], [ 9.61801, 3.84688 ], [ 9.6728, 3.84946 ], [ 9.69675, 3.87655 ], [ 9.67612, 3.92127 ], [ 9.63597, 3.95756 ], [ 9.6247, 3.99731 ], [ 9.53757, 4.01298 ], [ 9.518, 3.97765 ], [ 9.47129, 3.95661 ], [ 9.4203, 3.89694 ], [ 9.38282, 3.89784 ], [ 9.33613, 3.91679 ], [ 9.00377, 4.10042 ], [ 8.85777, 4.53326 ], [ 8.69663, 4.59647 ], [ 8.68143, 4.50066 ], [ 8.52573, 4.51683 ], [ 8.51069, 4.61197 ], [ 8.59214, 4.80321 ], [ 8.81268, 5.19888 ], [ 8.90313, 5.56879 ], [ 8.86602, 5.83457 ], [ 9.34909, 6.32689 ], [ 9.42926, 6.34337 ], [ 9.46737, 6.45583 ], [ 9.60154, 6.52913 ], [ 9.70491, 6.51183 ], [ 9.78385, 6.76737 ], [ 10.1254, 7.00923 ], [ 10.23503, 6.89904 ], [ 10.45802, 6.91832 ], [ 10.53416, 6.95778 ], [ 10.58482, 7.10304 ], [ 10.81669, 6.932 ], [ 10.93489, 6.71492 ], [ 11.07609, 6.68515 ], [ 11.11364, 6.53327 ], [ 11.19805, 6.51049 ], [ 11.39182, 6.52754 ], [ 11.52742, 6.64055 ], [ 11.61285, 6.95623 ], [ 11.85532, 7.10283 ], [ 11.88211, 7.35837 ], [ 12.00608, 7.53145 ], [ 12.01135, 7.67545 ], [ 12.19286, 7.95693 ], [ 12.25593, 8.17636 ], [ 12.2616, 8.4167 ], [ 12.42484, 8.51405 ], [ 12.46534, 8.62373 ], [ 12.64826, 8.6484 ], [ 12.78411, 8.77907 ], [ 12.88843, 9.11226 ], [ 12.89675, 9.38568 ], [ 13.19145, 9.56137 ], [ 13.23267, 9.65655 ], [ 13.26926, 10.04 ], [ 13.4122, 10.12152 ], [ 13.56658, 10.62754 ], [ 13.72955, 10.92221 ], [ 13.97477, 11.28567 ], [ 14.19685, 11.2679 ], [ 14.59498, 11.50389 ], [ 14.63985, 11.57981 ], [ 14.57909, 11.71557 ], [ 14.65614, 12.16569 ], [ 14.47788, 12.34348 ], [ 14.19538, 12.40247 ], [ 14.08333, 13.08333 ], [ 14.43252, 13.08008 ], [ 14.51256, 12.99496 ], [ 14.57654, 12.77065 ], [ 14.82715, 12.61129 ], [ 14.90293, 12.22486 ], [ 14.9225, 12.13833 ], [ 15.06015, 12.05429 ], [ 15.12527, 11.55298 ], [ 15.05392, 11.33811 ] ] ] } },
{ "type": "Feature", "properties": { "iso3": "GAB", "name": "Gabon" }, "geometry": { "type": "Polygon", "coordinates": [ [ [ 11.67745, 2.30801 ], [ 12.73479, 2.23309 ], [ 13.18751, 2.27818 ], [ 13.29486, 2.17056 ], [ 13.13642, 1.67473 ], [ 13.25137, 1.36847 ], [ 13.15338, 1.23508 ], [ 13.549, 1.28214 ], [ 13.83751, 1.42811 ], [ 14.27333, 1.37278 ], [ 14.47743, 0.89048 ], [ 14.3844, 0.72207 ], [ 14.34073, 0.64301 ], [ 14.10519, 0.56892 ], [ 14.06499, 0.51601 ], [ 13.95146, 0.36656 ], [ 13.88837, 0.21724 ], [ 13.94463, 0.00002 ], [ 13.87583, -0.10194 ], [ 13.89519, -0.15173 ], [ 13.91329, -0.19831 ], [ 14.0035, -0.21865 ], [ 14.11946, -0.24479 ], [ 14.20486, -0.40177 ], [ 14.37831, -0.42505 ], [ 14.51685, -0.5672 ], [ 14.42442, -0.97419 ], [ 14.45778, -1.18194 ], [ 14.46864, -1.26119 ], [ 14.47833, -1.33191 ], [ 14.37139, -1.92861 ], [ 14.27039, -1.98971 ], [ 14.18036, -2.23086 ], [ 14.21418, -2.32655 ], [ 14.11111, -2.49278 ], [ 13.90832, -2.45597 ], [ 13.89503, -2.32655 ], [ 13.77217, -2.12994 ], [ 13.57183, -2.32655 ], [ 13.47072, -2.42577 ], [ 13.00134, -2.36783 ], [ 13.0044, -2.32655 ], [ 13.0102, -2.24837 ], [ 12.75139, -1.89222 ], [ 12.62885, -1.82928 ], [ 12.45694, -1.88 ], [ 12.5013, -2.10534 ], [ 12.46865, -2.32655 ], [ 12.46827, -2.32912 ], [ 12.48626, -2.41805 ], [ 12.20946, -2.42412 ], [ 12.05992, -2.41505 ], [ 11.96373, -2.35309 ], [ 11.74203, -2.41434 ], [ 11.5942, -2.34873 ], [ 11.63498, -2.62639 ], [ 11.58856, -2.74477 ], [ 11.56429, -2.83789 ], [ 11.65983, -2.84954 ], [ 11.77861, -3.00065 ], [ 11.71551, -3.16804 ], [ 11.95231, -3.3205 ], [ 11.85686, -3.54402 ], [ 11.90478, -3.6535 ], [ 11.83806, -3.70528 ], [ 11.69896, -3.68801 ], [ 11.58289, -3.54802 ], [ 11.49179, -3.52732 ], [ 11.23728, -3.6925 ], [ 11.12583, -3.94192 ], [ 10.66684, -3.45119 ], [ 10.63174, -3.32734 ], [ 10.43296, -3.11438 ], [ 10.02553, -2.79718 ], [ 9.65663, -2.42761 ], [ 9.58723, -2.32655 ], [ 9.31454, -1.92949 ], [ 9.04385, -1.33191 ], [ 9.00825, -1.26119 ], [ 8.77461, -0.79708 ], [ 9.11411, -0.65278 ], [ 9.26043, -0.4371 ], [ 9.30384, -0.24729 ], [ 9.3189, 0.22727 ], [ 9.38847, 0.41126 ], [ 9.35571, 0.54957 ], [ 9.58307, 0.62983 ], [ 9.59459, 0.72207 ], [ 9.58915, 1.02334 ], [ 9.72218, 1.05762 ], [ 9.95403, 0.93709 ], [ 10.02379, 0.99732 ], [ 10.19648, 1.00272 ], [ 10.46583, 1.00222 ], [ 10.67966, 1.00258 ], [ 10.75033, 1.0027 ], [ 10.95185, 1.00303 ], [ 11.34383, 1.02451 ], [ 11.34786, 1.67434 ], [ 11.37367, 1.69719 ], [ 11.37861, 1.75339 ], [ 11.39757, 1.86098 ], [ 11.34932, 1.91526 ], [ 11.35444, 2.13445 ], [ 11.35911, 2.17194 ], [ 11.41262, 2.29098 ], [ 11.67745, 2.30801 ] ] ] } },
{ "type": "Feature", "properties": { "iso3": "GHA", "name": "Ghana" }, "geometry": { "type": "Polygon", "coordinates": [ [ [ 0.02407, 11.02768 ], [ -0.08905, 10.71354 ], [ 0.21637, 10.43238 ], [ 0.34683, 10.31229 ], [ 0.40952, 10.0208 ], [ 0.36645, 9.93153 ], [ 0.33004, 9.74574 ], [ 0.36955, 9.65655 ], [ 0.26065, 9.56116 ], [ 0.25477, 9.4543 ], [ 0.44972, 9.48749 ], [ 0.55178, 9.40643 ], [ 0.46642, 9.07129 ], [ 0.52034, 8.87115 ], [ 0.38265, 8.73952 ], [ 0.67076, 8.3901 ], [ 0.71947, 8.33102 ], [ 0.67076, 8.24965 ], [ 0.59797, 8.12805 ], [ 0.62061, 7.90569 ], [ 0.52658, 7.53661 ], [ 0.54747, 7.43889 ], [ 0.63656, 7.37705 ], [ 0.64334, 7.26306 ], [ 0.54477, 6.83876 ], [ 0.67076, 6.60381 ], [ 0.71696, 6.51765 ], [ 0.88151, 6.35737 ], [ 1.00331, 6.31609 ], [ 1.08918, 6.18476 ], [ 1.19683, 6.16856 ], [ 1.19697, 6.16733 ], [ 1.19853, 6.09867 ], [ 1.08323, 6.04107 ], [ 0.92993, 5.79991 ], [ 0.67226, 5.77428 ], [ 0.2075, 5.74302 ], [ -0.40648, 5.47091 ], [ -0.7966, 5.22338 ], [ -0.9328, 5.19039 ], [ -1.07918, 5.15493 ], [ -1.58072, 5.03343 ], [ -1.77273, 4.87624 ], [ -1.94854, 4.79869 ], [ -2.05743, 4.75066 ], [ -2.33303, 4.91739 ], [ -3.10361, 5.09047 ], [ -2.75996, 5.11826 ], [ -2.77145, 5.31042 ], [ -2.72415, 5.34281 ], [ -2.78329, 5.60063 ], [ -3.01738, 5.73463 ], [ -3.13924, 6.18184 ], [ -3.2428, 6.56189 ], [ -3.21729, 6.83219 ], [ -3.13924, 6.96732 ], [ -3.11664, 7.00646 ], [ -3.07387, 7.05916 ], [ -2.97162, 7.22399 ], [ -2.923, 7.59302 ], [ -2.81149, 7.85684 ], [ -2.50404, 8.21817 ], [ -2.58831, 8.78788 ], [ -2.66493, 8.99618 ], [ -2.76976, 9.08175 ], [ -2.68115, 9.24797 ], [ -2.71039, 9.29155 ], [ -2.6872, 9.49167 ], [ -2.7456, 9.64129 ], [ -2.79017, 10.15914 ], [ -2.81976, 10.41377 ], [ -2.93835, 10.7077 ], [ -2.81718, 10.99045 ], [ -2.71517, 11.00227 ], [ -1.94854, 11.01343 ], [ -1.42631, 11.02103 ], [ -1.07918, 11.00822 ], [ -0.9328, 11.00282 ], [ -0.7966, 10.99779 ], [ -0.6842, 10.99736 ], [ -0.61849, 10.93605 ], [ -0.39801, 11.11085 ], [ -0.13623, 11.13951 ], [ 0.02407, 11.02768 ] ] ] } },
{ "type": "Feature", "properties": { "iso3": "EGY", "name": "Egypt" }, "geometry": { "type": "MultiPolygon", "coordinates": [ [ [ [ 25.91445, 31.62209 ], [ 26.96756, 31.43602 ], [ 27.32776, 31.35688 ], [ 27.47756, 31.2129 ], [ 27.84182, 31.22652 ], [ 27.94293, 31.10314 ], [ 28.45105, 31.07552 ], [ 29.06124, 30.82667 ], [ 29.3172, 30.87257 ], [ 29.58756, 31.00005 ], [ 30.00429, 31.28077 ], [ 30.08766, 31.28228 ], [ 30.26526, 31.32185 ], [ 30.37128, 31.45895 ], [ 31.08394, 31.59307 ], [ 31.37848, 31.51563 ], [ 31.49154, 31.46147 ], [ 31.52587, 31.45105 ], [ 31.56903, 31.44251 ], [ 31.61409, 31.44832 ], [ 31.96462, 31.50225 ], [ 32.20172, 31.29189 ], [ 32.33229, 31.25611 ], [ 32.57802, 31.06594 ], [ 32.99198, 31.0771 ], [ 33.05662, 31.18587 ], [ 33.16933, 31.05978 ], [ 33.38507, 31.14413 ], [ 33.7563, 31.13522 ], [ 34.21889, 31.32347 ], [ 34.2675, 31.22013 ], [ 34.83399, 29.79526 ], [ 34.87598, 29.55889 ], [ 34.90258, 29.49063 ], [ 34.7533, 29.31407 ], [ 34.61488, 28.72308 ], [ 34.42513, 28.3506 ], [ 34.42152, 27.99561 ], [ 34.23634, 27.7817 ], [ 34.0979, 27.79646 ], [ 33.83497, 27.9699 ], [ 33.38507, 28.41645 ], [ 33.21924, 28.61684 ], [ 33.1628, 29.0056 ], [ 32.85679, 29.2807 ], [ 32.63234, 29.80719 ], [ 32.57813, 29.92723 ], [ 32.49385, 29.9316 ], [ 32.3534, 29.60276 ], [ 32.57866, 29.35729 ], [ 32.65345, 29.12655 ], [ 32.64083, 28.95583 ], [ 32.86827, 28.59368 ], [ 33.38507, 28.0315 ], [ 33.55624, 27.8805 ], [ 33.49717, 27.80642 ], [ 33.51443, 27.63003 ], [ 33.83796, 27.23078 ], [ 33.98117, 26.86886 ], [ 33.94441, 26.68839 ], [ 34.07106, 26.50575 ], [ 34.63251, 25.56998 ], [ 35.16668, 24.48481 ], [ 35.61756, 24.02359 ], [ 35.73245, 23.96873 ], [ 35.68444, 23.92324 ], [ 35.49549, 23.94652 ], [ 35.5089, 23.7627 ], [ 35.49483, 23.4923 ], [ 35.61959, 23.1461 ], [ 35.21682, 22.80359 ], [ 34.9457, 22.8362 ], [ 34.68342, 22.31073 ], [ 34.17761, 22.2037 ], [ 34.07986, 22.00001 ], [ 33.41306, 22.0 ], [ 33.16666, 22.0 ], [ 32.54258, 22.0 ], [ 31.49311, 22.00384 ], [ 31.43302, 22.14054 ], [ 31.29679, 22.0222 ], [ 31.09815, 22.0 ], [ 25.0, 22.0 ], [ 25.00165, 22.33891 ], [ 25.00143, 22.48655 ], [ 24.99861, 24.38436 ], [ 24.99829, 24.52275 ], [ 24.99698, 25.08158 ], [ 24.99727, 25.25521 ], [ 24.99784, 25.58574 ], [ 24.99871, 26.09725 ], [ 24.99897, 26.24896 ], [ 24.99932, 26.45141 ], [ 24.99941, 26.50575 ], [ 25.00034, 27.04972 ], [ 25.00032, 27.13915 ], [ 25.00027, 27.35128 ], [ 25.00019, 27.74891 ], [ 25.00194, 28.09333 ], [ 24.99351, 29.23537 ], [ 24.88651, 29.49926 ], [ 24.81579, 29.91718 ], [ 24.6687, 30.15198 ], [ 24.88395, 30.45607 ], [ 24.99881, 30.76716 ], [ 24.86484, 31.15503 ], [ 24.85994, 31.378 ], [ 25.14201, 31.67131 ], [ 25.14844, 31.65368 ], [ 25.17999, 31.5507 ], [ 25.27146, 31.51309 ], [ 25.91445, 31.62209 ] ] ], [ [ [ 33.70007, 27.59837 ], [ 33.80092, 27.61983 ], [ 33.83456, 27.54617 ], [ 33.77669, 27.50923 ], [ 33.70007, 27.59837 ] ] ] ] } },
{ "type": "Feature", "properties": { "iso3": "ESH", "name": "Western Sahara" }, "geometry": { "type": "MultiPolygon", "coordinates": [ [ [ [ -16.01318, 23.69074 ], [ -15.96235, 23.76438 ], [ -15.88022, 23.74418 ], [ -15.90978, 23.66413 ], [ -16.01318, 23.69074 ] ] ], [ [ [ -8.6676, 27.13613 ], [ -8.70075, 26.00507 ], [ -12.00054, 25.99633 ], [ -12.0, 24.38543 ], [ -12.01516, 23.46535 ], [ -12.66388, 23.23342 ], [ -13.00464, 23.01248 ], [ -13.15029, 22.75751 ], [ -13.079, 22.4847 ], [ -13.01556, 21.57667 ], [ -13.0459, 21.33933 ], [ -14.30119, 21.34174 ], [ -16.91938, 21.33207 ], [ -16.95677, 21.29657 ], [ -17.05721, 20.92686 ], [ -17.04976, 20.77011 ], [ -17.09252, 20.87771 ], [ -16.95857, 21.79807 ], [ -16.78077, 22.18673 ], [ -16.46417, 22.38595 ], [ -16.29907, 22.83525 ], [ -16.16181, 22.98574 ], [ -16.18141, 23.11214 ], [ -15.75365, 23.77806 ], [ -15.7445, 23.9463 ], [ -14.90491, 24.68323 ], [ -14.82814, 24.94 ], [ -14.81825, 25.31447 ], [ -14.51616, 25.95505 ], [ -14.45708, 26.19419 ], [ -14.17846, 26.41363 ], [ -13.62641, 26.68227 ], [ -13.2454, 27.47222 ], [ -13.17279, 27.66654 ], [ -11.80241, 27.66653 ], [ -10.02869, 27.66653 ], [ -9.90384, 27.66653 ], [ -9.87017, 27.66653 ], [ -9.71207, 27.66653 ], [ -9.54854, 27.66653 ], [ -9.43973, 27.66653 ], [ -9.3444, 27.66653 ], [ -9.2311, 27.66653 ], [ -8.91821, 27.66653 ], [ -8.81135, 27.66653 ], [ -8.75975, 27.66659 ], [ -8.66799, 27.66668 ], [ -8.66812, 27.31494 ], [ -8.6676, 27.13613 ] ] ] ] } },
{ "type": "Feature", "properties": { "iso3": "ERI", "name": "Eritrea" }, "geometry": { "type": "MultiPolygon", "coordinates": [ [ [ [ 39.83696, 15.34182 ], [ 39.92993, 15.37906 ], [ 40.13226, 15.13948 ], [ 40.22015, 15.10931 ], [ 40.251, 15.00334 ], [ 40.51394, 14.94543 ], [ 40.68268, 14.89402 ], [ 40.82491, 14.72903 ], [ 41.19929, 14.57943 ], [ 41.66902, 13.99152 ], [ 41.93419, 13.86048 ], [ 42.22911, 13.61241 ], [ 42.41471, 13.24315 ], [ 42.59599, 13.13598 ], [ 42.80105, 12.90836 ], [ 42.84645, 12.9098 ], [ 42.83876, 12.97653 ], [ 42.90141, 12.96279 ], [ 43.12655, 12.70978 ], [ 42.89744, 12.61148 ], [ 42.79763, 12.42803 ], [ 42.7099, 12.37568 ], [ 42.50658, 12.50458 ], [ 42.40418, 12.46862 ], [ 42.21563, 12.74824 ], [ 42.05394, 12.82347 ], [ 41.63485, 13.37811 ], [ 41.25361, 13.61611 ], [ 40.93805, 14.07939 ], [ 40.36499, 14.36625 ], [ 40.2147, 14.41006 ], [ 40.12096, 14.53477 ], [ 39.98238, 14.44418 ], [ 39.90033, 14.44247 ], [ 39.63922, 14.60431 ], [ 39.27537, 14.43858 ], [ 39.22218, 14.56356 ], [ 39.08645, 14.64216 ], [ 38.83933, 14.48772 ], [ 38.49351, 14.41573 ], [ 38.36868, 14.49423 ], [ 38.26175, 14.67446 ], [ 38.07704, 14.7079 ], [ 37.90482, 14.86379 ], [ 37.52922, 14.21144 ], [ 37.28467, 14.43616 ], [ 37.15369, 14.40347 ], [ 37.05344, 14.26724 ], [ 36.71168, 14.31303 ], [ 36.5603, 14.25751 ], [ 36.44169, 15.1318 ], [ 36.55295, 15.26585 ], [ 36.69207, 15.72276 ], [ 36.97222, 16.29417 ], [ 36.90374, 16.56397 ], [ 37.00384, 16.78133 ], [ 36.99361, 17.06916 ], [ 37.18338, 17.02254 ], [ 37.39603, 17.06813 ], [ 37.52144, 17.31407 ], [ 38.04139, 17.54556 ], [ 38.25388, 17.55554 ], [ 38.58253, 18.02048 ], [ 38.94391, 17.29874 ], [ 39.30019, 15.98118 ], [ 39.67773, 15.24688 ], [ 39.77777, 15.19124 ], [ 39.83696, 15.34182 ] ] ], [ [ [ 40.32342, 15.55806 ], [ 40.22056, 15.60101 ], [ 40.23626, 15.68117 ], [ 40.29166, 15.69762 ], [ 40.43001, 15.58018 ], [ 40.32342, 15.55806 ] ] ], [ [ [ 40.70832, 15.72434 ], [ 40.81134, 15.74334 ], [ 40.8401, 15.71317 ], [ 40.77815, 15.62368 ], [ 40.70832, 15.72434 ] ] ], [ [ [ 40.02226, 15.85952 ], [ 40.09697, 15.84358 ], [ 40.18907, 15.60584 ], [ 40.06051, 15.57941 ], [ 40.04804, 15.6845 ], [ 39.90608, 15.76521 ], [ 40.02226, 15.85952 ] ] ], [ [ [ 39.94264, 16.0176 ], [ 40.02248, 16.07868 ], [ 40.11086, 16.04905 ], [ 40.05167, 15.9882 ], [ 39.94264, 16.0176 ] ] ], [ [ [ 40.15093, 16.04426 ], [ 40.09859, 16.05731 ], [ 40.12355, 16.13495 ], [ 40.16193, 16.15641 ], [ 40.17393, 16.1087 ], [ 40.15093, 16.04426 ] ] ] ] } },
{ "type": "Feature", "properties": { "iso3": "ETH", "name": "Ethiopia" }, "geometry": { "type": "Polygon", "coordinates": [ [ [ 38.36868, 14.49423 ], [ 38.49351, 14.41573 ], [ 38.83933, 14.48772 ], [ 39.08645, 14.64216 ], [ 39.22218, 14.56356 ], [ 39.27537, 14.43858 ], [ 39.63922, 14.60431 ], [ 39.90033, 14.44247 ], [ 39.98238, 14.44418 ], [ 40.12096, 14.53477 ], [ 40.2147, 14.41006 ], [ 40.36499, 14.36625 ], [ 40.93805, 14.07939 ], [ 41.25361, 13.61611 ], [ 41.63485, 13.37811 ], [ 42.05394, 12.82347 ], [ 42.21563, 12.74824 ], [ 42.40418, 12.46862 ], [ 42.03987, 11.93207 ], [ 41.80186, 11.60747 ], [ 41.79388, 10.99009 ], [ 42.03376, 10.92903 ], [ 42.60428, 11.07015 ], [ 42.96164, 10.98441 ], [ 42.73947, 10.67259 ], [ 42.72122, 10.56274 ], [ 42.86718, 10.22403 ], [ 43.09078, 9.92297 ], [ 43.24605, 9.83556 ], [ 43.28622, 9.67367 ], [ 43.46406, 9.43825 ], [ 43.6794, 9.31464 ], [ 44.00143, 9.01249 ], [ 44.69, 8.77253 ], [ 44.79943, 8.73619 ], [ 47.01189, 8.00074 ], [ 47.91991, 7.9999 ], [ 47.91371, 7.93174 ], [ 47.55707, 7.56095 ], [ 46.52148, 6.53052 ], [ 45.41093, 5.53638 ], [ 45.00017, 4.95437 ], [ 44.79943, 4.92656 ], [ 44.58958, 4.93191 ], [ 44.01527, 4.93884 ], [ 43.46927, 4.80604 ], [ 43.08058, 4.59723 ], [ 42.88416, 4.30698 ], [ 42.52149, 4.20531 ], [ 42.10542, 4.17475 ], [ 41.94721, 4.04888 ], [ 41.90675, 3.98268 ], [ 41.19558, 3.95225 ], [ 41.05586, 4.04888 ], [ 40.90842, 4.15733 ], [ 40.85699, 4.23386 ], [ 40.77257, 4.28043 ], [ 40.22992, 4.04888 ], [ 39.88863, 3.87828 ], [ 39.78524, 3.69864 ], [ 39.54976, 3.42228 ], [ 39.32171, 3.47873 ], [ 39.09155, 3.53449 ], [ 38.89054, 3.52147 ], [ 38.55106, 3.62916 ], [ 38.13301, 3.61983 ], [ 37.50997, 4.04888 ], [ 37.01615, 4.3847 ], [ 36.71541, 4.44033 ], [ 36.0509, 4.44666 ], [ 35.94423, 4.61914 ], [ 35.82133, 4.80321 ], [ 35.84516, 5.30354 ], [ 35.74143, 5.37623 ], [ 35.51024, 5.41143 ], [ 35.30864, 5.36425 ], [ 35.29524, 5.4994 ], [ 35.1448, 5.62163 ], [ 35.01117, 5.88954 ], [ 34.98561, 6.31265 ], [ 34.94652, 6.52899 ], [ 34.22912, 7.02889 ], [ 33.87355, 7.53519 ], [ 33.49416, 7.73585 ], [ 33.05862, 7.80324 ], [ 33.00802, 7.88463 ], [ 33.03648, 7.98787 ], [ 33.1753, 8.14801 ], [ 33.22059, 8.4145 ], [ 33.60567, 8.45653 ], [ 33.81672, 8.38929 ], [ 34.04909, 8.51707 ], [ 34.14552, 8.65285 ], [ 34.14552, 8.96331 ], [ 34.14535, 9.03459 ], [ 34.10597, 9.5 ], [ 34.11322, 9.65655 ], [ 34.32912, 10.15548 ], [ 34.2994, 10.5419 ], [ 34.42416, 10.75354 ], [ 34.60097, 10.87048 ], [ 34.82682, 10.73227 ], [ 34.95302, 10.85852 ], [ 34.99183, 11.15225 ], [ 34.94838, 11.24971 ], [ 35.07715, 11.5232 ], [ 35.06472, 11.69917 ], [ 35.11135, 11.83496 ], [ 35.26165, 11.92887 ], [ 35.69944, 12.66583 ], [ 36.13807, 12.73252 ], [ 36.23483, 13.31278 ], [ 36.42722, 13.70222 ], [ 36.46092, 13.7809 ], [ 36.46005, 13.99435 ], [ 36.5603, 14.25751 ], [ 36.71168, 14.31303 ], [ 37.05344, 14.26724 ], [ 37.15369, 14.40347 ], [ 37.28467, 14.43616 ], [ 37.52922, 14.21144 ], [ 37.90482, 14.86379 ], [ 38.07704, 14.7079 ], [ 38.26175, 14.67446 ], [ 38.36868, 14.49423 ] ] ] } },
{ "type": "Feature", "properties": { "iso3": "GMB", "name": "Gambia" }, "geometry": { "type": "Polygon", "coordinates": [ [ [ -14.54445, 13.6381 ], [ -14.44885, 13.52755 ], [ -14.30408, 13.46527 ], [ -13.98251, 13.57127 ], [ -13.86612, 13.50733 ], [ -13.80915, 13.42323 ], [ -13.8446, 13.34937 ], [ -14.19715, 13.23823 ], [ -14.37219, 13.24354 ], [ -14.54933, 13.3245 ], [ -15.08498, 13.57836 ], [ -15.17026, 13.55 ], [ -15.33908, 13.36025 ], [ -15.75556, 13.35601 ], [ -15.80438, 13.24111 ], [ -15.80453, 13.16765 ], [ -15.895, 13.16821 ], [ -16.64849, 13.16512 ], [ -16.74716, 13.06395 ], [ -16.79781, 13.35543 ], [ -16.68421, 13.46746 ], [ -16.59584, 13.46616 ], [ -16.57136, 13.45729 ], [ -16.56027, 13.47188 ], [ -16.54732, 13.59007 ], [ -16.08776, 13.59247 ], [ -15.52298, 13.58892 ], [ -15.46227, 13.6357 ], [ -15.40968, 13.7447 ], [ -15.0563, 13.81842 ], [ -14.82889, 13.75667 ], [ -14.76305, 13.64172 ], [ -14.54445, 13.6381 ] ] ] } },
{ "type": "Feature", "properties": { "iso3": "GIN", "name": "Guinea" }, "geometry": { "type": "Polygon", "coordinates": [ [ [ -13.0671, 12.61358 ], [ -13.03894, 12.49243 ], [ -12.8948, 12.53724 ], [ -12.5685, 12.37028 ], [ -12.45848, 12.39678 ], [ -12.34229, 12.33357 ], [ -12.06057, 12.42143 ], [ -11.77859, 12.38974 ], [ -11.55981, 12.43902 ], [ -11.37683, 12.41238 ], [ -11.49493, 12.21463 ], [ -11.29217, 12.02006 ], [ -11.17051, 12.03331 ], [ -10.99304, 12.22334 ], [ -10.89186, 12.18735 ], [ -10.76387, 11.95636 ], [ -10.67186, 11.92134 ], [ -10.50229, 12.10754 ], [ -10.33554, 12.19621 ], [ -10.08958, 12.15033 ], [ -9.72047, 12.04613 ], [ -9.62953, 12.16464 ], [ -9.3446, 12.27212 ], [ -9.35213, 12.48615 ], [ -9.04414, 12.42957 ], [ -8.95763, 12.33792 ], [ -8.97152, 12.22924 ], [ -8.8893, 12.06108 ], [ -8.78465, 11.96912 ], [ -8.82962, 11.66482 ], [ -8.6977, 11.61401 ], [ -8.61425, 11.49684 ], [ -8.53195, 11.49247 ], [ -8.40312, 11.30808 ], [ -8.54404, 11.18411 ], [ -8.61627, 11.02772 ], [ -8.43301, 11.05653 ], [ -8.31997, 11.01537 ], [ -8.29289, 10.57556 ], [ -8.22295, 10.45698 ], [ -7.99968, 10.32716 ], [ -7.97935, 10.17032 ], [ -8.14797, 9.97552 ], [ -8.10677, 9.80163 ], [ -8.14361, 9.58467 ], [ -8.04192, 9.41622 ], [ -7.86725, 9.40457 ], [ -7.88019, 9.29155 ], [ -7.8949, 9.1928 ], [ -7.72657, 9.07268 ], [ -7.90489, 9.0063 ], [ -7.93704, 8.82372 ], [ -7.78917, 8.7504 ], [ -7.69442, 8.62534 ], [ -7.67924, 8.39776 ], [ -7.99282, 8.50094 ], [ -8.16944, 8.49913 ], [ -8.23912, 8.4452 ], [ -8.22344, 8.23204 ], [ -8.01539, 8.15502 ], [ -7.94417, 8.02212 ], [ -8.0769, 7.98783 ], [ -8.20378, 7.56641 ], [ -8.37816, 7.61583 ], [ -8.47102, 7.55717 ], [ -8.58178, 7.69578 ], [ -8.68691, 7.66821 ], [ -8.72566, 7.5065 ], [ -8.81408, 7.40796 ], [ -8.85536, 7.29425 ], [ -9.10819, 7.1906 ], [ -9.29944, 7.4128 ], [ -9.48099, 7.36587 ], [ -9.34922, 7.74647 ], [ -9.42967, 7.87934 ], [ -9.41888, 8.04352 ], [ -9.50449, 8.35303 ], [ -9.66292, 8.48426 ], [ -9.90049, 8.49914 ], [ -10.03214, 8.44609 ], [ -10.10519, 8.5187 ], [ -10.27991, 8.485 ], [ -10.38184, 8.47312 ], [ -10.53982, 8.32681 ], [ -10.62884, 8.36445 ], [ -10.6194, 8.50929 ], [ -10.48128, 8.67765 ], [ -10.58108, 9.03147 ], [ -10.57339, 9.04945 ], [ -10.72063, 9.10766 ], [ -10.65691, 9.29155 ], [ -10.81253, 9.40869 ], [ -10.93637, 9.67518 ], [ -11.20062, 9.9802 ], [ -11.49039, 9.99995 ], [ -11.55981, 9.99993 ], [ -11.85549, 9.99673 ], [ -11.90688, 9.94018 ], [ -12.11994, 9.87227 ], [ -12.26231, 9.91251 ], [ -12.44022, 9.8555 ], [ -12.80107, 9.31285 ], [ -13.04832, 9.1034 ], [ -13.30123, 9.03608 ], [ -13.32767, 9.25105 ], [ -13.40925, 9.29155 ], [ -13.52153, 9.4898 ], [ -13.64366, 9.59182 ], [ -13.60813, 9.75337 ], [ -13.74289, 9.77451 ], [ -13.68994, 9.89992 ], [ -13.6874, 9.9625 ], [ -13.81863, 9.87693 ], [ -14.43147, 10.23907 ], [ -14.62239, 10.47856 ], [ -14.6335, 10.63492 ], [ -14.76249, 10.74134 ], [ -14.81474, 10.95692 ], [ -14.87871, 10.93833 ], [ -14.93698, 10.81244 ], [ -15.02798, 10.83328 ], [ -14.95928, 10.97592 ], [ -14.95778, 10.97923 ], [ -14.75084, 11.40118 ], [ -14.66361, 11.49014 ], [ -14.4113, 11.55675 ], [ -14.27459, 11.66553 ], [ -14.08121, 11.62754 ], [ -13.71895, 11.72476 ], [ -13.7077, 11.98802 ], [ -13.81474, 12.09645 ], [ -13.91998, 12.15097 ], [ -13.91406, 12.21556 ], [ -13.69327, 12.29385 ], [ -13.6521, 12.47618 ], [ -13.70815, 12.67562 ], [ -13.34507, 12.65839 ], [ -13.13425, 12.64216 ], [ -13.0671, 12.61358 ] ] ] } },
{ "type": "Feature", "properties": { "iso3": "GNQ", "name": "Equatorial Guinea" }, "geometry": { "type": "MultiPolygon", "coordinates": [ [ [ [ 5.6094, -1.48902 ], [ 5.58585, -1.37791 ], [ 5.63398, -1.36363 ], [ 5.67115, -1.40316 ], [ 5.65388, -1.50527 ], [ 5.6094, -1.48902 ] ] ], [ [ [ 11.35444, 2.13445 ], [ 11.3261, 2.0485 ], [ 11.34842, 1.91612 ], [ 11.34801, 1.74207 ], [ 11.34786, 1.67434 ], [ 11.34383, 1.02451 ], [ 10.95185, 1.00303 ], [ 10.94959, 1.02734 ], [ 10.78712, 1.02653 ], [ 10.67966, 1.00258 ], [ 10.46583, 1.00222 ], [ 10.19648, 1.00272 ], [ 10.02379, 0.99732 ], [ 9.95403, 0.93709 ], [ 9.72218, 1.05762 ], [ 9.58915, 1.02334 ], [ 9.52575, 1.11383 ], [ 9.39201, 1.12618 ], [ 9.35976, 1.19658 ], [ 9.79334, 1.90979 ], [ 9.82253, 2.34886 ], [ 9.86689, 2.24531 ], [ 10.01711, 2.17254 ], [ 10.35195, 2.1745 ], [ 11.35911, 2.17194 ], [ 11.35444, 2.13445 ] ] ], [ [ [ 8.5727, 3.49544 ], [ 8.61124, 3.64675 ], [ 8.70117, 3.76153 ], [ 8.8976, 3.74659 ], [ 8.91994, 3.63489 ], [ 8.8431, 3.50557 ], [ 8.68263, 3.23009 ], [ 8.46421, 3.27728 ], [ 8.43694, 3.39505 ], [ 8.5727, 3.49544 ] ] ] ] } },
{ "type": "Feature", "properties": { "iso3": "GNB", "name": "Guinea-Bissau" }, "geometry": { "type": "MultiPolygon", "coordinates": [ [ [ [ -15.9331, 11.03031 ], [ -16.25078, 11.06599 ], [ -16.112, 11.20353 ], [ -15.91623, 11.17107 ], [ -15.87484, 11.09196 ], [ -15.9331, 11.03031 ] ] ], [ [ [ -15.80327, 11.18583 ], [ -15.73475, 11.30322 ], [ -15.64995, 11.30834 ], [ -15.71579, 11.17821 ], [ -15.80327, 11.18583 ] ] ], [ [ [ -15.92279, 11.21595 ], [ -15.87162, 11.28971 ], [ -15.83176, 11.3049 ], [ -15.84461, 11.19553 ], [ -15.92279, 11.21595 ] ] ], [ [ [ -16.31221, 11.22568 ], [ -16.25473, 11.30097 ], [ -16.18329, 11.29279 ], [ -16.18858, 11.21022 ], [ -16.31221, 11.22568 ] ] ], [ [ [ -15.8239, 11.35519 ], [ -15.77105, 11.37371 ], [ -15.78326, 11.31721 ], [ -15.84292, 11.31313 ], [ -15.8239, 11.35519 ] ] ], [ [ [ -16.13411, 11.46886 ], [ -16.01284, 11.55947 ], [ -15.88074, 11.55404 ], [ -15.96566, 11.4447 ], [ -16.13411, 11.46886 ] ] ], [ [ [ -16.3982, 11.52194 ], [ -16.24707, 11.55802 ], [ -16.16728, 11.47123 ], [ -16.26822, 11.44887 ], [ -16.3982, 11.52194 ] ] ], [ [ [ -13.90483, 12.67602 ], [ -13.70815, 12.67562 ], [ -13.6521, 12.47618 ], [ -13.69327, 12.29385 ], [ -13.91406, 12.21556 ], [ -13.91998, 12.15097 ], [ -13.81474, 12.09645 ], [ -13.7077, 11.98802 ], [ -13.71895, 11.72476 ], [ -14.08121, 11.62754 ], [ -14.27459, 11.66553 ], [ -14.4113, 11.55675 ], [ -14.66361, 11.49014 ], [ -14.75084, 11.40118 ], [ -14.95778, 10.97923 ], [ -15.05996, 10.93999 ], [ -15.1167, 11.03969 ], [ -15.2348, 11.00948 ], [ -15.23772, 11.09358 ], [ -15.37685, 11.17782 ], [ -15.43545, 11.31783 ], [ -15.49522, 11.34153 ], [ -15.48826, 11.40118 ], [ -15.42137, 11.52997 ], [ -15.54606, 11.55173 ], [ -15.45157, 11.64023 ], [ -15.52643, 11.72633 ], [ -15.42936, 11.86254 ], [ -15.017, 11.94744 ], [ -14.99176, 11.96542 ], [ -15.06003, 11.9834 ], [ -15.19624, 11.91439 ], [ -15.38922, 11.96054 ], [ -15.53845, 11.89074 ], [ -15.64541, 11.80414 ], [ -15.6616, 11.79512 ], [ -15.94874, 11.7617 ], [ -15.79461, 12.01396 ], [ -15.99666, 11.91002 ], [ -16.07581, 11.77914 ], [ -16.17086, 11.8893 ], [ -16.28685, 11.87418 ], [ -16.27296, 11.96964 ], [ -16.34479, 12.09645 ], [ -16.71726, 12.33953 ], [ -16.16333, 12.46274 ], [ -15.89001, 12.45028 ], [ -15.67865, 12.43379 ], [ -15.48084, 12.51534 ], [ -15.12243, 12.68582 ], [ -14.9129, 12.67825 ], [ -14.63996, 12.6775 ], [ -14.50944, 12.67713 ], [ -14.42624, 12.67972 ], [ -14.32338, 12.67651 ], [ -14.28743, 12.67681 ], [ -13.96654, 12.67615 ], [ -13.90483, 12.67602 ] ] ] ] } },
{ "type": "Feature", "properties": { "iso3": "KEN", "name": "Kenya" }, "geometry": { "type": "MultiPolygon", "coordinates": [ [ [ [ 40.98461, -2.12911 ], [ 41.11324, -2.04332 ], [ 41.16543, -2.06128 ], [ 41.07784, -2.16302 ], [ 40.98461, -2.12911 ] ] ], [ [ [ 38.55106, 3.62916 ], [ 38.89054, 3.52147 ], [ 39.09155, 3.53449 ], [ 39.32171, 3.47873 ], [ 39.54976, 3.42228 ], [ 39.78524, 3.69864 ], [ 39.88863, 3.87828 ], [ 40.22992, 4.04888 ], [ 40.77257, 4.28043 ], [ 40.85699, 4.23386 ], [ 40.90842, 4.15733 ], [ 41.05586, 4.04888 ], [ 41.19558, 3.95225 ], [ 41.90675, 3.98268 ], [ 41.32488, 3.16197 ], [ 41.00214, 2.82955 ], [ 40.99155, 2.17626 ], [ 40.99326, 1.23078 ], [ 40.99419, 0.72207 ], [ 40.99438, 0.6133 ], [ 40.99456, 0.51601 ], [ 40.99466, 0.46134 ], [ 40.99647, -0.15173 ], [ 40.99667, -0.21865 ], [ 40.99844, -0.81859 ], [ 41.31598, -1.26119 ], [ 41.36672, -1.33191 ], [ 41.54592, -1.58313 ], [ 41.55938, -1.66207 ], [ 41.32313, -1.9289 ], [ 41.15739, -1.95342 ], [ 40.97925, -2.06908 ], [ 40.94459, -2.2731 ], [ 40.776, -2.32655 ], [ 40.80224, -2.39073 ], [ 40.73427, -2.4596 ], [ 40.62075, -2.54219 ], [ 40.39891, -2.57133 ], [ 40.19395, -2.74236 ], [ 40.1895, -3.03085 ], [ 40.11666, -3.26521 ], [ 39.95037, -3.43508 ], [ 39.76431, -3.95714 ], [ 39.64359, -4.15485 ], [ 39.393, -4.64681 ], [ 39.21895, -4.67918 ], [ 39.20792, -4.67675 ], [ 38.44879, -4.14173 ], [ 38.40425, -4.11144 ], [ 37.82639, -3.70003 ], [ 37.73972, -3.55572 ], [ 37.62526, -3.49145 ], [ 37.69394, -3.19615 ], [ 37.65173, -3.05377 ], [ 37.38336, -2.88515 ], [ 36.3929, -2.32655 ], [ 36.00092, -2.10548 ], [ 35.62339, -1.89274 ], [ 35.31939, -1.72143 ], [ 35.25748, -1.68655 ], [ 35.22291, -1.66765 ], [ 35.03442, -1.56091 ], [ 34.95118, -1.51377 ], [ 34.73151, -1.38938 ], [ 34.62987, -1.33191 ], [ 34.56928, -1.29766 ], [ 34.50478, -1.26119 ], [ 34.09361, -1.02886 ], [ 33.93336, -1.0 ], [ 33.93189, -0.85473 ], [ 33.93142, -0.80745 ], [ 33.94912, -0.33974 ], [ 33.96823, -0.21865 ], [ 33.97879, -0.15173 ], [ 33.95198, -0.03283 ], [ 33.9222, 0.09139 ], [ 33.97463, 0.1904 ], [ 34.09224, 0.36814 ], [ 34.12391, 0.51601 ], [ 34.13823, 0.58287 ], [ 34.26387, 0.64473 ], [ 34.29799, 0.72207 ], [ 34.31318, 0.75652 ], [ 34.36154, 0.77413 ], [ 34.49189, 1.02585 ], [ 34.53347, 1.10622 ], [ 34.57498, 1.09862 ], [ 34.57865, 1.14486 ], [ 34.81897, 1.25849 ], [ 34.7871, 1.36524 ], [ 34.98911, 1.68778 ], [ 34.93383, 2.2831 ], [ 34.94629, 2.45179 ], [ 34.7458, 2.82803 ], [ 34.60796, 2.92737 ], [ 34.55894, 3.11037 ], [ 34.46535, 3.19036 ], [ 34.41198, 3.36676 ], [ 34.44583, 3.66861 ], [ 34.17857, 3.78673 ], [ 34.20883, 3.85575 ], [ 34.12849, 3.90333 ], [ 34.08907, 4.04888 ], [ 34.05059, 4.16926 ], [ 33.98776, 4.23408 ], [ 34.3875, 4.61 ], [ 35.17814, 4.61439 ], [ 35.50858, 4.61713 ], [ 35.55839, 4.61747 ], [ 35.60813, 4.61781 ], [ 35.69826, 4.61833 ], [ 35.94423, 4.61914 ], [ 36.0509, 4.44666 ], [ 36.71541, 4.44033 ], [ 37.01615, 4.3847 ], [ 37.50997, 4.04888 ], [ 38.13301, 3.61983 ], [ 38.55106, 3.62916 ] ] ] ] } },
{ "type": "Feature", "properties": { "iso3": "COM", "name": "Comoros" }, "geometry": { "type": "MultiPolygon", "coordinates": [ [ [ [ 43.59028, -12.31262 ], [ 43.73663, -12.27219 ], [ 43.83931, -12.33337 ], [ 43.72085, -12.37904 ], [ 43.59028, -12.31262 ] ] ], [ [ [ 44.43731, -12.08338 ], [ 44.47662, -12.08492 ], [ 44.53186, -12.2466 ], [ 44.52353, -12.37135 ], [ 44.2898, -12.21635 ], [ 44.4024, -12.15939 ], [ 44.43731, -12.08338 ] ] ], [ [ [ 43.28238, -11.41163 ], [ 43.37131, -11.37692 ], [ 43.49821, -11.91114 ], [ 43.29847, -11.84653 ], [ 43.22404, -11.73826 ], [ 43.28238, -11.41163 ] ] ] ] } },
{ "type": "Feature", "properties": { "iso3": "MOZ", "name": "Mozambique" }, "geometry": { "type": "MultiPolygon", "coordinates": [ [ [ [ 32.87258, -26.03602 ], [ 32.92364, -25.96947 ], [ 32.99397, -26.02453 ], [ 32.97078, -26.09796 ], [ 32.87258, -26.03602 ] ] ], [ [ [ 35.48879, -21.72643 ], [ 35.43615, -21.73039 ], [ 35.40272, -21.64696 ], [ 35.5074, -21.60866 ], [ 35.48879, -21.72643 ] ] ], [ [ [ 40.53315, -12.55678 ], [ 40.60197, -12.7716 ], [ 40.40866, -12.94542 ], [ 40.46878, -13.04954 ], [ 40.56469, -12.99391 ], [ 40.57521, -13.35622 ], [ 40.52415, -13.51334 ], [ 40.62769, -14.02373 ], [ 40.55819, -14.19005 ], [ 40.70716, -14.21852 ], [ 40.72842, -14.3011 ], [ 40.66392, -14.42131 ], [ 40.79242, -14.43209 ], [ 40.82112, -14.5298 ], [ 40.82437, -14.80815 ], [ 40.71138, -14.90331 ], [ 40.6871, -15.06991 ], [ 40.54372, -15.15217 ], [ 40.63826, -15.18828 ], [ 40.65408, -15.28828 ], [ 40.5449, -15.50905 ], [ 40.15822, -15.9435 ], [ 39.89398, -16.40688 ], [ 39.14442, -16.89645 ], [ 39.04859, -17.0122 ], [ 38.45726, -17.15478 ], [ 37.84071, -17.41034 ], [ 37.30277, -17.69932 ], [ 37.07237, -17.90552 ], [ 36.52593, -18.52012 ], [ 36.33691, -18.82601 ], [ 36.13408, -18.89735 ], [ 35.77462, -19.05378 ], [ 35.15757, -19.66949 ], [ 34.78088, -19.88256 ], [ 34.67898, -20.42075 ], [ 34.82248, -20.59999 ], [ 34.97672, -20.69111 ], [ 35.06602, -20.91084 ], [ 35.1173, -20.97059 ], [ 35.04257, -21.13237 ], [ 35.26697, -21.64847 ], [ 35.3361, -22.16408 ], [ 35.37166, -22.20013 ], [ 35.46901, -22.13057 ], [ 35.53545, -22.16291 ], [ 35.50596, -22.65647 ], [ 35.5756, -22.97846 ], [ 35.49183, -23.23027 ], [ 35.342, -23.88915 ], [ 35.35903, -23.93237 ], [ 35.42393, -23.83332 ], [ 35.53979, -23.83236 ], [ 35.44152, -24.19835 ], [ 35.1099, -24.60302 ], [ 34.47319, -24.86293 ], [ 34.17717, -24.96541 ], [ 33.13372, -25.38265 ], [ 32.8217, -25.60778 ], [ 32.69951, -25.87587 ], [ 32.59157, -25.98089 ], [ 32.61574, -26.05131 ], [ 32.81717, -26.24659 ], [ 32.93842, -26.19601 ], [ 32.89144, -26.85789 ], [ 32.13462, -26.84026 ], [ 32.09286, -26.06697 ], [ 31.97519, -25.95265 ], [ 31.94182, -25.83001 ], [ 32.03127, -25.12293 ], [ 31.95167, -24.25151 ], [ 31.90814, -24.18081 ], [ 31.88439, -23.98405 ], [ 31.75832, -23.85607 ], [ 31.57328, -23.48286 ], [ 31.55959, -23.23027 ], [ 31.30738, -22.42411 ], [ 32.4056, -21.31593 ], [ 32.47907, -21.32858 ], [ 32.38091, -21.14566 ], [ 32.50388, -20.91405 ], [ 32.50058, -20.64717 ], [ 32.68635, -20.52177 ], [ 32.84321, -20.30015 ], [ 32.87901, -20.12989 ], [ 33.02092, -20.00357 ], [ 33.04901, -19.83213 ], [ 32.95707, -19.67038 ], [ 32.85953, -19.65767 ], [ 32.78065, -19.401 ], [ 32.86568, -19.09919 ], [ 32.71077, -18.96812 ], [ 32.73837, -18.82934 ], [ 32.93529, -18.74952 ], [ 32.89777, -18.53059 ], [ 33.04896, -18.39211 ], [ 32.95458, -17.90552 ], [ 33.03468, -17.63056 ], [ 32.97786, -17.47847 ], [ 33.04945, -17.33553 ], [ 32.99854, -17.30596 ], [ 32.99391, -17.24838 ], [ 32.85453, -16.93746 ], [ 32.97051, -16.7258 ], [ 32.76116, -16.70554 ], [ 32.6423, -16.56603 ], [ 32.21012, -16.43618 ], [ 31.95197, -16.41512 ], [ 31.72233, -16.21385 ], [ 31.44608, -16.1551 ], [ 31.268, -16.01416 ], [ 31.00177, -16.04506 ], [ 30.45403, -15.9923 ], [ 30.4208, -15.62092 ], [ 30.2167, -14.99737 ], [ 32.21012, -14.33358 ], [ 33.24396, -13.99993 ], [ 33.35692, -14.22027 ], [ 33.65006, -14.59577 ], [ 33.72979, -14.52667 ], [ 34.4, -14.41292 ], [ 34.53576, -14.61652 ], [ 34.60764, -14.98802 ], [ 34.58346, -15.21045 ], [ 34.49239, -15.41132 ], [ 34.35252, -15.74438 ], [ 34.2593, -15.88253 ], [ 34.41784, -16.05158 ], [ 34.41858, -16.22681 ], [ 34.89497, -16.68895 ], [ 35.14216, -16.85289 ], [ 35.1525, -16.93388 ], [ 35.07019, -17.02403 ], [ 35.09738, -17.10406 ], [ 35.29549, -17.12909 ], [ 35.29923, -16.76727 ], [ 35.16174, -16.57982 ], [ 35.26215, -16.41078 ], [ 35.30772, -16.21758 ], [ 35.41984, -16.13175 ], [ 35.74468, -16.07599 ], [ 35.8126, -15.93394 ], [ 35.85104, -15.45003 ], [ 35.85137, -15.44159 ], [ 35.79907, -15.20451 ], [ 35.90055, -14.91542 ], [ 35.86333, -14.68015 ], [ 35.76961, -14.55417 ], [ 35.5216, -14.26026 ], [ 35.48542, -14.16919 ], [ 35.22781, -13.88137 ], [ 35.08977, -13.6997 ], [ 34.99341, -13.60812 ], [ 34.92714, -13.54648 ], [ 34.8669, -13.48311 ], [ 34.64153, -13.47843 ], [ 34.58061, -13.42496 ], [ 34.56858, -13.03408 ], [ 34.41924, -12.43253 ], [ 34.3801, -12.18327 ], [ 34.62553, -11.74313 ], [ 34.63657, -11.58619 ], [ 34.96026, -11.57538 ], [ 35.54586, -11.5699 ], [ 35.85691, -11.4256 ], [ 36.15301, -11.55932 ], [ 36.286, -11.71026 ], [ 36.64249, -11.7177 ], [ 36.83063, -11.58445 ], [ 37.39673, -11.67703 ], [ 37.73576, -11.54771 ], [ 37.87482, -11.29134 ], [ 38.11504, -11.26161 ], [ 38.48638, -11.41625 ], [ 38.8794, -11.18163 ], [ 39.25008, -11.15947 ], [ 39.51858, -10.98774 ], [ 39.98378, -10.8068 ], [ 40.43377, -10.47081 ], [ 40.51389, -10.50103 ], [ 40.58076, -10.6471 ], [ 40.50894, -10.75437 ], [ 40.58655, -10.84076 ], [ 40.50372, -10.95883 ], [ 40.53093, -11.06815 ], [ 40.38101, -11.3344 ], [ 40.44171, -11.44716 ], [ 40.4039, -11.67568 ], [ 40.53175, -11.9954 ], [ 40.50125, -12.43253 ], [ 40.46017, -12.50914 ], [ 40.53315, -12.55678 ] ], [ [ 40.59627, -14.50318 ], [ 40.61551, -14.58194 ], [ 40.65457, -14.60401 ], [ 40.68864, -14.47451 ], [ 40.65002, -14.45942 ], [ 40.59627, -14.50318 ] ], [ [ 34.56099, -12.04189 ], [ 34.71023, -12.12793 ], [ 34.81851, -12.09859 ], [ 34.72622, -12.00426 ], [ 34.56099, -12.04189 ] ] ] ] } },
{ "type": "Feature", "properties": { "iso3": "NAM", "name": "Namibia" }, "geometry": { "type": "Polygon", "coordinates": [ [ [ 13.37531, -16.9825 ], [ 13.95562, -17.4153 ], [ 14.21449, -17.40578 ], [ 15.54827, -17.39071 ], [ 17.27412, -17.38996 ], [ 18.00107, -17.38959 ], [ 18.41484, -17.40173 ], [ 18.61261, -17.61855 ], [ 18.89651, -17.81211 ], [ 19.55278, -17.87444 ], [ 20.33363, -17.87367 ], [ 20.79643, -18.02608 ], [ 21.18399, -17.93607 ], [ 21.43796, -18.01845 ], [ 22.44928, -17.8307 ], [ 22.50009, -17.82102 ], [ 23.43411, -17.63789 ], [ 24.23808, -17.48086 ], [ 24.97658, -17.55349 ], [ 25.26173, -17.79052 ], [ 24.89899, -17.8282 ], [ 24.7256, -17.90552 ], [ 24.55823, -18.06014 ], [ 24.40002, -17.95968 ], [ 24.19806, -18.0287 ], [ 23.8822, -18.2752 ], [ 23.60064, -18.48304 ], [ 23.52184, -18.28401 ], [ 23.27972, -18.00804 ], [ 22.50002, -18.1176 ], [ 22.44928, -18.12741 ], [ 21.48137, -18.31131 ], [ 21.01583, -18.33109 ], [ 20.99902, -19.16575 ], [ 20.9989, -20.39301 ], [ 20.99895, -20.99542 ], [ 20.98381, -21.9866 ], [ 20.00575, -22.02631 ], [ 19.9991, -23.23027 ], [ 19.99913, -23.32048 ], [ 19.99885, -23.86276 ], [ 19.99906, -24.76375 ], [ 19.9992, -25.60893 ], [ 19.99439, -28.39424 ], [ 19.579, -28.53389 ], [ 19.4587, -28.6974 ], [ 19.24115, -28.80313 ], [ 19.24804, -28.89997 ], [ 19.12833, -28.9598 ], [ 18.87617, -28.85054 ], [ 18.54493, -28.86431 ], [ 18.16459, -28.90447 ], [ 17.98304, -28.80313 ], [ 17.43273, -28.70092 ], [ 17.35029, -28.4848 ], [ 17.36826, -28.2953 ], [ 17.22038, -28.22463 ], [ 17.07459, -28.04869 ], [ 16.91743, -28.08671 ], [ 16.78131, -28.27593 ], [ 16.74822, -28.45999 ], [ 16.45294, -28.63304 ], [ 15.74626, -28.02638 ], [ 15.29634, -27.30511 ], [ 15.22944, -26.9706 ], [ 15.09078, -26.70061 ], [ 15.12822, -26.47606 ], [ 14.96466, -26.30547 ], [ 14.96178, -26.03277 ], [ 14.83785, -25.73798 ], [ 14.84224, -25.0046 ], [ 14.76156, -24.76146 ], [ 14.61255, -24.56339 ], [ 14.47112, -24.10679 ], [ 14.4863, -23.55637 ], [ 14.47597, -23.23027 ], [ 14.41617, -23.02887 ], [ 14.53638, -22.86296 ], [ 14.49616, -22.5362 ], [ 14.38174, -22.27453 ], [ 13.97587, -21.78627 ], [ 13.8478, -21.4926 ], [ 13.63272, -21.19346 ], [ 13.40471, -20.84883 ], [ 13.21102, -20.25295 ], [ 13.06268, -20.07005 ], [ 12.59527, -19.13319 ], [ 12.33603, -18.75557 ], [ 12.0424, -18.49498 ], [ 11.85526, -18.12921 ], [ 11.74198, -17.60431 ], [ 11.75054, -17.25013 ], [ 12.07735, -17.15018 ], [ 12.25059, -17.22675 ], [ 12.51728, -17.24757 ], [ 12.9919, -16.9866 ], [ 13.37531, -16.9825 ] ] ] } },
{ "type": "Feature", "properties": { "iso3": "NER", "name": "Niger" }, "geometry": { "type": "Polygon", "coordinates": [ [ [ 13.61478, 23.1252 ], [ 14.2344, 22.61442 ], [ 14.99858, 23.00124 ], [ 15.18994, 22.0168 ], [ 15.20878, 21.51758 ], [ 15.56914, 21.03786 ], [ 15.59042, 20.76712 ], [ 15.97905, 20.34877 ], [ 15.7489, 19.88771 ], [ 15.55942, 18.00625 ], [ 15.52233, 17.33478 ], [ 15.50829, 16.94907 ], [ 15.45322, 16.84328 ], [ 14.35412, 15.69076 ], [ 13.8644, 15.02639 ], [ 13.79545, 14.72803 ], [ 13.64423, 14.51582 ], [ 13.48246, 14.41902 ], [ 13.63338, 13.70816 ], [ 13.34057, 13.7043 ], [ 13.19837, 13.54014 ], [ 12.86851, 13.48638 ], [ 12.4299, 13.07449 ], [ 12.10505, 13.11928 ], [ 11.86952, 13.25456 ], [ 11.47144, 13.37464 ], [ 10.66986, 13.3613 ], [ 10.04278, 13.19547 ], [ 9.67484, 12.8247 ], [ 9.04326, 12.83499 ], [ 8.67687, 12.93595 ], [ 8.25579, 13.20863 ], [ 8.06612, 13.30875 ], [ 7.81967, 13.33362 ], [ 7.43674, 13.11785 ], [ 7.2312, 13.11733 ], [ 7.05094, 13.00006 ], [ 6.9419, 13.00428 ], [ 6.82012, 13.14342 ], [ 6.64782, 13.38654 ], [ 6.27733, 13.67651 ], [ 6.13974, 13.65805 ], [ 5.52364, 13.87604 ], [ 5.22014, 13.74357 ], [ 4.84028, 13.76941 ], [ 4.6016, 13.71498 ], [ 4.54142, 13.70157 ], [ 4.46567, 13.68134 ], [ 4.39496, 13.61909 ], [ 4.2353, 13.47885 ], [ 4.14211, 13.47689 ], [ 4.1408, 13.34445 ], [ 4.14735, 13.29427 ], [ 4.14597, 13.24511 ], [ 4.05004, 12.91053 ], [ 3.66504, 12.51628 ], [ 3.66189, 11.75946 ], [ 3.60943, 11.69361 ], [ 3.56373, 11.72573 ], [ 3.55497, 11.76991 ], [ 3.48246, 11.85286 ], [ 3.43705, 11.86577 ], [ 3.31163, 11.90142 ], [ 3.24304, 12.03889 ], [ 3.12621, 12.15233 ], [ 3.06708, 12.19269 ], [ 3.01633, 12.25604 ], [ 2.82648, 12.4092 ], [ 2.69936, 12.30482 ], [ 2.39374, 12.23281 ], [ 2.44428, 11.99189 ], [ 2.40897, 11.90254 ], [ 2.08618, 12.32996 ], [ 2.10419, 12.38851 ], [ 2.24918, 12.44224 ], [ 2.16305, 12.6585 ], [ 2.00663, 12.72531 ], [ 1.84599, 12.61213 ], [ 1.64714, 12.62279 ], [ 1.32989, 12.83146 ], [ 1.16875, 12.98916 ], [ 0.99648, 13.01789 ], [ 0.98818, 13.08441 ], [ 1.01021, 13.3289 ], [ 1.16863, 13.39055 ], [ 0.92575, 13.59785 ], [ 0.67076, 13.69525 ], [ 0.50139, 13.88139 ], [ 0.21637, 14.42475 ], [ 0.18449, 14.48551 ], [ 0.21637, 14.82894 ], [ 0.23223, 14.99983 ], [ 0.67076, 14.95342 ], [ 0.94137, 14.99494 ], [ 1.3115, 15.27813 ], [ 2.9728, 15.34135 ], [ 3.01633, 15.37682 ], [ 3.06852, 15.41935 ], [ 3.43705, 15.37289 ], [ 3.47753, 15.36779 ], [ 3.69157, 15.62871 ], [ 3.86967, 15.69677 ], [ 4.00683, 16.12131 ], [ 4.19681, 16.43337 ], [ 4.20774, 16.92223 ], [ 4.26599, 17.06827 ], [ 4.2671, 18.00666 ], [ 4.26646, 18.67229 ], [ 4.26671, 19.14415 ], [ 5.8139, 19.46521 ], [ 7.40246, 20.79318 ], [ 7.79441, 21.04675 ], [ 10.23856, 22.49641 ], [ 11.99734, 23.51718 ], [ 12.59156, 23.39318 ], [ 13.41079, 23.2155 ], [ 13.54372, 23.16818 ], [ 13.61478, 23.1252 ] ] ] } },
{ "type": "Feature", "properties": { "iso3": "NGA", "name": "Nigeria" }, "geometry": { "type": "Polygon", "coordinates": [ [ [ 5.52364, 13.87604 ], [ 6.13974, 13.65805 ], [ 6.27733, 13.67651 ], [ 6.64782, 13.38654 ], [ 6.82012, 13.14342 ], [ 6.9419, 13.00428 ], [ 7.05094, 13.00006 ], [ 7.2312, 13.11733 ], [ 7.43674, 13.11785 ], [ 7.81967, 13.33362 ], [ 8.06612, 13.30875 ], [ 8.25579, 13.20863 ], [ 8.67687, 12.93595 ], [ 9.04326, 12.83499 ], [ 9.67484, 12.8247 ], [ 10.04278, 13.19547 ], [ 10.66986, 13.3613 ], [ 11.47144, 13.37464 ], [ 11.86952, 13.25456 ], [ 12.10505, 13.11928 ], [ 12.4299, 13.07449 ], [ 12.86851, 13.48638 ], [ 13.19837, 13.54014 ], [ 13.34057, 13.7043 ], [ 13.63338, 13.70816 ], [ 14.08333, 13.08333 ], [ 14.19538, 12.40247 ], [ 14.47788, 12.34348 ], [ 14.65614, 12.16569 ], [ 14.57909, 11.71557 ], [ 14.63985, 11.57981 ], [ 14.59498, 11.50389 ], [ 14.19685, 11.2679 ], [ 13.97477, 11.28567 ], [ 13.72955, 10.92221 ], [ 13.56658, 10.62754 ], [ 13.4122, 10.12152 ], [ 13.26926, 10.04 ], [ 13.23267, 9.65655 ], [ 13.19145, 9.56137 ], [ 12.89675, 9.38568 ], [ 12.88843, 9.11226 ], [ 12.78411, 8.77907 ], [ 12.64826, 8.6484 ], [ 12.46534, 8.62373 ], [ 12.42484, 8.51405 ], [ 12.2616, 8.4167 ], [ 12.25593, 8.17636 ], [ 12.19286, 7.95693 ], [ 12.01135, 7.67545 ], [ 12.00608, 7.53145 ], [ 11.88211, 7.35837 ], [ 11.85532, 7.10283 ], [ 11.61285, 6.95623 ], [ 11.52742, 6.64055 ], [ 11.39182, 6.52754 ], [ 11.19805, 6.51049 ], [ 11.11364, 6.53327 ], [ 11.07609, 6.68515 ], [ 10.93489, 6.71492 ], [ 10.81669, 6.932 ], [ 10.58482, 7.10304 ], [ 10.53416, 6.95778 ], [ 10.45802, 6.91832 ], [ 10.23503, 6.89904 ], [ 10.1254, 7.00923 ], [ 9.78385, 6.76737 ], [ 9.70491, 6.51183 ], [ 9.60154, 6.52913 ], [ 9.46737, 6.45583 ], [ 9.42926, 6.34337 ], [ 9.34909, 6.32689 ], [ 8.86602, 5.83457 ], [ 8.90313, 5.56879 ], [ 8.81268, 5.19888 ], [ 8.59214, 4.80321 ], [ 8.44188, 4.73408 ], [ 8.1356, 4.95885 ], [ 8.30409, 4.74649 ], [ 8.29747, 4.5638 ], [ 7.60013, 4.466 ], [ 7.19173, 4.38456 ], [ 7.09674, 4.45268 ], [ 6.97662, 4.38198 ], [ 6.5488, 4.32477 ], [ 6.0979, 4.27795 ], [ 5.84406, 4.40489 ], [ 5.54715, 4.72817 ], [ 5.37747, 5.13269 ], [ 5.31869, 5.38067 ], [ 5.19034, 5.50649 ], [ 4.97786, 5.88904 ], [ 4.43604, 6.34477 ], [ 4.35104, 6.36995 ], [ 3.88218, 6.43504 ], [ 3.43705, 6.41232 ], [ 3.01633, 6.39084 ], [ 2.70692, 6.37504 ], [ 2.70604, 6.4514 ], [ 2.72894, 6.54058 ], [ 2.7781, 6.72378 ], [ 2.72823, 6.95654 ], [ 2.78465, 7.4652 ], [ 2.71878, 7.65722 ], [ 2.69052, 7.85533 ], [ 2.75695, 8.57565 ], [ 2.73635, 8.76149 ], [ 2.79458, 9.05017 ], [ 3.01633, 9.11336 ], [ 3.09685, 9.13631 ], [ 3.14564, 9.44156 ], [ 3.26647, 9.65655 ], [ 3.3664, 9.8234 ], [ 3.43705, 9.85597 ], [ 3.56287, 9.91397 ], [ 3.67716, 10.16833 ], [ 3.59053, 10.25775 ], [ 3.60131, 10.38245 ], [ 3.66161, 10.44226 ], [ 3.78238, 10.44015 ], [ 3.83877, 10.65059 ], [ 3.75802, 10.80867 ], [ 3.76827, 10.91959 ], [ 3.71502, 11.11467 ], [ 3.4914, 11.4321 ], [ 3.60943, 11.69361 ], [ 3.66189, 11.75946 ], [ 3.66504, 12.51628 ], [ 4.05004, 12.91053 ], [ 4.14597, 13.24511 ], [ 4.14735, 13.29427 ], [ 4.1408, 13.34445 ], [ 4.14211, 13.47689 ], [ 4.2353, 13.47885 ], [ 4.39496, 13.61909 ], [ 4.46567, 13.68134 ], [ 4.54142, 13.70157 ], [ 4.6016, 13.71498 ], [ 4.84028, 13.76941 ], [ 5.22014, 13.74357 ], [ 5.52364, 13.87604 ] ] ] } },
{ "type": "Feature", "properties": { "iso3": "LBR", "name": "Liberia" }, "geometry": { "type": "Polygon", "coordinates": [ [ [ -10.10519, 8.5187 ], [ -10.03214, 8.44609 ], [ -9.90049, 8.49914 ], [ -9.66292, 8.48426 ], [ -9.50449, 8.35303 ], [ -9.41888, 8.04352 ], [ -9.42967, 7.87934 ], [ -9.34922, 7.74647 ], [ -9.48099, 7.36587 ], [ -9.29944, 7.4128 ], [ -9.10819, 7.1906 ], [ -8.85536, 7.29425 ], [ -8.81408, 7.40796 ], [ -8.72566, 7.5065 ], [ -8.68691, 7.66821 ], [ -8.58178, 7.69578 ], [ -8.47102, 7.55717 ], [ -8.29479, 7.16601 ], [ -8.34427, 6.76734 ], [ -8.60147, 6.50544 ], [ -8.18522, 6.29524 ], [ -7.91629, 6.28146 ], [ -7.7625, 5.96693 ], [ -7.46543, 5.83327 ], [ -7.39559, 5.63921 ], [ -7.40479, 5.52123 ], [ -7.38983, 5.33546 ], [ -7.54249, 5.0678 ], [ -7.59268, 4.82261 ], [ -7.52977, 4.36238 ], [ -7.74389, 4.38548 ], [ -7.83338, 4.45575 ], [ -8.24253, 4.57709 ], [ -8.70903, 4.80722 ], [ -9.43122, 5.27733 ], [ -9.72997, 5.57244 ], [ -10.37197, 6.12457 ], [ -10.62871, 6.21811 ], [ -10.78556, 6.2964 ], [ -10.95909, 6.52572 ], [ -11.05934, 6.57761 ], [ -11.33979, 6.70465 ], [ -11.50675, 6.92837 ], [ -11.14484, 7.33871 ], [ -10.85344, 7.54273 ], [ -10.61962, 7.78334 ], [ -10.60502, 7.92092 ], [ -10.54349, 8.10194 ], [ -10.31566, 8.20597 ], [ -10.27991, 8.485 ], [ -10.10519, 8.5187 ] ] ] } },
{ "type": "Feature", "properties": { "iso3": "LSO", "name": "Lesotho" }, "geometry": { "type": "Polygon", "coordinates": [ [ [ 28.79984, -28.70549 ], [ 28.81724, -28.77568 ], [ 28.87362, -28.77072 ], [ 29.32075, -29.09979 ], [ 29.4154, -29.24246 ], [ 29.43884, -29.36269 ], [ 29.31116, -29.55669 ], [ 29.14773, -29.73567 ], [ 29.14196, -29.88756 ], [ 29.01474, -30.0018 ], [ 28.74193, -30.11987 ], [ 28.36735, -30.16839 ], [ 28.23396, -30.28849 ], [ 28.25492, -30.39232 ], [ 28.09328, -30.64988 ], [ 27.76836, -30.60195 ], [ 27.55949, -30.41396 ], [ 27.37735, -30.32712 ], [ 27.36788, -30.16037 ], [ 27.17651, -29.90168 ], [ 27.03949, -29.65282 ], [ 27.29504, -29.53359 ], [ 27.51199, -29.2828 ], [ 27.6484, -29.09636 ], [ 27.77081, -28.92219 ], [ 28.02006, -28.85337 ], [ 28.2236, -28.70549 ], [ 28.26086, -28.70549 ], [ 28.29902, -28.70549 ], [ 28.43296, -28.6197 ], [ 28.64232, -28.5853 ], [ 28.79984, -28.70549 ] ] ] } },
{ "type": "Feature", "properties": { "iso3": "LBY", "name": "Libya" }, "geometry": { "type": "Polygon", "coordinates": [ [ [ 12.30723, 32.83994 ], [ 12.55429, 32.7991 ], [ 12.82799, 32.80027 ], [ 13.06582, 32.85682 ], [ 13.32504, 32.90204 ], [ 13.59814, 32.79272 ], [ 13.83507, 32.79401 ], [ 14.2119, 32.69392 ], [ 14.4441, 32.53402 ], [ 15.21315, 32.36249 ], [ 15.34719, 32.17126 ], [ 15.39757, 31.85615 ], [ 15.68029, 31.43644 ], [ 16.06625, 31.2674 ], [ 16.82719, 31.19841 ], [ 17.82501, 30.92532 ], [ 18.17769, 30.77876 ], [ 18.79057, 30.37336 ], [ 18.96974, 30.28555 ], [ 19.19514, 30.27185 ], [ 19.663, 30.45561 ], [ 20.05312, 30.85381 ], [ 20.16464, 31.09024 ], [ 20.13163, 31.26083 ], [ 19.99493, 31.48495 ], [ 19.93686, 31.85615 ], [ 20.1262, 32.201 ], [ 20.5791, 32.5465 ], [ 21.06164, 32.75515 ], [ 21.40589, 32.78606 ], [ 21.66296, 32.92939 ], [ 21.9797, 32.90219 ], [ 22.09107, 32.9209 ], [ 23.0925, 32.62478 ], [ 23.13872, 32.45979 ], [ 23.10345, 32.33787 ], [ 23.24662, 32.21413 ], [ 23.75229, 32.16643 ], [ 24.1294, 32.01072 ], [ 24.80314, 32.00684 ], [ 24.99617, 31.95325 ], [ 25.02914, 31.85615 ], [ 25.14201, 31.67131 ], [ 24.85994, 31.378 ], [ 24.86484, 31.15503 ], [ 24.99881, 30.76716 ], [ 24.88395, 30.45607 ], [ 24.6687, 30.15198 ], [ 24.81579, 29.91718 ], [ 24.88651, 29.49926 ], [ 24.99351, 29.23537 ], [ 25.00194, 28.09333 ], [ 25.00019, 27.74891 ], [ 25.00027, 27.35128 ], [ 25.00032, 27.13915 ], [ 25.00034, 27.04972 ], [ 24.99941, 26.50575 ], [ 24.99932, 26.45141 ], [ 24.99897, 26.24896 ], [ 24.99871, 26.09725 ], [ 24.99784, 25.58574 ], [ 24.99727, 25.25521 ], [ 24.99698, 25.08158 ], [ 24.99829, 24.52275 ], [ 24.99861, 24.38436 ], [ 25.00143, 22.48655 ], [ 25.00165, 22.33891 ], [ 25.0, 22.0 ], [ 25.00389, 21.93545 ], [ 25.00333, 21.65672 ], [ 25.00217, 21.07926 ], [ 25.00209, 21.03786 ], [ 25.00174, 20.86661 ], [ 25.00158, 20.78569 ], [ 25.00038, 20.18714 ], [ 25.0, 20.0 ], [ 24.02505, 19.99279 ], [ 23.99999, 19.49999 ], [ 22.34139, 20.38662 ], [ 21.02467, 21.06791 ], [ 19.18577, 21.99023 ], [ 16.02607, 23.43594 ], [ 14.99858, 23.00124 ], [ 14.2344, 22.61442 ], [ 13.61478, 23.1252 ], [ 13.54372, 23.16818 ], [ 13.41079, 23.2155 ], [ 12.59156, 23.39318 ], [ 11.99734, 23.51718 ], [ 11.61716, 24.23209 ], [ 11.43018, 24.20485 ], [ 10.90592, 24.54356 ], [ 10.32566, 24.56495 ], [ 10.0548, 24.94811 ], [ 10.03576, 25.15342 ], [ 10.00929, 25.38548 ], [ 9.41824, 26.18766 ], [ 9.52583, 26.38151 ], [ 9.83043, 26.51074 ], [ 9.8977, 26.61413 ], [ 9.91379, 26.85747 ], [ 9.78808, 27.27223 ], [ 9.94498, 27.81212 ], [ 9.83918, 28.2953 ], [ 9.89305, 28.8405 ], [ 9.77391, 29.43093 ], [ 9.40848, 30.0831 ], [ 9.41268, 30.16342 ], [ 9.55921, 30.22906 ], [ 9.94255, 30.39279 ], [ 10.24202, 30.75865 ], [ 10.29586, 30.88845 ], [ 10.28279, 31.09655 ], [ 10.15489, 31.49361 ], [ 10.30422, 31.68689 ], [ 10.52277, 31.75403 ], [ 10.621, 31.85615 ], [ 10.6525, 31.95343 ], [ 10.73423, 31.97631 ], [ 11.15529, 32.24992 ], [ 11.42111, 32.35417 ], [ 11.59097, 32.47994 ], [ 11.4858, 32.6853 ], [ 11.56172, 33.16677 ], [ 12.30723, 32.83994 ] ] ] } },
{ "type": "Feature", "properties": { "iso3": "MAR", "name": "Morocco" }, "geometry": { "type": "MultiPolygon", "coordinates": [ [ [ [ -16.95485, 21.83704 ], [ -16.95789, 21.84529 ], [ -16.94898, 21.84423 ], [ -16.94297, 21.83608 ], [ -16.95485, 21.83704 ] ] ], [ [ [ -5.34342, 35.87092 ], [ -5.33643, 35.74029 ], [ -5.26682, 35.60686 ], [ -5.08061, 35.43516 ], [ -4.78109, 35.24082 ], [ -4.46775, 35.16517 ], [ -4.29795, 35.17041 ], [ -4.297, 35.17104 ], [ -4.29117, 35.17268 ], [ -4.28631, 35.1797 ], [ -4.28086, 35.1786 ], [ -4.25221, 35.18768 ], [ -4.2187, 35.18433 ], [ -4.18867, 35.19758 ], [ -4.16001, 35.2013 ], [ -4.15346, 35.19788 ], [ -4.11521, 35.20495 ], [ -4.08958, 35.21983 ], [ -4.05409, 35.2289 ], [ -4.04225, 35.23526 ], [ -4.03536, 35.23393 ], [ -4.01893, 35.23924 ], [ -4.01437, 35.23438 ], [ -4.00758, 35.23268 ], [ -3.98457, 35.23646 ], [ -3.97725, 35.23755 ], [ -3.93686, 35.26023 ], [ -3.92769, 35.2615 ], [ -3.92001, 35.25876 ], [ -3.9152, 35.25457 ], [ -3.92378, 35.24903 ], [ -3.92562, 35.2443 ], [ -3.92491, 35.24227 ], [ -3.91967, 35.24013 ], [ -3.92256, 35.23695 ], [ -3.92257, 35.23288 ], [ -3.91497, 35.22528 ], [ -3.91377, 35.22061 ], [ -3.91011, 35.21907 ], [ -3.90684, 35.21435 ], [ -3.90304, 35.21271 ], [ -3.90299, 35.21265 ], [ -3.90299, 35.21265 ], [ -3.90299, 35.21265 ], [ -3.90298, 35.21264 ], [ -3.90298, 35.21264 ], [ -3.90297, 35.21264 ], [ -3.90297, 35.21264 ], [ -3.90296, 35.21264 ], [ -3.9029, 35.21265 ], [ -3.88579, 35.20548 ], [ -3.85738, 35.19849 ], [ -3.84432, 35.19704 ], [ -3.82391, 35.19941 ], [ -3.70791, 35.27204 ], [ -3.41658, 35.19335 ], [ -3.34442, 35.20424 ], [ -3.19583, 35.22666 ], [ -3.13924, 35.27266 ], [ -2.98418, 35.39871 ], [ -2.95248, 35.3199 ], [ -2.96109, 35.28449 ], [ -2.9297, 35.2717 ], [ -2.92742, 35.27224 ], [ -2.81939, 35.11514 ], [ -2.34358, 35.12414 ], [ -2.21171, 35.08531 ], [ -2.05637, 34.93605 ], [ -1.94854, 34.86485 ], [ -1.76667, 34.74477 ], [ -1.82883, 34.62601 ], [ -1.79643, 34.57736 ], [ -1.71322, 34.49098 ], [ -1.76233, 34.38688 ], [ -1.65142, 34.09667 ], [ -1.70955, 33.70979 ], [ -1.64618, 33.66971 ], [ -1.5947, 33.54703 ], [ -1.66351, 33.30173 ], [ -1.48753, 33.06505 ], [ -1.51935, 32.93294 ], [ -1.39391, 32.76732 ], [ -1.07918, 32.56709 ], [ -1.02574, 32.53309 ], [ -1.07918, 32.46706 ], [ -1.12418, 32.41147 ], [ -1.23754, 32.32308 ], [ -1.23887, 32.20924 ], [ -1.17326, 32.12845 ], [ -1.20453, 32.09279 ], [ -1.94854, 32.16897 ], [ -2.01635, 32.17591 ], [ -2.84248, 32.10777 ], [ -2.91491, 32.02625 ], [ -2.84252, 31.80263 ], [ -3.13924, 31.73809 ], [ -3.25177, 31.71362 ], [ -3.34442, 31.69504 ], [ -3.48723, 31.66641 ], [ -3.65154, 31.61614 ], [ -3.67332, 31.41349 ], [ -3.77815, 31.25509 ], [ -3.75719, 31.14921 ], [ -3.55092, 31.02263 ], [ -3.6694, 30.6648 ], [ -4.30078, 30.52988 ], [ -4.58724, 30.29785 ], [ -5.13003, 30.00016 ], [ -5.262, 29.9021 ], [ -5.5, 29.56301 ], [ -5.57865, 29.49363 ], [ -5.80163, 29.60173 ], [ -6.44851, 29.56564 ], [ -6.77676, 29.47711 ], [ -7.16268, 29.51136 ], [ -7.3737, 29.38719 ], [ -7.60028, 29.35382 ], [ -8.6304, 28.69921 ], [ -8.66887, 28.31106 ], [ -8.66799, 27.66668 ], [ -8.75975, 27.66659 ], [ -8.81135, 27.66653 ], [ -8.91821, 27.66653 ], [ -9.2311, 27.66653 ], [ -9.3444, 27.66653 ], [ -9.43973, 27.66653 ], [ -9.54854, 27.66653 ], [ -9.71207, 27.66653 ], [ -9.87017, 27.66653 ], [ -9.90384, 27.66653 ], [ -10.02869, 27.66653 ], [ -11.80241, 27.66653 ], [ -13.17279, 27.66654 ], [ -12.90124, 27.94904 ], [ -12.11232, 28.08253 ], [ -11.78196, 28.20945 ], [ -11.48325, 28.32896 ], [ -11.12199, 28.68254 ], [ -10.55378, 29.00335 ], [ -10.42007, 29.13184 ], [ -10.00977, 29.63055 ], [ -9.76647, 29.90738 ], [ -9.61997, 30.2949 ], [ -9.60448, 30.3662 ], [ -9.7171, 30.54854 ], [ -9.87347, 30.64479 ], [ -9.81775, 30.93814 ], [ -9.82376, 31.41891 ], [ -9.6765, 31.66641 ], [ -9.46079, 31.92181 ], [ -9.26412, 32.19278 ], [ -9.25677, 32.55588 ], [ -9.05922, 32.72097 ], [ -8.95011, 32.80588 ], [ -8.53194, 33.24174 ], [ -8.01455, 33.45512 ], [ -7.88097, 33.5064 ], [ -7.74644, 33.55574 ], [ -7.50178, 33.64091 ], [ -7.34262, 33.72061 ], [ -7.12558, 33.83084 ], [ -6.91744, 33.96208 ], [ -6.82401, 34.02724 ], [ -6.73081, 34.15869 ], [ -6.24373, 35.00148 ], [ -6.10705, 35.3162 ], [ -5.92747, 35.76723 ], [ -5.73636, 35.82051 ], [ -5.42232, 35.90958 ], [ -5.41303, 35.90529 ], [ -5.38203, 35.9126 ], [ -5.34418, 35.87115 ], [ -5.34342, 35.87092 ] ] ] ] } },
{ "type": "Feature", "properties": { "iso3": "MDG", "name": "Madagascar" }, "geometry": { "type": "MultiPolygon", "coordinates": [ [ [ [ 50.4072, -15.55924 ], [ 50.25472, -15.8674 ], [ 50.12985, -15.89285 ], [ 50.01644, -15.80122 ], [ 49.88276, -15.45642 ], [ 49.66265, -15.49703 ], [ 49.62515, -15.58889 ], [ 49.71699, -15.89398 ], [ 49.68875, -16.06183 ], [ 49.83633, -16.20897 ], [ 49.85277, -16.48598 ], [ 49.74554, -16.73441 ], [ 49.75191, -16.84469 ], [ 49.59473, -16.93081 ], [ 49.43815, -17.27814 ], [ 49.50947, -17.69551 ], [ 49.44813, -17.92017 ], [ 49.33317, -18.4093 ], [ 48.59849, -20.41569 ], [ 48.29294, -21.45476 ], [ 47.90629, -22.44745 ], [ 47.73964, -23.23027 ], [ 47.58252, -23.80559 ], [ 47.41716, -24.1338 ], [ 47.12039, -24.9292 ], [ 46.95116, -25.06579 ], [ 46.67382, -25.18413 ], [ 46.40528, -25.17679 ], [ 46.0954, -25.26714 ], [ 45.53837, -25.56425 ], [ 45.16154, -25.58824 ], [ 44.79454, -25.34067 ], [ 44.37513, -25.2627 ], [ 44.04421, -25.00271 ], [ 43.91186, -24.61258 ], [ 43.67928, -24.33663 ], [ 43.63495, -23.70174 ], [ 43.76012, -23.49584 ], [ 43.61394, -23.23027 ], [ 43.58217, -23.07432 ], [ 43.35624, -22.79275 ], [ 43.23527, -22.31102 ], [ 43.24547, -22.03762 ], [ 43.46048, -21.62403 ], [ 43.48365, -21.35217 ], [ 43.79443, -21.22218 ], [ 43.92058, -20.82745 ], [ 44.46216, -19.98978 ], [ 44.40411, -19.75333 ], [ 44.45662, -19.44419 ], [ 44.27776, -19.16722 ], [ 44.22764, -18.77245 ], [ 44.04575, -18.34404 ], [ 43.95166, -17.53639 ], [ 44.39379, -16.73405 ], [ 44.47619, -16.24616 ], [ 44.84853, -16.20715 ], [ 45.19521, -16.00362 ], [ 45.33623, -16.0539 ], [ 45.59626, -15.94559 ], [ 45.75578, -15.79953 ], [ 46.00191, -15.8111 ], [ 46.15603, -15.74476 ], [ 46.29632, -15.8063 ], [ 46.44388, -15.54955 ], [ 46.88057, -15.24331 ], [ 46.98902, -15.31886 ], [ 47.00944, -15.44436 ], [ 47.09593, -15.43804 ], [ 47.14116, -15.0898 ], [ 47.42049, -14.74956 ], [ 47.4762, -14.83321 ], [ 47.44232, -15.03362 ], [ 47.53012, -15.01388 ], [ 47.71735, -14.65543 ], [ 47.75522, -14.32776 ], [ 48.02497, -14.06282 ], [ 47.90651, -13.80348 ], [ 47.94756, -13.63674 ], [ 48.07616, -13.59595 ], [ 48.28537, -13.70804 ], [ 48.35654, -13.54293 ], [ 48.17531, -13.32882 ], [ 48.23734, -13.26122 ], [ 48.3044, -13.27361 ], [ 48.43322, -13.47463 ], [ 48.74326, -13.34716 ], [ 48.90582, -12.87836 ], [ 48.8377, -12.48958 ], [ 49.27501, -12.08033 ], [ 49.32692, -12.24651 ], [ 49.50228, -12.40239 ], [ 49.93161, -13.11592 ], [ 50.12746, -13.83173 ], [ 50.22486, -14.70006 ], [ 50.44698, -15.25371 ], [ 50.4072, -15.55924 ] ], [ [ 47.91896, -14.28926 ], [ 47.99903, -14.31943 ], [ 48.05148, -14.25464 ], [ 47.97269, -14.20453 ], [ 47.91896, -14.28926 ] ] ], [ [ [ 49.82549, -16.97025 ], [ 49.89478, -16.84593 ], [ 49.94237, -16.83492 ], [ 49.89591, -16.9841 ], [ 49.82549, -16.97025 ] ] ] ] } },
{ "type": "Feature", "properties": { "iso3": "MLI", "name": "Mali" }, "geometry": { "type": "Polygon", "coordinates": [ [ [ 1.79532, 20.3092 ], [ 1.92865, 20.24723 ], [ 2.24499, 20.29957 ], [ 2.40741, 20.09525 ], [ 2.47605, 20.09543 ], [ 3.01633, 19.89689 ], [ 3.23617, 19.81611 ], [ 3.25834, 19.48266 ], [ 3.13052, 19.15444 ], [ 3.33157, 18.99 ], [ 3.43705, 19.00739 ], [ 4.26671, 19.14415 ], [ 4.26646, 18.67229 ], [ 4.2671, 18.00666 ], [ 4.26599, 17.06827 ], [ 4.20774, 16.92223 ], [ 4.19681, 16.43337 ], [ 4.00683, 16.12131 ], [ 3.86967, 15.69677 ], [ 3.69157, 15.62871 ], [ 3.47753, 15.36779 ], [ 3.43705, 15.37289 ], [ 3.06852, 15.41935 ], [ 3.01633, 15.37682 ], [ 2.9728, 15.34135 ], [ 1.3115, 15.27813 ], [ 0.94137, 14.99494 ], [ 0.67076, 14.95342 ], [ 0.23223, 14.99983 ], [ -0.36818, 15.03432 ], [ -0.45602, 15.08412 ], [ -0.74482, 15.06595 ], [ -0.9328, 14.90313 ], [ -1.02941, 14.81945 ], [ -1.07918, 14.80303 ], [ -1.32291, 14.72265 ], [ -1.68027, 14.50633 ], [ -1.94854, 14.46996 ], [ -2.007, 14.22777 ], [ -2.10326, 14.147 ], [ -2.45381, 14.28745 ], [ -2.63841, 14.16997 ], [ -2.82434, 14.0496 ], [ -2.90192, 13.81956 ], [ -2.89279, 13.66555 ], [ -2.95249, 13.62466 ], [ -3.13924, 13.66101 ], [ -3.23712, 13.68005 ], [ -3.24809, 13.30837 ], [ -3.34442, 13.28461 ], [ -3.41887, 13.26625 ], [ -3.44287, 13.15761 ], [ -3.92143, 13.39135 ], [ -3.97224, 13.52498 ], [ -4.32159, 13.14571 ], [ -4.22389, 12.93049 ], [ -4.23353, 12.72661 ], [ -4.47907, 12.72206 ], [ -4.38478, 12.53159 ], [ -4.44191, 12.32525 ], [ -4.6489, 12.06069 ], [ -4.73352, 12.00354 ], [ -5.07496, 11.96705 ], [ -5.31205, 11.83466 ], [ -5.20403, 11.45019 ], [ -5.26942, 11.25001 ], [ -5.47477, 11.02076 ], [ -5.41958, 10.84036 ], [ -5.51321, 10.43079 ], [ -5.77635, 10.42587 ], [ -5.99816, 10.21142 ], [ -6.14398, 10.21905 ], [ -6.20132, 10.27591 ], [ -6.17064, 10.42249 ], [ -6.24982, 10.72297 ], [ -6.39566, 10.68484 ], [ -6.43922, 10.57815 ], [ -6.64411, 10.64499 ], [ -6.65554, 10.36109 ], [ -6.93621, 10.33976 ], [ -7.05687, 10.1693 ], [ -7.17203, 10.24977 ], [ -7.35788, 10.25629 ], [ -7.47694, 10.44303 ], [ -7.62572, 10.44343 ], [ -7.83568, 10.22235 ], [ -7.97935, 10.17032 ], [ -7.99968, 10.32716 ], [ -8.22295, 10.45698 ], [ -8.29289, 10.57556 ], [ -8.31997, 11.01537 ], [ -8.43301, 11.05653 ], [ -8.61627, 11.02772 ], [ -8.54404, 11.18411 ], [ -8.40312, 11.30808 ], [ -8.53195, 11.49247 ], [ -8.61425, 11.49684 ], [ -8.6977, 11.61401 ], [ -8.82962, 11.66482 ], [ -8.78465, 11.96912 ], [ -8.8893, 12.06108 ], [ -8.97152, 12.22924 ], [ -8.95763, 12.33792 ], [ -9.04414, 12.42957 ], [ -9.35213, 12.48615 ], [ -9.3446, 12.27212 ], [ -9.62953, 12.16464 ], [ -9.72047, 12.04613 ], [ -10.08958, 12.15033 ], [ -10.33554, 12.19621 ], [ -10.50229, 12.10754 ], [ -10.67186, 11.92134 ], [ -10.76387, 11.95636 ], [ -10.89186, 12.18735 ], [ -10.99304, 12.22334 ], [ -11.17051, 12.03331 ], [ -11.29217, 12.02006 ], [ -11.49493, 12.21463 ], [ -11.37683, 12.41238 ], [ -11.41817, 12.67792 ], [ -11.37062, 12.96038 ], [ -11.55981, 13.29135 ], [ -11.66834, 13.39843 ], [ -11.80522, 13.33325 ], [ -11.88485, 13.38317 ], [ -11.88981, 13.46607 ], [ -12.05604, 13.6854 ], [ -11.94408, 13.86326 ], [ -11.98804, 14.19705 ], [ -12.19608, 14.43102 ], [ -12.16159, 14.65358 ], [ -12.24028, 14.76472 ], [ -12.06131, 14.74312 ], [ -11.79818, 14.90715 ], [ -11.83525, 15.16223 ], [ -11.70807, 15.53715 ], [ -11.55981, 15.58121 ], [ -11.40554, 15.61714 ], [ -10.9073, 15.13547 ], [ -10.69882, 15.42254 ], [ -10.58485, 15.42894 ], [ -10.25018, 15.47749 ], [ -9.44337, 15.43996 ], [ -9.42936, 15.60626 ], [ -9.33427, 15.68344 ], [ -9.31354, 15.51531 ], [ -9.14096, 15.50162 ], [ -8.99828, 15.50046 ], [ -6.30854, 15.5 ], [ -5.5, 15.5 ], [ -5.34377, 16.30784 ], [ -5.59911, 16.50841 ], [ -5.63348, 16.73435 ], [ -6.04832, 20.46817 ], [ -6.12908, 21.18257 ], [ -6.17698, 21.60628 ], [ -6.19893, 21.80046 ], [ -6.20839, 21.88156 ], [ -6.23436, 22.10403 ], [ -6.27016, 22.41074 ], [ -6.33445, 22.96158 ], [ -6.3541, 23.15823 ], [ -6.45661, 23.97127 ], [ -6.48989, 24.26945 ], [ -6.57037, 24.99981 ], [ -4.83333, 25.0 ], [ -3.34442, 24.03625 ], [ -3.13924, 23.90344 ], [ -3.02591, 23.83008 ], [ -2.78669, 23.67524 ], [ -2.33149, 23.38059 ], [ -1.94854, 23.13272 ], [ -1.73888, 22.99701 ], [ -1.07918, 22.57 ], [ -0.9328, 22.47525 ], [ -0.83314, 22.41074 ], [ -0.7966, 22.38709 ], [ -0.4315, 22.15076 ], [ -0.02137, 21.88529 ], [ 0.21637, 21.73126 ], [ 0.67076, 21.43685 ], [ 1.11198, 21.15097 ], [ 1.18139, 21.03786 ], [ 1.1876, 20.74613 ], [ 1.60207, 20.5854 ], [ 1.688, 20.39752 ], [ 1.79532, 20.3092 ] ] ] } },
{ "type": "Feature", "properties": { "iso3": "MRT", "name": "Mauritania" }, "geometry": { "type": "MultiPolygon", "coordinates": [ [ [ [ -16.45216, 19.49698 ], [ -16.39792, 19.5201 ], [ -16.4071, 19.40472 ], [ -16.50729, 19.38583 ], [ -16.45216, 19.49698 ] ] ], [ [ [ -6.04832, 20.46817 ], [ -5.63348, 16.73435 ], [ -5.59911, 16.50841 ], [ -5.34377, 16.30784 ], [ -5.5, 15.5 ], [ -6.30854, 15.5 ], [ -8.99828, 15.50046 ], [ -9.14096, 15.50162 ], [ -9.31354, 15.51531 ], [ -9.33427, 15.68344 ], [ -9.42936, 15.60626 ], [ -9.44337, 15.43996 ], [ -10.25018, 15.47749 ], [ -10.58485, 15.42894 ], [ -10.69882, 15.42254 ], [ -10.9073, 15.13547 ], [ -11.40554, 15.61714 ], [ -11.55981, 15.58121 ], [ -11.70807, 15.53715 ], [ -11.83525, 15.16223 ], [ -11.79818, 14.90715 ], [ -12.06131, 14.74312 ], [ -12.24028, 14.76472 ], [ -12.45079, 14.90715 ], [ -12.48921, 15.00718 ], [ -12.63882, 15.09618 ], [ -12.6913, 15.08422 ], [ -12.74605, 15.13121 ], [ -12.95789, 15.47411 ], [ -13.07704, 15.50577 ], [ -13.22596, 15.65149 ], [ -13.39464, 16.05876 ], [ -13.71781, 16.13629 ], [ -13.70402, 16.16288 ], [ -13.84243, 16.13167 ], [ -14.35418, 16.62804 ], [ -14.95299, 16.66184 ], [ -15.09044, 16.65238 ], [ -15.18351, 16.56491 ], [ -15.47146, 16.56983 ], [ -15.70189, 16.484 ], [ -16.12569, 16.53705 ], [ -16.25261, 16.5028 ], [ -16.5083, 16.06638 ], [ -16.43366, 16.62845 ], [ -16.10085, 17.46181 ], [ -16.03575, 17.88651 ], [ -16.05059, 18.39033 ], [ -16.22376, 19.00593 ], [ -16.49752, 19.3318 ], [ -16.33645, 19.45866 ], [ -16.43513, 19.72929 ], [ -16.39245, 19.7959 ], [ -16.32206, 19.75588 ], [ -16.27335, 19.7928 ], [ -16.25525, 20.26873 ], [ -16.46887, 20.636 ], [ -16.55685, 20.60642 ], [ -16.6538, 20.67942 ], [ -16.91034, 21.10896 ], [ -17.00005, 21.00354 ], [ -17.04976, 20.77011 ], [ -17.05721, 20.92686 ], [ -16.95677, 21.29657 ], [ -16.91938, 21.33207 ], [ -14.30119, 21.34174 ], [ -13.0459, 21.33933 ], [ -13.01556, 21.57667 ], [ -13.079, 22.4847 ], [ -13.15029, 22.75751 ], [ -13.00464, 23.01248 ], [ -12.66388, 23.23342 ], [ -12.01516, 23.46535 ], [ -12.0, 24.38543 ], [ -12.00054, 25.99633 ], [ -8.70075, 26.00507 ], [ -8.6676, 27.13613 ], [ -8.66812, 27.31494 ], [ -5.66826, 25.51348 ], [ -5.63696, 25.49436 ], [ -4.83333, 25.0 ], [ -6.57037, 24.99981 ], [ -6.48989, 24.26945 ], [ -6.45661, 23.97127 ], [ -6.3541, 23.15823 ], [ -6.33445, 22.96158 ], [ -6.27016, 22.41074 ], [ -6.23436, 22.10403 ], [ -6.20839, 21.88156 ], [ -6.19893, 21.80046 ], [ -6.17698, 21.60628 ], [ -6.12908, 21.18257 ], [ -6.04832, 20.46817 ] ] ] ] } },
{ "type": "Feature", "properties": { "iso3": "MUS", "name": "Mauritius" }, "geometry": { "type": "MultiPolygon", "coordinates": [ [ [ [ 57.47185, -20.17519 ], [ 57.50562, -20.14111 ], [ 57.56936, -20.01515 ], [ 57.6585, -20.00876 ], [ 57.7472, -20.10889 ], [ 57.78087, -20.31311 ], [ 57.62274, -20.49353 ], [ 57.52038, -20.51793 ], [ 57.37319, -20.47966 ], [ 57.37619, -20.26444 ], [ 57.47185, -20.17519 ] ] ], [ [ [ 63.5012, -19.69987 ], [ 63.42314, -19.78478 ], [ 63.30828, -19.74257 ], [ 63.42797, -19.67168 ], [ 63.5012, -19.69987 ] ] ], [ [ [ 59.58332, -16.75222 ], [ 59.59309, -16.86329 ], [ 59.55554, -16.89184 ], [ 59.49577, -16.87368 ], [ 59.54932, -16.76695 ], [ 59.58332, -16.75222 ] ] ], [ [ [ 56.575, -10.25225 ], [ 56.62686, -10.39123 ], [ 56.57434, -10.37959 ], [ 56.50079, -10.26078 ], [ 56.575, -10.25225 ] ] ] ] } },
{ "type": "Feature", "properties": { "iso3": "MWI", "name": "Malawi" }, "geometry": { "type": "MultiPolygon", "coordinates": [ [ [ [ 33.64216, -9.60323 ], [ 33.67167, -9.60824 ], [ 33.78839, -9.60518 ], [ 33.94, -9.71887 ], [ 33.97343, -9.55359 ], [ 34.07821, -9.52831 ], [ 34.5117, -10.01666 ], [ 34.57796, -10.26953 ], [ 34.57244, -10.53417 ], [ 34.67554, -10.75785 ], [ 34.63046, -11.08301 ], [ 34.9128, -11.39918 ], [ 34.96026, -11.57538 ], [ 34.63657, -11.58619 ], [ 34.62553, -11.74313 ], [ 34.3801, -12.18327 ], [ 34.41924, -12.43253 ], [ 34.56858, -13.03408 ], [ 34.58061, -13.42496 ], [ 34.64153, -13.47843 ], [ 34.8669, -13.48311 ], [ 34.92714, -13.54648 ], [ 34.99341, -13.60812 ], [ 35.08977, -13.6997 ], [ 35.22781, -13.88137 ], [ 35.48542, -14.16919 ], [ 35.5216, -14.26026 ], [ 35.76961, -14.55417 ], [ 35.86333, -14.68015 ], [ 35.90055, -14.91542 ], [ 35.79907, -15.20451 ], [ 35.85137, -15.44159 ], [ 35.85104, -15.45003 ], [ 35.8126, -15.93394 ], [ 35.74468, -16.07599 ], [ 35.41984, -16.13175 ], [ 35.30772, -16.21758 ], [ 35.26215, -16.41078 ], [ 35.16174, -16.57982 ], [ 35.29923, -16.76727 ], [ 35.29549, -17.12909 ], [ 35.09738, -17.10406 ], [ 35.07019, -17.02403 ], [ 35.1525, -16.93388 ], [ 35.14216, -16.85289 ], [ 34.89497, -16.68895 ], [ 34.41858, -16.22681 ], [ 34.41784, -16.05158 ], [ 34.2593, -15.88253 ], [ 34.35252, -15.74438 ], [ 34.49239, -15.41132 ], [ 34.58346, -15.21045 ], [ 34.60764, -14.98802 ], [ 34.53576, -14.61652 ], [ 34.4, -14.41292 ], [ 33.72979, -14.52667 ], [ 33.65006, -14.59577 ], [ 33.35692, -14.22027 ], [ 33.24396, -13.99993 ], [ 33.1424, -13.95531 ], [ 33.0218, -14.02242 ], [ 32.92579, -13.85323 ], [ 32.79659, -13.77727 ], [ 32.81441, -13.68649 ], [ 32.68814, -13.60843 ], [ 32.84994, -13.51336 ], [ 32.92652, -13.35915 ], [ 32.99546, -13.19747 ], [ 33.00842, -12.91984 ], [ 32.95334, -12.81075 ], [ 32.98869, -12.70174 ], [ 33.06615, -12.60658 ], [ 33.37637, -12.53734 ], [ 33.46236, -12.43253 ], [ 33.54855, -12.36393 ], [ 33.36804, -12.32342 ], [ 33.2733, -12.14705 ], [ 33.34348, -11.84872 ], [ 33.32549, -11.63836 ], [ 33.24538, -11.59172 ], [ 33.25145, -11.43032 ], [ 33.38865, -11.17589 ], [ 33.30964, -11.0035 ], [ 33.29115, -10.85193 ], [ 33.5058, -10.76699 ], [ 33.70939, -10.56834 ], [ 33.56643, -10.37216 ], [ 33.5362, -10.20792 ], [ 33.33431, -10.04163 ], [ 33.35636, -9.83923 ], [ 33.1924, -9.61012 ], [ 33.01656, -9.61662 ], [ 32.9537, -9.4013 ], [ 33.34151, -9.50385 ], [ 33.4687, -9.6126 ], [ 33.64216, -9.60323 ] ] ], [ [ [ 34.56099, -12.04189 ], [ 34.72622, -12.00426 ], [ 34.81851, -12.09859 ], [ 34.71023, -12.12793 ], [ 34.56099, -12.04189 ] ] ] ] } },
{ "type": "Feature", "properties": { "iso3": "RWA", "name": "Rwanda" }, "geometry": { "type": "Polygon", "coordinates": [ [ [ 30.5837, -1.33191 ], [ 30.8157, -1.63187 ], [ 30.87804, -2.1036 ], [ 30.81019, -2.32655 ], [ 30.54361, -2.41302 ], [ 30.42977, -2.33315 ], [ 30.37329, -2.35231 ], [ 30.1395, -2.42131 ], [ 29.95899, -2.32738 ], [ 29.92951, -2.65598 ], [ 29.85783, -2.75365 ], [ 29.66669, -2.79159 ], [ 29.43865, -2.79735 ], [ 29.36945, -2.80812 ], [ 29.33368, -2.68018 ], [ 29.09889, -2.60462 ], [ 29.04074, -2.74335 ], [ 28.92674, -2.64638 ], [ 28.89161, -2.45278 ], [ 29.0099, -2.32655 ], [ 29.1284, -2.2001 ], [ 29.14513, -1.8955 ], [ 29.2448, -1.69814 ], [ 29.33152, -1.56091 ], [ 29.37031, -1.51471 ], [ 29.45033, -1.50616 ], [ 29.59117, -1.3877 ], [ 29.82111, -1.31065 ], [ 29.92988, -1.42608 ], [ 30.07012, -1.38248 ], [ 30.12112, -1.33191 ], [ 30.19243, -1.26119 ], [ 30.30121, -1.15332 ], [ 30.37398, -1.07155 ], [ 30.4731, -1.05761 ], [ 30.5837, -1.33191 ] ] ] } },
{ "type": "Feature", "properties": { "iso3": "SYC", "name": "Seychelles" }, "geometry": { "type": "MultiPolygon", "coordinates": [ [ [ [ 50.99164, -9.47503 ], [ 51.0207, -9.61147 ], [ 51.00042, -9.64285 ], [ 50.9479, -9.62104 ], [ 50.95833, -9.49847 ], [ 50.99164, -9.47503 ] ] ], [ [ [ 46.54818, -9.39017 ], [ 46.49873, -9.46109 ], [ 46.39219, -9.45306 ], [ 46.46241, -9.37227 ], [ 46.54818, -9.39017 ] ] ], [ [ [ 55.49356, -4.61427 ], [ 55.52314, -4.7158 ], [ 55.48687, -4.72737 ], [ 55.35413, -4.66096 ], [ 55.41979, -4.61636 ], [ 55.49356, -4.61427 ] ] ], [ [ [ 55.14318, -4.46774 ], [ 55.25345, -4.43414 ], [ 55.28921, -4.51108 ], [ 55.22376, -4.53585 ], [ 55.14318, -4.46774 ] ] ], [ [ [ 55.71587, -4.37637 ], [ 55.67059, -4.3134 ], [ 55.7635, -4.28384 ], [ 55.80715, -4.38696 ], [ 55.71587, -4.37637 ] ] ] ] } },
{ "type": "Feature", "properties": { "iso3": "SDN", "name": "Sudan" }, "geometry": { "type": "Polygon", "coordinates": [ [ [ 31.49311, 22.00384 ], [ 32.54258, 22.0 ], [ 33.16666, 22.0 ], [ 33.38507, 21.8445 ], [ 33.46885, 21.78486 ], [ 33.55292, 21.725 ], [ 33.97816, 21.7715 ], [ 34.07986, 22.00001 ], [ 36.88007, 21.99963 ], [ 36.93665, 21.58352 ], [ 37.28484, 21.05502 ], [ 37.25651, 21.0265 ], [ 37.14466, 21.13284 ], [ 37.10902, 21.02358 ], [ 37.22744, 20.54859 ], [ 37.2057, 19.97615 ], [ 37.33898, 19.18504 ], [ 37.46249, 18.83564 ], [ 37.95336, 18.54096 ], [ 38.15354, 18.26761 ], [ 38.35239, 18.23226 ], [ 38.378, 18.15749 ], [ 38.58253, 18.02048 ], [ 38.25388, 17.55554 ], [ 38.04139, 17.54556 ], [ 37.52144, 17.31407 ], [ 37.39603, 17.06813 ], [ 37.18338, 17.02254 ], [ 36.99361, 17.06916 ], [ 37.00384, 16.78133 ], [ 36.90374, 16.56397 ], [ 36.97222, 16.29417 ], [ 36.69207, 15.72276 ], [ 36.55295, 15.26585 ], [ 36.44169, 15.1318 ], [ 36.5603, 14.25751 ], [ 36.46005, 13.99435 ], [ 36.46092, 13.7809 ], [ 36.42722, 13.70222 ], [ 36.23483, 13.31278 ], [ 36.13807, 12.73252 ], [ 35.69944, 12.66583 ], [ 35.26165, 11.92887 ], [ 35.11135, 11.83496 ], [ 35.06472, 11.69917 ], [ 35.07715, 11.5232 ], [ 34.94838, 11.24971 ], [ 34.99183, 11.15225 ], [ 34.95302, 10.85852 ], [ 34.82682, 10.73227 ], [ 34.60097, 10.87048 ], [ 34.42416, 10.75354 ], [ 34.2994, 10.5419 ], [ 34.32912, 10.15548 ], [ 34.11322, 9.65655 ], [ 34.10597, 9.5 ], [ 33.90012, 9.51156 ], [ 33.89189, 9.65655 ], [ 33.98349, 9.89802 ], [ 33.97307, 10.11906 ], [ 33.52413, 10.62713 ], [ 33.33819, 10.73198 ], [ 33.26414, 10.78859 ], [ 33.14643, 11.42277 ], [ 33.17084, 11.67454 ], [ 33.25011, 12.21992 ], [ 32.75499, 12.22635 ], [ 32.70491, 11.9541 ], [ 32.09659, 11.95105 ], [ 32.38425, 11.69075 ], [ 32.44415, 11.03072 ], [ 31.98921, 10.63919 ], [ 31.82469, 10.36317 ], [ 31.35025, 9.80884 ], [ 30.83427, 9.71175 ], [ 30.46301, 10.00162 ], [ 30.0348, 10.26465 ], [ 29.92184, 10.27822 ], [ 29.55881, 10.07935 ], [ 29.51454, 9.76207 ], [ 29.11825, 9.74876 ], [ 29.00037, 9.67023 ], [ 28.99846, 10.11806 ], [ 28.9498, 10.16526 ], [ 27.86578, 10.16214 ], [ 27.83298, 9.7634 ], [ 27.88475, 9.65655 ], [ 27.90722, 9.61016 ], [ 27.16509, 9.62104 ], [ 26.65656, 9.50608 ], [ 26.3497, 9.62027 ], [ 26.21923, 9.90128 ], [ 25.95111, 10.17772 ], [ 25.92294, 10.36467 ], [ 25.84593, 10.41398 ], [ 25.1074, 10.3058 ], [ 25.0237, 9.98919 ], [ 24.7489, 9.75989 ], [ 24.74258, 9.65655 ], [ 24.74033, 9.50446 ], [ 24.6142, 9.36637 ], [ 24.55543, 8.89539 ], [ 24.23447, 8.64497 ], [ 24.19892, 8.69271 ], [ 23.52896, 8.73431 ], [ 23.57827, 8.95042 ], [ 23.46647, 9.00821 ], [ 23.47333, 9.13028 ], [ 23.64273, 9.2896 ], [ 23.63402, 9.53647 ], [ 23.68818, 9.65655 ], [ 23.65277, 9.89051 ], [ 23.32874, 10.42176 ], [ 23.01306, 10.69528 ], [ 22.87778, 10.92056 ], [ 22.96621, 11.19966 ], [ 22.94389, 11.35073 ], [ 22.57501, 11.61143 ], [ 22.62332, 12.03617 ], [ 22.58362, 12.06045 ], [ 22.48774, 12.06387 ], [ 22.39852, 12.46374 ], [ 22.4407, 12.62218 ], [ 22.2329, 12.7272 ], [ 22.10083, 12.64521 ], [ 21.93421, 12.66504 ], [ 21.82119, 12.79897 ], [ 21.94557, 13.05482 ], [ 22.26586, 13.36152 ], [ 22.10973, 13.77122 ], [ 22.18722, 13.90806 ], [ 22.54004, 14.13108 ], [ 22.39801, 14.55639 ], [ 22.68216, 14.69854 ], [ 22.67945, 14.84512 ], [ 22.78122, 14.99208 ], [ 22.92147, 15.11391 ], [ 22.98628, 15.26585 ], [ 22.93451, 15.53306 ], [ 23.11071, 15.71488 ], [ 23.38479, 15.703 ], [ 23.63387, 15.77191 ], [ 23.99599, 15.73618 ], [ 23.99999, 19.49999 ], [ 24.02505, 19.99279 ], [ 25.0, 20.0 ], [ 25.00038, 20.18714 ], [ 25.00158, 20.78569 ], [ 25.00174, 20.86661 ], [ 25.00209, 21.03786 ], [ 25.00217, 21.07926 ], [ 25.00333, 21.65672 ], [ 25.00389, 21.93545 ], [ 25.0, 22.0 ], [ 31.09815, 22.0 ], [ 31.29679, 22.0222 ], [ 31.43302, 22.14054 ], [ 31.49311, 22.00384 ] ] ] } },
{ "type": "Feature", "properties": { "iso3": "TUN", "name": "Tunisia" }, "geometry": { "type": "MultiPolygon", "coordinates": [ [ [ [ 9.99958, 37.25055 ], [ 10.08031, 37.25055 ], [ 10.17309, 37.20277 ], [ 10.19467, 37.10883 ], [ 10.25209, 36.94302 ], [ 10.32992, 36.87432 ], [ 10.28544, 36.81236 ], [ 10.41758, 36.71665 ], [ 10.73423, 36.89399 ], [ 11.00792, 37.06568 ], [ 11.11864, 36.88664 ], [ 10.82285, 36.48818 ], [ 10.73423, 36.44049 ], [ 10.52947, 36.35281 ], [ 10.48843, 36.06701 ], [ 10.68034, 35.78134 ], [ 10.73423, 35.76632 ], [ 11.01887, 35.62789 ], [ 11.03053, 35.55454 ], [ 11.10868, 35.23647 ], [ 11.0215, 35.08922 ], [ 10.73423, 34.66195 ], [ 10.13322, 34.31486 ], [ 10.01799, 34.18476 ], [ 10.09558, 33.92506 ], [ 10.42494, 33.63561 ], [ 10.70351, 33.69303 ], [ 10.77834, 33.86587 ], [ 10.90633, 33.88405 ], [ 11.01409, 33.76686 ], [ 10.76833, 33.67829 ], [ 10.71689, 33.51351 ], [ 11.03168, 33.60484 ], [ 11.18298, 33.24079 ], [ 11.56172, 33.16677 ], [ 11.4858, 32.6853 ], [ 11.59097, 32.47994 ], [ 11.42111, 32.35417 ], [ 11.15529, 32.24992 ], [ 10.73423, 31.97631 ], [ 10.6525, 31.95343 ], [ 10.621, 31.85615 ], [ 10.52277, 31.75403 ], [ 10.30422, 31.68689 ], [ 10.15489, 31.49361 ], [ 10.28279, 31.09655 ], [ 10.29586, 30.88845 ], [ 10.24202, 30.75865 ], [ 9.94255, 30.39279 ], [ 9.55921, 30.22906 ], [ 9.47382, 30.55904 ], [ 9.1377, 31.85615 ], [ 9.0764, 32.08459 ], [ 8.8003, 32.23626 ], [ 8.69692, 32.29835 ], [ 8.52856, 32.39947 ], [ 8.35683, 32.5026 ], [ 8.29245, 32.86217 ], [ 8.08703, 33.10687 ], [ 7.83227, 33.20928 ], [ 7.73658, 33.42466 ], [ 7.55203, 33.74531 ], [ 7.52652, 33.89466 ], [ 7.57946, 34.11486 ], [ 7.80882, 34.24376 ], [ 7.87304, 34.40189 ], [ 8.13765, 34.53235 ], [ 8.32421, 34.73281 ], [ 8.26116, 34.90215 ], [ 8.44736, 35.22376 ], [ 8.33241, 35.32276 ], [ 8.35396, 35.61661 ], [ 8.2646, 35.77451 ], [ 8.29082, 35.9569 ], [ 8.3765, 36.35004 ], [ 8.37112, 36.4226 ], [ 8.1671, 36.46723 ], [ 8.43481, 36.62169 ], [ 8.48706, 36.75985 ], [ 8.63886, 36.80994 ], [ 8.64205, 36.94103 ], [ 8.88479, 37.00846 ], [ 9.08216, 37.15699 ], [ 9.37513, 37.25055 ], [ 9.71305, 37.33501 ], [ 9.95758, 37.25055 ], [ 9.99958, 37.25055 ] ] ], [ [ [ 11.12226, 34.65134 ], [ 11.05776, 34.59675 ], [ 10.95512, 34.64461 ], [ 11.05261, 34.69311 ], [ 11.12226, 34.65134 ] ] ], [ [ [ 11.31923, 34.7971 ], [ 11.28007, 34.72144 ], [ 11.16259, 34.74023 ], [ 11.24096, 34.81402 ], [ 11.31923, 34.7971 ] ] ] ] } },
{ "type": "Feature", "properties": { "iso3": "TZA", "name": "United Republic of Tanzania" }, "geometry": { "type": "MultiPolygon", "coordinates": [ [ [ [ 39.70171, -8.07939 ], [ 39.55891, -8.08314 ], [ 39.44828, -8.02049 ], [ 39.82001, -7.93982 ], [ 39.70171, -8.07939 ] ] ], [ [ [ 32.87439, -1.0 ], [ 33.51939, -1.0 ], [ 33.60567, -1.0 ], [ 33.65719, -1.0 ], [ 33.75632, -1.0 ], [ 33.93336, -1.0 ], [ 34.09361, -1.02886 ], [ 34.50478, -1.26119 ], [ 34.56928, -1.29766 ], [ 34.62987, -1.33191 ], [ 34.73151, -1.38938 ], [ 34.95118, -1.51377 ], [ 35.03442, -1.56091 ], [ 35.22291, -1.66765 ], [ 35.25748, -1.68655 ], [ 35.31939, -1.72143 ], [ 35.62339, -1.89274 ], [ 36.00092, -2.10548 ], [ 36.3929, -2.32655 ], [ 37.38336, -2.88515 ], [ 37.65173, -3.05377 ], [ 37.69394, -3.19615 ], [ 37.62526, -3.49145 ], [ 37.73972, -3.55572 ], [ 37.82639, -3.70003 ], [ 38.40425, -4.11144 ], [ 38.44879, -4.14173 ], [ 39.20792, -4.67675 ], [ 39.18472, -4.94781 ], [ 38.80033, -5.96902 ], [ 38.86758, -6.36505 ], [ 39.12148, -6.56621 ], [ 39.28277, -6.7801 ], [ 39.50365, -6.93301 ], [ 39.53523, -7.09047 ], [ 39.44969, -7.18294 ], [ 39.28595, -7.57394 ], [ 39.31319, -7.7333 ], [ 39.42903, -7.82692 ], [ 39.43934, -7.98932 ], [ 39.29533, -8.27027 ], [ 39.36602, -8.68149 ], [ 39.61793, -9.10368 ], [ 39.63001, -9.41748 ], [ 39.78605, -9.83819 ], [ 39.74065, -9.97935 ], [ 39.89518, -10.04041 ], [ 39.96644, -10.20172 ], [ 40.01334, -10.14917 ], [ 40.09377, -10.17286 ], [ 40.1353, -10.25975 ], [ 40.40455, -10.37673 ], [ 40.43377, -10.47081 ], [ 39.98378, -10.8068 ], [ 39.51858, -10.98774 ], [ 39.25008, -11.15947 ], [ 38.8794, -11.18163 ], [ 38.48638, -11.41625 ], [ 38.11504, -11.26161 ], [ 37.87482, -11.29134 ], [ 37.73576, -11.54771 ], [ 37.39673, -11.67703 ], [ 36.83063, -11.58445 ], [ 36.64249, -11.7177 ], [ 36.286, -11.71026 ], [ 36.15301, -11.55932 ], [ 35.85691, -11.4256 ], [ 35.54586, -11.5699 ], [ 34.96026, -11.57538 ], [ 34.9128, -11.39918 ], [ 34.63046, -11.08301 ], [ 34.67554, -10.75785 ], [ 34.57244, -10.53417 ], [ 34.57796, -10.26953 ], [ 34.5117, -10.01666 ], [ 34.07821, -9.52831 ], [ 33.97343, -9.55359 ], [ 33.94, -9.71887 ], [ 33.78839, -9.60518 ], [ 33.67167, -9.60824 ], [ 33.64216, -9.60323 ], [ 33.4687, -9.6126 ], [ 33.34151, -9.50385 ], [ 32.9537, -9.4013 ], [ 32.54848, -9.24554 ], [ 32.4235, -9.13017 ], [ 32.1729, -9.07524 ], [ 32.11393, -9.05758 ], [ 31.98431, -9.05582 ], [ 31.87903, -8.91206 ], [ 31.6668, -8.89599 ], [ 31.55304, -8.71151 ], [ 31.37736, -8.60931 ], [ 31.18321, -8.60267 ], [ 31.0234, -8.58042 ], [ 30.79625, -8.27651 ], [ 30.32637, -7.17382 ], [ 30.15964, -6.93301 ], [ 29.74521, -6.63487 ], [ 29.55615, -6.29383 ], [ 29.50097, -5.99081 ], [ 29.61746, -5.69426 ], [ 29.36528, -5.0 ], [ 29.33635, -4.6802 ], [ 29.43595, -4.44901 ], [ 29.66125, -4.44855 ], [ 30.00457, -4.29677 ], [ 30.18367, -4.07043 ], [ 30.38927, -3.72468 ], [ 30.46623, -3.55336 ], [ 30.64611, -3.42846 ], [ 30.6346, -3.361 ], [ 30.829, -3.24032 ], [ 30.84985, -2.97952 ], [ 30.68635, -2.98611 ], [ 30.56539, -2.914 ], [ 30.48694, -2.94896 ], [ 30.42164, -2.8476 ], [ 30.47874, -2.70582 ], [ 30.43954, -2.63653 ], [ 30.54361, -2.41302 ], [ 30.81019, -2.32655 ], [ 30.87804, -2.1036 ], [ 30.8157, -1.63187 ], [ 30.5837, -1.33191 ], [ 30.4731, -1.05761 ], [ 31.26986, -1.0 ], [ 31.68096, -0.99949 ], [ 31.7879, -0.99936 ], [ 31.83245, -0.99871 ], [ 31.90951, -0.9993 ], [ 31.99917, -1.0 ], [ 32.75025, -1.0 ], [ 32.78947, -1.0 ], [ 32.87439, -1.0 ] ] ], [ [ [ 39.20436, -6.03546 ], [ 39.29854, -5.86267 ], [ 39.40136, -6.02163 ], [ 39.45019, -6.16273 ], [ 39.52882, -6.20074 ], [ 39.54327, -6.43929 ], [ 39.45378, -6.43994 ], [ 39.30992, -6.23706 ], [ 39.21382, -6.23012 ], [ 39.20436, -6.03546 ] ] ], [ [ [ 39.68996, -5.13099 ], [ 39.67323, -4.95747 ], [ 39.85095, -4.91516 ], [ 39.85558, -5.19175 ], [ 39.78184, -5.39069 ], [ 39.64895, -5.45792 ], [ 39.62046, -5.38718 ], [ 39.74621, -5.1743 ], [ 39.68996, -5.13099 ] ] ] ] } },
{ "type": "Feature", "properties": { "iso3": "UGA", "name": "Uganda" }, "geometry": { "type": "Polygon", "coordinates": [ [ [ 34.17857, 3.78673 ], [ 34.44583, 3.66861 ], [ 34.41198, 3.36676 ], [ 34.46535, 3.19036 ], [ 34.55894, 3.11037 ], [ 34.60796, 2.92737 ], [ 34.7458, 2.82803 ], [ 34.94629, 2.45179 ], [ 34.93383, 2.2831 ], [ 34.98911, 1.68778 ], [ 34.7871, 1.36524 ], [ 34.81897, 1.25849 ], [ 34.57865, 1.14486 ], [ 34.57498, 1.09862 ], [ 34.53347, 1.10622 ], [ 34.49189, 1.02585 ], [ 34.36154, 0.77413 ], [ 34.31318, 0.75652 ], [ 34.29799, 0.72207 ], [ 34.26387, 0.64473 ], [ 34.13823, 0.58287 ], [ 34.12391, 0.51601 ], [ 34.09224, 0.36814 ], [ 33.97463, 0.1904 ], [ 33.9222, 0.09139 ], [ 33.95198, -0.03283 ], [ 33.97879, -0.15173 ], [ 33.96823, -0.21865 ], [ 33.94912, -0.33974 ], [ 33.93142, -0.80745 ], [ 33.93189, -0.85473 ], [ 33.93336, -1.0 ], [ 33.75632, -1.0 ], [ 33.65719, -1.0 ], [ 33.60567, -1.0 ], [ 33.51939, -1.0 ], [ 32.87439, -1.0 ], [ 32.78947, -1.0 ], [ 32.75025, -1.0 ], [ 31.99917, -1.0 ], [ 31.90951, -0.9993 ], [ 31.83245, -0.99871 ], [ 31.7879, -0.99936 ], [ 31.68096, -0.99949 ], [ 31.26986, -1.0 ], [ 30.4731, -1.05761 ], [ 30.37398, -1.07155 ], [ 30.30121, -1.15332 ], [ 30.19243, -1.26119 ], [ 30.12112, -1.33191 ], [ 30.07012, -1.38248 ], [ 29.92988, -1.42608 ], [ 29.82111, -1.31065 ], [ 29.59117, -1.3877 ], [ 29.59026, -1.33191 ], [ 29.58911, -1.26119 ], [ 29.58496, -1.00664 ], [ 29.69853, -0.3364 ], [ 29.71151, -0.22009 ], [ 29.73813, 0.08566 ], [ 29.91305, 0.43907 ], [ 29.96317, 0.51601 ], [ 29.9786, 0.72207 ], [ 29.9873, 0.83812 ], [ 30.15548, 0.88733 ], [ 30.26545, 1.12266 ], [ 30.54968, 1.26613 ], [ 31.0767, 1.85896 ], [ 31.30568, 2.15691 ], [ 31.01479, 2.38621 ], [ 30.90153, 2.34849 ], [ 30.75973, 2.45815 ], [ 30.79153, 2.64718 ], [ 30.88206, 2.85086 ], [ 30.80219, 3.12676 ], [ 30.917, 3.37195 ], [ 30.92524, 3.48859 ], [ 30.85001, 3.50042 ], [ 30.97268, 3.67759 ], [ 31.10046, 3.73613 ], [ 31.28793, 3.7888 ], [ 31.51777, 3.63816 ], [ 31.79595, 3.82216 ], [ 31.99993, 3.57947 ], [ 32.05964, 3.58011 ], [ 32.20095, 3.50484 ], [ 32.22597, 3.61481 ], [ 32.43637, 3.74354 ], [ 32.75647, 3.77815 ], [ 33.01851, 3.87599 ], [ 33.32749, 3.76681 ], [ 33.51452, 3.75491 ], [ 33.98776, 4.23408 ], [ 34.05059, 4.16926 ], [ 34.08907, 4.04888 ], [ 34.12849, 3.90333 ], [ 34.20883, 3.85575 ], [ 34.17857, 3.78673 ] ] ] } },
{ "type": "Feature", "properties": { "iso3": "SLE", "name": "Sierra Leone" }, "geometry": { "type": "Polygon", "coordinates": [ [ [ -11.20062, 9.9802 ], [ -10.93637, 9.67518 ], [ -10.81253, 9.40869 ], [ -10.65691, 9.29155 ], [ -10.72063, 9.10766 ], [ -10.57339, 9.04945 ], [ -10.58108, 9.03147 ], [ -10.48128, 8.67765 ], [ -10.6194, 8.50929 ], [ -10.62884, 8.36445 ], [ -10.53982, 8.32681 ], [ -10.38184, 8.47312 ], [ -10.27991, 8.485 ], [ -10.31566, 8.20597 ], [ -10.54349, 8.10194 ], [ -10.60502, 7.92092 ], [ -10.61962, 7.78334 ], [ -10.85344, 7.54273 ], [ -11.14484, 7.33871 ], [ -11.50675, 6.92837 ], [ -11.90881, 7.16397 ], [ -12.80774, 7.54838 ], [ -12.80344, 7.60767 ], [ -12.64961, 7.68895 ], [ -12.89208, 7.88163 ], [ -12.98853, 8.23696 ], [ -13.15127, 8.22239 ], [ -13.2758, 8.44813 ], [ -13.21109, 8.47779 ], [ -13.04229, 8.37683 ], [ -13.11059, 8.44071 ], [ -13.06649, 8.54828 ], [ -13.16287, 8.54796 ], [ -13.22386, 8.63913 ], [ -13.20625, 8.88648 ], [ -13.30123, 9.03608 ], [ -13.04832, 9.1034 ], [ -12.80107, 9.31285 ], [ -12.44022, 9.8555 ], [ -12.26231, 9.91251 ], [ -12.11994, 9.87227 ], [ -11.90688, 9.94018 ], [ -11.85549, 9.99673 ], [ -11.55981, 9.99993 ], [ -11.49039, 9.99995 ], [ -11.20062, 9.9802 ] ] ] } },
{ "type": "Feature", "properties": { "iso3": "SEN", "name": "Senegal" }, "geometry": { "type": "Polygon", "coordinates": [ [ [ -14.35418, 16.62804 ], [ -13.84243, 16.13167 ], [ -13.70402, 16.16288 ], [ -13.71781, 16.13629 ], [ -13.39464, 16.05876 ], [ -13.22596, 15.65149 ], [ -13.07704, 15.50577 ], [ -12.95789, 15.47411 ], [ -12.74605, 15.13121 ], [ -12.6913, 15.08422 ], [ -12.63882, 15.09618 ], [ -12.48921, 15.00718 ], [ -12.45079, 14.90715 ], [ -12.24028, 14.76472 ], [ -12.16159, 14.65358 ], [ -12.19608, 14.43102 ], [ -11.98804, 14.19705 ], [ -11.94408, 13.86326 ], [ -12.05604, 13.6854 ], [ -11.88981, 13.46607 ], [ -11.88485, 13.38317 ], [ -11.80522, 13.33325 ], [ -11.66834, 13.39843 ], [ -11.55981, 13.29135 ], [ -11.37062, 12.96038 ], [ -11.41817, 12.67792 ], [ -11.37683, 12.41238 ], [ -11.55981, 12.43902 ], [ -11.77859, 12.38974 ], [ -12.06057, 12.42143 ], [ -12.34229, 12.33357 ], [ -12.45848, 12.39678 ], [ -12.5685, 12.37028 ], [ -12.8948, 12.53724 ], [ -13.03894, 12.49243 ], [ -13.0671, 12.61358 ], [ -13.13425, 12.64216 ], [ -13.34507, 12.65839 ], [ -13.70815, 12.67562 ], [ -13.90483, 12.67602 ], [ -13.96654, 12.67615 ], [ -14.28743, 12.67681 ], [ -14.32338, 12.67651 ], [ -14.42624, 12.67972 ], [ -14.50944, 12.67713 ], [ -14.63996, 12.6775 ], [ -14.9129, 12.67825 ], [ -15.12243, 12.68582 ], [ -15.48084, 12.51534 ], [ -15.67865, 12.43379 ], [ -15.89001, 12.45028 ], [ -16.16333, 12.46274 ], [ -16.71726, 12.33953 ], [ -16.77533, 12.45358 ], [ -16.78846, 12.72455 ], [ -16.74716, 13.06395 ], [ -16.64849, 13.16512 ], [ -15.895, 13.16821 ], [ -15.80453, 13.16765 ], [ -15.80438, 13.24111 ], [ -15.75556, 13.35601 ], [ -15.33908, 13.36025 ], [ -15.17026, 13.55 ], [ -15.08498, 13.57836 ], [ -14.54933, 13.3245 ], [ -14.37219, 13.24354 ], [ -14.19715, 13.23823 ], [ -13.8446, 13.34937 ], [ -13.80915, 13.42323 ], [ -13.86612, 13.50733 ], [ -13.98251, 13.57127 ], [ -14.30408, 13.46527 ], [ -14.44885, 13.52755 ], [ -14.54445, 13.6381 ], [ -14.76305, 13.64172 ], [ -14.82889, 13.75667 ], [ -15.0563, 13.81842 ], [ -15.40968, 13.7447 ], [ -15.46227, 13.6357 ], [ -15.52298, 13.58892 ], [ -16.08776, 13.59247 ], [ -16.54732, 13.59007 ], [ -16.73047, 13.82992 ], [ -16.77389, 14.05379 ], [ -17.0208, 14.44158 ], [ -17.14652, 14.59041 ], [ -17.28884, 14.71243 ], [ -17.38899, 14.72851 ], [ -17.44467, 14.67164 ], [ -17.50587, 14.7322 ], [ -17.16176, 14.8935 ], [ -16.72903, 15.45438 ], [ -16.52801, 15.83258 ], [ -16.5083, 16.06638 ], [ -16.25261, 16.5028 ], [ -16.12569, 16.53705 ], [ -15.70189, 16.484 ], [ -15.47146, 16.56983 ], [ -15.18351, 16.56491 ], [ -15.09044, 16.65238 ], [ -14.95299, 16.66184 ], [ -14.35418, 16.62804 ] ] ] } },
{ "type": "Feature", "properties": { "iso3": "SOM", "name": "Somalia" }, "geometry": { "type": "MultiPolygon", "coordinates": [ [ [ [ 51.15495, 10.59333 ], [ 50.90978, 10.29854 ], [ 50.80503, 9.60022 ], [ 50.81995, 9.41877 ], [ 50.60412, 9.04399 ], [ 50.43173, 8.86547 ], [ 50.32098, 8.54634 ], [ 50.17607, 8.32725 ], [ 50.11449, 8.19238 ], [ 49.83047, 7.92498 ], [ 49.8096, 7.72089 ], [ 49.64592, 7.40231 ], [ 49.22037, 6.75854 ], [ 48.90532, 5.91301 ], [ 47.82661, 4.33486 ], [ 47.03561, 3.47176 ], [ 46.09058, 2.50752 ], [ 45.60413, 2.18297 ], [ 45.26908, 1.99287 ], [ 44.79943, 1.7296 ], [ 43.57454, 0.72207 ], [ 43.51839, 0.67588 ], [ 43.36088, 0.51601 ], [ 43.18904, 0.32655 ], [ 42.74857, -0.15173 ], [ 42.68695, -0.21865 ], [ 42.10075, -0.85518 ], [ 41.8319, -1.26119 ], [ 41.78506, -1.33191 ], [ 41.55938, -1.66207 ], [ 41.54592, -1.58313 ], [ 41.36672, -1.33191 ], [ 41.31598, -1.26119 ], [ 40.99844, -0.81859 ], [ 40.99667, -0.21865 ], [ 40.99647, -0.15173 ], [ 40.99466, 0.46134 ], [ 40.99456, 0.51601 ], [ 40.99438, 0.6133 ], [ 40.99419, 0.72207 ], [ 40.99326, 1.23078 ], [ 40.99155, 2.17626 ], [ 41.00214, 2.82955 ], [ 41.32488, 3.16197 ], [ 41.90675, 3.98268 ], [ 41.94721, 4.04888 ], [ 42.10542, 4.17475 ], [ 42.52149, 4.20531 ], [ 42.88416, 4.30698 ], [ 43.08058, 4.59723 ], [ 43.46927, 4.80604 ], [ 44.01527, 4.93884 ], [ 44.58958, 4.93191 ], [ 44.79943, 4.92656 ], [ 45.00017, 4.95437 ], [ 45.41093, 5.53638 ], [ 46.52148, 6.53052 ], [ 47.55707, 7.56095 ], [ 47.91371, 7.93174 ], [ 47.91991, 7.9999 ], [ 47.01189, 8.00074 ], [ 44.79943, 8.73619 ], [ 44.69, 8.77253 ], [ 44.00143, 9.01249 ], [ 43.6794, 9.31464 ], [ 43.46406, 9.43825 ], [ 43.28622, 9.67367 ], [ 43.24605, 9.83556 ], [ 43.09078, 9.92297 ], [ 42.86718, 10.22403 ], [ 42.72122, 10.56274 ], [ 42.73947, 10.67259 ], [ 42.96164, 10.98441 ], [ 43.22801, 11.4119 ], [ 43.25744, 11.46107 ], [ 43.46225, 11.32858 ], [ 43.85335, 10.77327 ], [ 44.26497, 10.44746 ], [ 44.51786, 10.38351 ], [ 44.79943, 10.4139 ], [ 44.96203, 10.42567 ], [ 45.78063, 10.84546 ], [ 46.0338, 10.77164 ], [ 46.21874, 10.77586 ], [ 46.40384, 10.68736 ], [ 46.59016, 10.72195 ], [ 47.42825, 11.1741 ], [ 47.70382, 11.1019 ], [ 48.09321, 11.12861 ], [ 48.36234, 11.26809 ], [ 48.61941, 11.31961 ], [ 48.91758, 11.24141 ], [ 49.43844, 11.3484 ], [ 49.6225, 11.46177 ], [ 50.14117, 11.53561 ], [ 50.44839, 11.69339 ], [ 50.59714, 11.91331 ], [ 50.77273, 11.96905 ], [ 51.26092, 11.83267 ], [ 51.25645, 11.69875 ], [ 51.08224, 11.30224 ], [ 51.15989, 11.13139 ], [ 51.15495, 10.59333 ] ] ], [ [ [ 51.18829, 10.44077 ], [ 51.34819, 10.48371 ], [ 51.44009, 10.41897 ], [ 51.33025, 10.3692 ], [ 51.18829, 10.44077 ] ] ] ] } },
{ "type": "Feature", "properties": { "iso3": "SSD", "name": "South Sudan" }, "geometry": { "type": "Polygon", "coordinates": [ [ [ 33.98349, 9.89802 ], [ 33.89189, 9.65655 ], [ 33.90012, 9.51156 ], [ 34.10597, 9.5 ], [ 34.14535, 9.03459 ], [ 34.14552, 8.96331 ], [ 34.14552, 8.65285 ], [ 34.04909, 8.51707 ], [ 33.81672, 8.38929 ], [ 33.60567, 8.45653 ], [ 33.22059, 8.4145 ], [ 33.1753, 8.14801 ], [ 33.03648, 7.98787 ], [ 33.00802, 7.88463 ], [ 33.05862, 7.80324 ], [ 33.49416, 7.73585 ], [ 33.87355, 7.53519 ], [ 34.22912, 7.02889 ], [ 34.94652, 6.52899 ], [ 34.98561, 6.31265 ], [ 35.01117, 5.88954 ], [ 35.1448, 5.62163 ], [ 35.29524, 5.4994 ], [ 35.30864, 5.36425 ], [ 35.51024, 5.41143 ], [ 35.74143, 5.37623 ], [ 35.84516, 5.30354 ], [ 35.82133, 4.80321 ], [ 35.94423, 4.61914 ], [ 35.69826, 4.61833 ], [ 35.60813, 4.61781 ], [ 35.55839, 4.61747 ], [ 35.50858, 4.61713 ], [ 35.43553, 4.76387 ], [ 35.45675, 4.89847 ], [ 35.33511, 4.92014 ], [ 35.30244, 5.00617 ], [ 34.52602, 4.74238 ], [ 34.3875, 4.61 ], [ 33.98776, 4.23408 ], [ 33.51452, 3.75491 ], [ 33.32749, 3.76681 ], [ 33.01851, 3.87599 ], [ 32.75647, 3.77815 ], [ 32.43637, 3.74354 ], [ 32.22597, 3.61481 ], [ 32.20095, 3.50484 ], [ 32.05964, 3.58011 ], [ 31.99993, 3.57947 ], [ 31.79595, 3.82216 ], [ 31.51777, 3.63816 ], [ 31.28793, 3.7888 ], [ 31.10046, 3.73613 ], [ 30.97268, 3.67759 ], [ 30.85001, 3.50042 ], [ 30.77326, 3.65717 ], [ 30.56108, 3.6206 ], [ 30.54719, 3.82164 ], [ 30.21512, 3.95923 ], [ 30.1623, 4.04888 ], [ 29.93333, 4.31445 ], [ 29.81527, 4.373 ], [ 29.81011, 4.56499 ], [ 29.50465, 4.67517 ], [ 29.3649, 4.43102 ], [ 29.21752, 4.36181 ], [ 29.02722, 4.47957 ], [ 28.75822, 4.54688 ], [ 28.40844, 4.29477 ], [ 28.20795, 4.36685 ], [ 28.0098, 4.55881 ], [ 27.82744, 4.58549 ], [ 27.75156, 4.78578 ], [ 27.44883, 5.01951 ], [ 27.43783, 5.11525 ], [ 27.25457, 5.33913 ], [ 27.27504, 5.5909 ], [ 27.20703, 5.72467 ], [ 26.76833, 5.99971 ], [ 26.56196, 6.04089 ], [ 26.4658, 6.28342 ], [ 26.31839, 6.38119 ], [ 26.30447, 6.47461 ], [ 26.41579, 6.64984 ], [ 26.09085, 6.84825 ], [ 26.00721, 7.01101 ], [ 25.457, 7.29235 ], [ 25.2046, 7.50821 ], [ 25.18906, 7.58273 ], [ 25.28394, 7.68082 ], [ 25.26814, 7.81476 ], [ 24.95448, 8.00033 ], [ 24.84007, 8.16812 ], [ 24.27081, 8.27451 ], [ 24.15156, 8.38556 ], [ 24.23447, 8.64497 ], [ 24.55543, 8.89539 ], [ 24.6142, 9.36637 ], [ 24.74033, 9.50446 ], [ 24.74258, 9.65655 ], [ 24.7489, 9.75989 ], [ 25.0237, 9.98919 ], [ 25.1074, 10.3058 ], [ 25.84593, 10.41398 ], [ 25.92294, 10.36467 ], [ 25.95111, 10.17772 ], [ 26.21923, 9.90128 ], [ 26.3497, 9.62027 ], [ 26.65656, 9.50608 ], [ 27.16509, 9.62104 ], [ 27.90722, 9.61016 ], [ 28.0201, 9.34772 ], [ 28.80203, 9.34509 ], [ 28.78756, 9.4466 ], [ 29.00037, 9.67023 ], [ 29.11825, 9.74876 ], [ 29.51454, 9.76207 ], [ 29.55881, 10.07935 ], [ 29.92184, 10.27822 ], [ 30.0348, 10.26465 ], [ 30.46301, 10.00162 ], [ 30.83427, 9.71175 ], [ 31.35025, 9.80884 ], [ 31.82469, 10.36317 ], [ 31.98921, 10.63919 ], [ 32.44415, 11.03072 ], [ 32.38425, 11.69075 ], [ 32.09659, 11.95105 ], [ 32.70491, 11.9541 ], [ 32.75499, 12.22635 ], [ 33.25011, 12.21992 ], [ 33.17084, 11.67454 ], [ 33.14643, 11.42277 ], [ 33.26414, 10.78859 ], [ 33.33819, 10.73198 ], [ 33.52413, 10.62713 ], [ 33.97307, 10.11906 ], [ 33.98349, 9.89802 ] ] ] } },
{ "type": "Feature", "properties": { "iso3": "STP", "name": "São Tomé and Príncipe" }, "geometry": { "type": "MultiPolygon", "coordinates": [ [ [ [ 6.49655, 0.12567 ], [ 6.46761, 0.2544 ], [ 6.4974, 0.31597 ], [ 6.58917, 0.38454 ], [ 6.64009, 0.40952 ], [ 6.69357, 0.39683 ], [ 6.71653, 0.37476 ], [ 6.74859, 0.31056 ], [ 6.75329, 0.30013 ], [ 6.67294, 0.15837 ], [ 6.57228, 0.05789 ], [ 6.49655, 0.12567 ] ] ], [ [ [ 7.30865, 1.59452 ], [ 7.37489, 1.68158 ], [ 7.43372, 1.67837 ], [ 7.42713, 1.55254 ], [ 7.30865, 1.59452 ] ] ] ] } },
{ "type": "Feature", "properties": { "iso3": "SWZ", "name": "Eswatini" }, "geometry": { "type": "Polygon", "coordinates": [ [ [ 31.76512, -25.9359 ], [ 31.86647, -25.98608 ], [ 31.97519, -25.95265 ], [ 32.09286, -26.06697 ], [ 32.13462, -26.84026 ], [ 32.01686, -26.84829 ], [ 31.97484, -27.16605 ], [ 31.97709, -27.22409 ], [ 31.97535, -27.31738 ], [ 31.49461, -27.31503 ], [ 31.27433, -27.24317 ], [ 30.99716, -27.0324 ], [ 30.89043, -26.78709 ], [ 30.81599, -26.81618 ], [ 30.79374, -26.68804 ], [ 30.8105, -26.47446 ], [ 30.89835, -26.31553 ], [ 31.14313, -25.91392 ], [ 31.33586, -25.74286 ], [ 31.44513, -25.73941 ], [ 31.76512, -25.9359 ] ] ] } },
{ "type": "Feature", "properties": { "iso3": "TCD", "name": "Chad" }, "geometry": { "type": "Polygon", "coordinates": [ [ [ 23.99999, 19.49999 ], [ 23.99599, 15.73618 ], [ 23.63387, 15.77191 ], [ 23.38479, 15.703 ], [ 23.11071, 15.71488 ], [ 22.93451, 15.53306 ], [ 22.98628, 15.26585 ], [ 22.92147, 15.11391 ], [ 22.78122, 14.99208 ], [ 22.67945, 14.84512 ], [ 22.68216, 14.69854 ], [ 22.39801, 14.55639 ], [ 22.54004, 14.13108 ], [ 22.18722, 13.90806 ], [ 22.10973, 13.77122 ], [ 22.26586, 13.36152 ], [ 21.94557, 13.05482 ], [ 21.82119, 12.79897 ], [ 21.93421, 12.66504 ], [ 22.10083, 12.64521 ], [ 22.2329, 12.7272 ], [ 22.4407, 12.62218 ], [ 22.39852, 12.46374 ], [ 22.48774, 12.06387 ], [ 22.58362, 12.06045 ], [ 22.62332, 12.03617 ], [ 22.57501, 11.61143 ], [ 22.94389, 11.35073 ], [ 22.96621, 11.19966 ], [ 22.87778, 10.92056 ], [ 22.52, 10.99418 ], [ 22.38719, 10.9584 ], [ 22.1697, 10.82742 ], [ 22.10083, 10.83414 ], [ 21.73138, 10.62655 ], [ 21.69769, 10.27678 ], [ 21.51563, 10.18737 ], [ 21.40859, 10.02197 ], [ 21.23681, 9.93955 ], [ 20.99438, 9.65655 ], [ 20.771, 9.38658 ], [ 20.52559, 9.29447 ], [ 20.39532, 9.12415 ], [ 20.09954, 9.13055 ], [ 19.99211, 9.08304 ], [ 19.0474, 8.99888 ], [ 18.89503, 8.87611 ], [ 19.09497, 8.68873 ], [ 19.04849, 8.57392 ], [ 18.59765, 8.06236 ], [ 18.21544, 8.0195 ], [ 17.68412, 7.97451 ], [ 17.27636, 7.81004 ], [ 16.8378, 7.53599 ], [ 16.54023, 7.8472 ], [ 16.37423, 7.68197 ], [ 15.92351, 7.47144 ], [ 15.49343, 7.5248 ], [ 15.58325, 7.7392 ], [ 15.46204, 7.87087 ], [ 15.22265, 8.46046 ], [ 15.10937, 8.64323 ], [ 14.50489, 9.05587 ], [ 14.37764, 9.18525 ], [ 14.33729, 9.33104 ], [ 13.98694, 9.65655 ], [ 14.20574, 9.99888 ], [ 14.73003, 9.94781 ], [ 15.2065, 9.98671 ], [ 15.43687, 9.94169 ], [ 15.63822, 9.99449 ], [ 15.16838, 10.538 ], [ 15.0804, 10.8119 ], [ 15.09814, 11.13022 ], [ 15.05392, 11.33811 ], [ 15.12527, 11.55298 ], [ 15.06015, 12.05429 ], [ 14.9225, 12.13833 ], [ 14.90293, 12.22486 ], [ 14.82715, 12.61129 ], [ 14.57654, 12.77065 ], [ 14.51256, 12.99496 ], [ 14.43252, 13.08008 ], [ 14.08333, 13.08333 ], [ 13.63338, 13.70816 ], [ 13.48246, 14.41902 ], [ 13.64423, 14.51582 ], [ 13.79545, 14.72803 ], [ 13.8644, 15.02639 ], [ 14.35412, 15.69076 ], [ 15.45322, 16.84328 ], [ 15.50829, 16.94907 ], [ 15.52233, 17.33478 ], [ 15.55942, 18.00625 ], [ 15.7489, 19.88771 ], [ 15.97905, 20.34877 ], [ 15.59042, 20.76712 ], [ 15.56914, 21.03786 ], [ 15.20878, 21.51758 ], [ 15.18994, 22.0168 ], [ 14.99858, 23.00124 ], [ 16.02607, 23.43594 ], [ 19.18577, 21.99023 ], [ 21.02467, 21.06791 ], [ 22.34139, 20.38662 ], [ 23.99999, 19.49999 ] ] ] } },
{ "type": "Feature", "properties": { "iso3": "TGO", "name": "Togo" }, "geometry": { "type": "Polygon", "coordinates": [ [ [ 0.42408, 11.02438 ], [ 0.52662, 10.95196 ], [ 0.67076, 10.96848 ], [ 0.91221, 10.99617 ], [ 0.80872, 10.69048 ], [ 0.78394, 10.40701 ], [ 1.00028, 10.21944 ], [ 1.09887, 10.14959 ], [ 1.15422, 10.1199 ], [ 1.18609, 10.10012 ], [ 1.355, 9.99528 ], [ 1.3684, 9.65655 ], [ 1.35134, 9.54835 ], [ 1.435, 9.29806 ], [ 1.61672, 9.02717 ], [ 1.62491, 8.58749 ], [ 1.61306, 8.37472 ], [ 1.64139, 7.63639 ], [ 1.65469, 7.53006 ], [ 1.64066, 7.04434 ], [ 1.57737, 6.92245 ], [ 1.62247, 6.74224 ], [ 1.59993, 6.64517 ], [ 1.79294, 6.31973 ], [ 1.62867, 6.23512 ], [ 1.30565, 6.15219 ], [ 1.19853, 6.09867 ], [ 1.19697, 6.16733 ], [ 1.19683, 6.16856 ], [ 1.08918, 6.18476 ], [ 1.00331, 6.31609 ], [ 0.88151, 6.35737 ], [ 0.71696, 6.51765 ], [ 0.67076, 6.60381 ], [ 0.54477, 6.83876 ], [ 0.64334, 7.26306 ], [ 0.63656, 7.37705 ], [ 0.54747, 7.43889 ], [ 0.52658, 7.53661 ], [ 0.62061, 7.90569 ], [ 0.59797, 8.12805 ], [ 0.67076, 8.24965 ], [ 0.71947, 8.33102 ], [ 0.67076, 8.3901 ], [ 0.38265, 8.73952 ], [ 0.52034, 8.87115 ], [ 0.46642, 9.07129 ], [ 0.55178, 9.40643 ], [ 0.44972, 9.48749 ], [ 0.25477, 9.4543 ], [ 0.26065, 9.56116 ], [ 0.36955, 9.65655 ], [ 0.33004, 9.74574 ], [ 0.36645, 9.93153 ], [ 0.40952, 10.0208 ], [ 0.34683, 10.31229 ], [ 0.21637, 10.43238 ], [ -0.08905, 10.71354 ], [ 0.02407, 11.02768 ], [ -0.13623, 11.13951 ], [ -0.10827, 11.1339 ], [ 0.21637, 11.06711 ], [ 0.42408, 11.02438 ] ] ] } },
{ "type": "Feature", "properties": { "iso3": "XF", "name": "Hala'Ib Triangle" }, "geometry": { "type": "Polygon", "coordinates": [ [ [ 36.88007, 21.99963 ], [ 34.07986, 22.00001 ], [ 34.17761, 22.2037 ], [ 34.68342, 22.31073 ], [ 34.9457, 22.8362 ], [ 35.21682, 22.80359 ], [ 35.61959, 23.1461 ], [ 35.67951, 22.95312 ], [ 35.86693, 22.74799 ], [ 36.22149, 22.63199 ], [ 36.47113, 22.34631 ], [ 36.86118, 22.07771 ], [ 36.88007, 21.99963 ] ] ] } },
{ "type": "Feature", "properties": { "iso3": "XG", "name": "Ilemi Triangle" }, "geometry": { "type": "Polygon", "coordinates": [ [ [ 34.3875, 4.61 ], [ 34.52602, 4.74238 ], [ 35.30244, 5.00617 ], [ 35.33511, 4.92014 ], [ 35.45675, 4.89847 ], [ 35.43553, 4.76387 ], [ 35.50858, 4.61713 ], [ 35.17814, 4.61439 ], [ 34.3875, 4.61 ] ] ] } },
{ "type": "Feature", "properties": { "iso3": "XU", "name": "Abyei" }, "geometry": { "type": "Polygon", "coordinates": [ [ [ 28.80203, 9.34509 ], [ 28.0201, 9.34772 ], [ 27.90722, 9.61016 ], [ 27.88475, 9.65655 ], [ 27.83298, 9.7634 ], [ 27.86578, 10.16214 ], [ 28.9498, 10.16526 ], [ 28.99846, 10.11806 ], [ 29.00037, 9.67023 ], [ 28.78756, 9.4466 ], [ 28.80203, 9.34509 ] ] ] } },
{ "type": "Feature", "properties": { "iso3": "XV", "name": "Bir Tawil (Disputed Territory)" }, "geometry": { "type": "Polygon", "coordinates": [ [ [ 33.41306, 22.0 ], [ 34.07986, 22.00001 ], [ 33.97816, 21.7715 ], [ 33.55292, 21.725 ], [ 33.46885, 21.78486 ], [ 33.38507, 21.8445 ], [ 33.16666, 22.0 ], [ 33.41306, 22.0 ] ] ] } },
{ "type": "Feature", "properties": { "iso3": "XXS", "name": "Chagos Islands (disputed territory)" }, "geometry": { "type": "Polygon", "coordinates": [ [ [ 71.70127, -5.50167 ], [ 71.72191, -5.37274 ], [ 71.76255, -5.33005 ], [ 71.78672, -5.45459 ], [ 71.70127, -5.50167 ] ] ] } },
{ "type": "Feature", "properties": { "iso3": "ZAF", "name": "South Africa" }, "geometry": { "type": "MultiPolygon", "coordinates": [ [ [ [ 37.55619, -46.90158 ], [ 37.7444, -46.82554 ], [ 37.93598, -46.93292 ], [ 37.78677, -46.99157 ], [ 37.55619, -46.90158 ] ] ], [ [ [ 38.05048, -46.64184 ], [ 37.98321, -46.68905 ], [ 37.87578, -46.63903 ], [ 37.97741, -46.59657 ], [ 38.05048, -46.64184 ] ] ], [ [ [ 31.57328, -23.48286 ], [ 31.75832, -23.85607 ], [ 31.88439, -23.98405 ], [ 31.90814, -24.18081 ], [ 31.95167, -24.25151 ], [ 32.03127, -25.12293 ], [ 31.94182, -25.83001 ], [ 31.97519, -25.95265 ], [ 31.86647, -25.98608 ], [ 31.76512, -25.9359 ], [ 31.44513, -25.73941 ], [ 31.33586, -25.74286 ], [ 31.14313, -25.91392 ], [ 30.89835, -26.31553 ], [ 30.8105, -26.47446 ], [ 30.79374, -26.68804 ], [ 30.81599, -26.81618 ], [ 30.89043, -26.78709 ], [ 30.99716, -27.0324 ], [ 31.27433, -27.24317 ], [ 31.49461, -27.31503 ], [ 31.97535, -27.31738 ], [ 31.97709, -27.22409 ], [ 31.97484, -27.16605 ], [ 32.01686, -26.84829 ], [ 32.13462, -26.84026 ], [ 32.89144, -26.85789 ], [ 32.55062, -28.13977 ], [ 32.38608, -28.5324 ], [ 32.2067, -28.70549 ], [ 32.0169, -28.86957 ], [ 31.74569, -28.98858 ], [ 31.3287, -29.39925 ], [ 30.53749, -30.63792 ], [ 30.19321, -31.08269 ], [ 29.90432, -31.37574 ], [ 29.42076, -31.70608 ], [ 28.52185, -32.58703 ], [ 27.90755, -33.03002 ], [ 27.08351, -33.53128 ], [ 26.50941, -33.75996 ], [ 26.23895, -33.74364 ], [ 25.99198, -33.70866 ], [ 25.76068, -33.76024 ], [ 25.63374, -33.87875 ], [ 25.67854, -34.01731 ], [ 25.63927, -34.03966 ], [ 25.00753, -33.98178 ], [ 24.80484, -34.20105 ], [ 23.64792, -33.98015 ], [ 23.30599, -34.08954 ], [ 22.6175, -34.00967 ], [ 22.28645, -34.05512 ], [ 21.81238, -34.36574 ], [ 21.4957, -34.36659 ], [ 21.29415, -34.42671 ], [ 20.9216, -34.37579 ], [ 20.80566, -34.45739 ], [ 20.46704, -34.51388 ], [ 19.98466, -34.81184 ], [ 19.58009, -34.72085 ], [ 19.37784, -34.59615 ], [ 19.26742, -34.42916 ], [ 18.85282, -34.35629 ], [ 18.82434, -34.15203 ], [ 18.74842, -34.09291 ], [ 18.50663, -34.11325 ], [ 18.42232, -34.27328 ], [ 18.34331, -34.10594 ], [ 18.46414, -33.85762 ], [ 18.43305, -33.71104 ], [ 17.87454, -32.88941 ], [ 17.93354, -32.75108 ], [ 18.12153, -32.75167 ], [ 18.25507, -32.64101 ], [ 18.31829, -32.199 ], [ 18.2065, -31.73507 ], [ 17.75758, -31.15197 ], [ 17.27695, -30.33343 ], [ 16.8184, -29.11281 ], [ 16.58206, -28.80313 ], [ 16.55477, -28.71672 ], [ 16.45294, -28.63304 ], [ 16.74822, -28.45999 ], [ 16.78131, -28.27593 ], [ 16.91743, -28.08671 ], [ 17.07459, -28.04869 ], [ 17.22038, -28.22463 ], [ 17.36826, -28.2953 ], [ 17.35029, -28.4848 ], [ 17.43273, -28.70092 ], [ 17.98304, -28.80313 ], [ 18.16459, -28.90447 ], [ 18.54493, -28.86431 ], [ 18.87617, -28.85054 ], [ 19.12833, -28.9598 ], [ 19.24804, -28.89997 ], [ 19.24115, -28.80313 ], [ 19.4587, -28.6974 ], [ 19.579, -28.53389 ], [ 19.99439, -28.39424 ], [ 19.9992, -25.60893 ], [ 19.99906, -24.76375 ], [ 20.38009, -25.0455 ], [ 20.78607, -25.8299 ], [ 20.84788, -26.14739 ], [ 20.61299, -26.49242 ], [ 20.62867, -26.74796 ], [ 20.69076, -26.864 ], [ 20.90522, -26.80588 ], [ 21.12661, -26.86635 ], [ 21.70699, -26.84516 ], [ 21.80853, -26.68131 ], [ 22.05133, -26.62328 ], [ 22.22204, -26.37563 ], [ 22.62916, -26.12275 ], [ 22.71522, -25.99249 ], [ 22.85152, -25.49722 ], [ 23.01569, -25.32189 ], [ 23.1838, -25.28608 ], [ 23.49364, -25.31569 ], [ 23.91471, -25.61461 ], [ 24.16932, -25.62357 ], [ 24.35235, -25.73912 ], [ 24.50816, -25.75803 ], [ 24.72226, -25.81833 ], [ 25.03493, -25.73722 ], [ 25.33459, -25.76344 ], [ 25.56388, -25.64122 ], [ 25.66356, -25.46789 ], [ 25.87236, -24.90035 ], [ 25.86766, -24.76527 ], [ 26.1886, -24.68678 ], [ 26.23895, -24.6745 ], [ 26.40907, -24.64586 ], [ 26.57434, -24.43192 ], [ 26.85377, -24.24025 ], [ 26.96203, -23.74681 ], [ 27.21062, -23.50559 ], [ 27.52315, -23.36289 ], [ 27.60855, -23.23014 ], [ 27.76677, -23.19567 ], [ 28.30816, -22.60871 ], [ 28.88239, -22.45735 ], [ 29.07304, -22.22823 ], [ 29.3753, -22.19547 ], [ 29.74114, -22.14289 ], [ 30.30908, -22.34588 ], [ 30.8376, -22.29729 ], [ 31.1213, -22.33884 ], [ 31.30738, -22.42411 ], [ 31.55959, -23.23027 ], [ 31.57328, -23.48286 ] ], [ [ 27.36788, -30.16037 ], [ 27.37735, -30.32712 ], [ 27.55949, -30.41396 ], [ 27.76836, -30.60195 ], [ 28.09328, -30.64988 ], [ 28.25492, -30.39232 ], [ 28.23396, -30.28849 ], [ 28.36735, -30.16839 ], [ 28.74193, -30.11987 ], [ 29.01474, -30.0018 ], [ 29.14196, -29.88756 ], [ 29.14773, -29.73567 ], [ 29.31116, -29.55669 ], [ 29.43884, -29.36269 ], [ 29.4154, -29.24246 ], [ 29.32075, -29.09979 ], [ 28.87362, -28.77072 ], [ 28.81724, -28.77568 ], [ 28.79984, -28.70549 ], [ 28.64232, -28.5853 ], [ 28.43296, -28.6197 ], [ 28.29902, -28.70549 ], [ 28.26086, -28.70549 ], [ 28.2236, -28.70549 ], [ 28.02006, -28.85337 ], [ 27.77081, -28.92219 ], [ 27.6484, -29.09636 ], [ 27.51199, -29.2828 ], [ 27.29504, -29.53359 ], [ 27.03949, -29.65282 ], [ 27.17651, -29.90168 ], [ 27.36788, -30.16037 ] ] ] ] } },
{ "type": "Feature", "properties": { "iso3": "ZMB", "name": "Zambia" }, "geometry": { "type": "Polygon", "coordinates": [ [ [ 30.79625, -8.27651 ], [ 31.0234, -8.58042 ], [ 31.18321, -8.60267 ], [ 31.37736, -8.60931 ], [ 31.55304, -8.71151 ], [ 31.6668, -8.89599 ], [ 31.87903, -8.91206 ], [ 31.98431, -9.05582 ], [ 32.11393, -9.05758 ], [ 32.1729, -9.07524 ], [ 32.4235, -9.13017 ], [ 32.54848, -9.24554 ], [ 32.9537, -9.4013 ], [ 33.01656, -9.61662 ], [ 33.1924, -9.61012 ], [ 33.35636, -9.83923 ], [ 33.33431, -10.04163 ], [ 33.5362, -10.20792 ], [ 33.56643, -10.37216 ], [ 33.70939, -10.56834 ], [ 33.5058, -10.76699 ], [ 33.29115, -10.85193 ], [ 33.30964, -11.0035 ], [ 33.38865, -11.17589 ], [ 33.25145, -11.43032 ], [ 33.24538, -11.59172 ], [ 33.32549, -11.63836 ], [ 33.34348, -11.84872 ], [ 33.2733, -12.14705 ], [ 33.36804, -12.32342 ], [ 33.54855, -12.36393 ], [ 33.46236, -12.43253 ], [ 33.37637, -12.53734 ], [ 33.06615, -12.60658 ], [ 32.98869, -12.70174 ], [ 32.95334, -12.81075 ], [ 33.00842, -12.91984 ], [ 32.99546, -13.19747 ], [ 32.92652, -13.35915 ], [ 32.84994, -13.51336 ], [ 32.68814, -13.60843 ], [ 32.81441, -13.68649 ], [ 32.79659, -13.77727 ], [ 32.92579, -13.85323 ], [ 33.0218, -14.02242 ], [ 33.1424, -13.95531 ], [ 33.24396, -13.99993 ], [ 32.21012, -14.33358 ], [ 30.2167, -14.99737 ], [ 30.4208, -15.62092 ], [ 30.29121, -15.64746 ], [ 29.82726, -15.61733 ], [ 29.56465, -15.65703 ], [ 29.22448, -15.77399 ], [ 28.92596, -15.95181 ], [ 28.86086, -16.04738 ], [ 28.78858, -16.50142 ], [ 28.04257, -16.86604 ], [ 27.81774, -16.99393 ], [ 27.58883, -17.37323 ], [ 27.2886, -17.62758 ], [ 27.0814, -17.90552 ], [ 27.03325, -17.95467 ], [ 26.67914, -18.06881 ], [ 26.55045, -17.99235 ], [ 26.23346, -17.90552 ], [ 26.18017, -17.90552 ], [ 25.97753, -17.99627 ], [ 25.87956, -17.97182 ], [ 25.84892, -17.90552 ], [ 25.68042, -17.8243 ], [ 25.4635, -17.8595 ], [ 25.26317, -17.79136 ], [ 25.26173, -17.79052 ], [ 24.97658, -17.55349 ], [ 24.23808, -17.48086 ], [ 23.43411, -17.63789 ], [ 23.1512, -17.46804 ], [ 22.44928, -16.77924 ], [ 22.17345, -16.51856 ], [ 22.00043, -16.17456 ], [ 22.0004, -14.14379 ], [ 22.0004, -13.73004 ], [ 22.00093, -13.30904 ], [ 22.00495, -13.00006 ], [ 22.44928, -12.99993 ], [ 23.99078, -12.99192 ], [ 23.90432, -12.79328 ], [ 23.96529, -12.53068 ], [ 24.04567, -12.43253 ], [ 23.97409, -11.66831 ], [ 24.07137, -11.3848 ], [ 23.99987, -10.88996 ], [ 24.10924, -10.92585 ], [ 24.16931, -11.02684 ], [ 24.36829, -11.09535 ], [ 24.35501, -11.36561 ], [ 24.45742, -11.45792 ], [ 24.5707, -11.44586 ], [ 24.74937, -11.31901 ], [ 25.32635, -11.20451 ], [ 25.30524, -11.54785 ], [ 25.49552, -11.72531 ], [ 25.64148, -11.74315 ], [ 26.03133, -11.9352 ], [ 26.43814, -11.92424 ], [ 26.70623, -11.99258 ], [ 26.925, -11.94366 ], [ 27.03882, -11.62477 ], [ 27.19619, -11.5897 ], [ 27.2431, -11.77179 ], [ 27.44393, -11.92377 ], [ 27.6226, -12.26625 ], [ 27.89924, -12.24535 ], [ 28.11962, -12.39783 ], [ 28.33887, -12.43253 ], [ 28.50577, -12.61334 ], [ 28.49813, -12.78216 ], [ 28.57687, -12.87289 ], [ 28.67261, -12.84327 ], [ 28.78695, -12.95835 ], [ 29.0326, -13.409 ], [ 29.1163, -13.38231 ], [ 29.20117, -13.43036 ], [ 29.57829, -13.21562 ], [ 29.66063, -13.24119 ], [ 29.64768, -13.42663 ], [ 29.80467, -13.43119 ], [ 29.81476, -12.43253 ], [ 29.81479, -12.14995 ], [ 29.51221, -12.24626 ], [ 29.48267, -12.44411 ], [ 29.06963, -12.36653 ], [ 28.75551, -12.01246 ], [ 28.45802, -11.79712 ], [ 28.40817, -11.50851 ], [ 28.54687, -10.89197 ], [ 28.66842, -10.6395 ], [ 28.59926, -10.22855 ], [ 28.65529, -9.80486 ], [ 28.41729, -9.25474 ], [ 28.8484, -8.84986 ], [ 29.01927, -8.49101 ], [ 29.56893, -8.3793 ], [ 29.59022, -8.3959 ], [ 30.79625, -8.27651 ] ] ] } },
{ "type": "Feature", "properties": { "iso3": "ZWE", "name": "Zimbabwe" }, "geometry": { "type": "Polygon", "coordinates": [ [ [ 29.82726, -15.61733 ], [ 30.29121, -15.64746 ], [ 30.4208, -15.62092 ], [ 30.45403, -15.9923 ], [ 31.00177, -16.04506 ], [ 31.268, -16.01416 ], [ 31.44608, -16.1551 ], [ 31.72233, -16.21385 ], [ 31.95197, -16.41512 ], [ 32.21012, -16.43618 ], [ 32.6423, -16.56603 ], [ 32.76116, -16.70554 ], [ 32.97051, -16.7258 ], [ 32.85453, -16.93746 ], [ 32.99391, -17.24838 ], [ 32.99854, -17.30596 ], [ 33.04945, -17.33553 ], [ 32.97786, -17.47847 ], [ 33.03468, -17.63056 ], [ 32.95458, -17.90552 ], [ 33.04896, -18.39211 ], [ 32.89777, -18.53059 ], [ 32.93529, -18.74952 ], [ 32.73837, -18.82934 ], [ 32.71077, -18.96812 ], [ 32.86568, -19.09919 ], [ 32.78065, -19.401 ], [ 32.85953, -19.65767 ], [ 32.95707, -19.67038 ], [ 33.04901, -19.83213 ], [ 33.02092, -20.00357 ], [ 32.87901, -20.12989 ], [ 32.84321, -20.30015 ], [ 32.68635, -20.52177 ], [ 32.50058, -20.64717 ], [ 32.50388, -20.91405 ], [ 32.38091, -21.14566 ], [ 32.47907, -21.32858 ], [ 32.4056, -21.31593 ], [ 31.30738, -22.42411 ], [ 31.1213, -22.33884 ], [ 30.8376, -22.29729 ], [ 30.30908, -22.34588 ], [ 29.74114, -22.14289 ], [ 29.3753, -22.19547 ], [ 29.25088, -22.07993 ], [ 29.06379, -22.01711 ], [ 29.03705, -21.81002 ], [ 28.60638, -21.64524 ], [ 28.01321, -21.5666 ], [ 27.91387, -21.32682 ], [ 27.70108, -21.06637 ], [ 27.70691, -20.51519 ], [ 27.29984, -20.49508 ], [ 27.28957, -20.26595 ], [ 27.2059, -20.10005 ], [ 26.70234, -19.89519 ], [ 26.18083, -19.54035 ], [ 25.97804, -19.11331 ], [ 25.9888, -19.00114 ], [ 25.23991, -17.90552 ], [ 25.26317, -17.79136 ], [ 25.4635, -17.8595 ], [ 25.68042, -17.8243 ], [ 25.84892, -17.90552 ], [ 25.87956, -17.97182 ], [ 25.97753, -17.99627 ], [ 26.18017, -17.90552 ], [ 26.23346, -17.90552 ], [ 26.55045, -17.99235 ], [ 26.67914, -18.06881 ], [ 27.03325, -17.95467 ], [ 27.0814, -17.90552 ], [ 27.2886, -17.62758 ], [ 27.58883, -17.37323 ], [ 27.81774, -16.99393 ], [ 28.04257, -16.86604 ], [ 28.78858, -16.50142 ], [ 28.86086, -16.04738 ], [ 28.92596, -15.95181 ], [ 29.22448, -15.77399 ], [ 29.56465, -15.65703 ], [ 29.82726, -15.61733 ] ] ] } }
]
}
