product,basket,flow,geo,actor,period,value_usd_bn,share_pct
agri,all,exports,Africa,CHN,2019–21,2.637236139333333,4.5746397279382025
agri,all,exports,Africa,CHN,2022–24,3.553077888,4.866476296356032
agri,all,exports,Africa,EU,2019–21,17.95620313466667,31.14744220194844
agri,all,exports,Africa,EU,2022–24,22.40926440333334,30.692868964654874
agri,all,exports,Africa,GCC,2019–21,3.127326659666667,5.424767454903725
agri,all,exports,Africa,GCC,2022–24,4.614039602,6.319623453630584
agri,all,exports,Africa,IND,2019–21,1.845433769333333,3.2011523392080896
agri,all,exports,Africa,IND,2022–24,2.700710226333333,3.6990301687913627
agri,all,exports,Africa,IRN,2019–21,0.04453876966666667,0.07725846848213144
agri,all,exports,Africa,IRN,2022–24,0.060443117,0.08278596907537712
agri,all,exports,Africa,ISR,2019–21,0.1887615773333333,0.32743226816072457
agri,all,exports,Africa,ISR,2022–24,0.2323621183333333,0.3182549824925881
agri,all,exports,Africa,JPN,2019–21,1.095666874,1.9005811180993883
agri,all,exports,Africa,JPN,2022–24,1.211412855666667,1.6592126975638104
agri,all,exports,Africa,KOR,2019–21,0.4723450486666667,0.8193458267531811
agri,all,exports,Africa,KOR,2022–24,0.617994859,0.8464372094826952
agri,all,exports,Africa,RUS,2019–21,1.207865460333333,2.095204611537757
agri,all,exports,Africa,RUS,2022–24,1.027128837333333,1.4068079275909176
agri,all,exports,Africa,TUR,2019–21,0.842023399,1.460602497997277
agri,all,exports,Africa,TUR,2022–24,1.284766355,1.759681383309782
agri,all,exports,Africa,USA,2019–21,2.988819187666667,5.184507671345752
agri,all,exports,Africa,USA,2022–24,3.611770757333333,4.946865037154664
agri,all,exports,Africa,other,2019–21,25.24282550466667,43.78706581362534
agri,all,exports,Africa,other,2022–24,31.688334731,43.401955909897325
agri,all,exports,North Africa,CHN,2019–21,0.1753087286666667,1.2915193878637246
agri,all,exports,North Africa,CHN,2022–24,0.129511529,0.72793615244066
agri,all,exports,North Africa,EU,2019–21,5.737643736333333,42.26987545052202
agri,all,exports,North Africa,EU,2022–24,6.942280796,39.01997923136961
agri,all,exports,North Africa,GCC,2019–21,1.180060701333333,8.693641704093036
agri,all,exports,North Africa,GCC,2022–24,1.643969332,9.240140391412737
agri,all,exports,North Africa,IND,2019–21,0.09593660233333333,0.7067758853859706
agri,all,exports,North Africa,IND,2022–24,0.09671962466666667,0.543625050132472
agri,all,exports,North Africa,IRN,2019–21,1.407876666666667e-4,0.0010371987889880164
agri,all,exports,North Africa,IRN,2022–24,2.442436666666666e-4,0.0013728028411380455
agri,all,exports,North Africa,ISR,2019–21,0.037615189,0.277115385190147
agri,all,exports,North Africa,ISR,2022–24,0.06919006933333334,0.38889165502485246
agri,all,exports,North Africa,JPN,2019–21,0.2240094476666667,1.6503031362245826
agri,all,exports,North Africa,JPN,2022–24,0.2310633973333333,1.2987214476071403
agri,all,exports,North Africa,KOR,2019–21,0.08608225566666666,0.634177790176863
agri,all,exports,North Africa,KOR,2022–24,0.09926909066666667,0.5579546506332758
agri,all,exports,North Africa,RUS,2019–21,0.5197150013333334,3.8287996581270516
agri,all,exports,North Africa,RUS,2022–24,0.5866426003333334,3.2972999441959376
agri,all,exports,North Africa,TUR,2019–21,0.254506716,1.8749799884780416
agri,all,exports,North Africa,TUR,2022–24,0.4855661163333334,2.729186607620397
agri,all,exports,North Africa,USA,2019–21,0.5663428813333333,4.172312565288038
agri,all,exports,North Africa,USA,2022–24,0.907901185,5.102975005454657
agri,all,exports,North Africa,other,2019–21,4.696474343666667,34.599461849861534
agri,all,exports,North Africa,other,2022–24,6.599247579666667,37.09191706126712
agri,all,exports,West Africa,CHN,2019–21,0.955011241,6.187638924914444
agri,all,exports,West Africa,CHN,2022–24,1.042411605333333,5.583157160103892
agri,all,exports,West Africa,EU,2019–21,5.594872489666667,36.24988828481701
agri,all,exports,West Africa,EU,2022–24,7.249320820666667,38.82736650159691
agri,all,exports,West Africa,GCC,2019–21,0.06225813266666667,0.40337833581662963
agri,all,exports,West Africa,GCC,2022–24,0.1117790433333333,0.598688620639925
agri,all,exports,West Africa,IND,2019–21,0.8472554363333333,5.48947540315026
agri,all,exports,West Africa,IND,2022–24,1.233465714,6.606443076446385
agri,all,exports,West Africa,IRN,2019–21,0.007340509333333333,0.0475600907399488
agri,all,exports,West Africa,IRN,2022–24,6.32511e-4,0.0033877292812422503
agri,all,exports,West Africa,ISR,2019–21,0.013589277,0.08804664878980685
agri,all,exports,West Africa,ISR,2022–24,0.01537779166666667,0.08236346104654266
agri,all,exports,West Africa,JPN,2019–21,0.308168118,1.996660311932839
agri,all,exports,West Africa,JPN,2022–24,0.3637723843333333,1.9483651005489913
agri,all,exports,West Africa,KOR,2019–21,0.1402538246666667,0.908722314060796
agri,all,exports,West Africa,KOR,2022–24,0.144578681,0.7743634989226789
agri,all,exports,West Africa,RUS,2019–21,0.2282126223333333,1.4786185172311836
agri,all,exports,West Africa,RUS,2022–24,0.087249054,0.46730598360579706
agri,all,exports,West Africa,TUR,2019–21,0.308683225,1.9999977555008943
agri,all,exports,West Africa,TUR,2022–24,0.3884557116666666,2.0805690159996635
agri,all,exports,West Africa,USA,2019–21,1.12264104,7.273733647927222
agri,all,exports,West Africa,USA,2022–24,1.212090661666667,6.49195828380607
agri,all,exports,West Africa,other,2019–21,5.845892655,37.876279765118966
agri,all,exports,West Africa,other,2022–24,6.821513747,36.53603156800189
agri,all,exports,Central Africa,CHN,2019–21,0.01810893933333333,1.1728989272782935
agri,all,exports,Central Africa,CHN,2022–24,0.02133105866666667,0.9771634874784142
agri,all,exports,Central Africa,EU,2019–21,0.7235166533333334,46.86149149556198
agri,all,exports,Central Africa,EU,2022–24,1.150067219333333,52.68391561992618
agri,all,exports,Central Africa,GCC,2019–21,0.021767126,1.4098362286926942
agri,all,exports,Central Africa,GCC,2022–24,0.01910534266666667,0.8752047219673929
agri,all,exports,Central Africa,IND,2019–21,0.025677072,1.663079744765146
agri,all,exports,Central Africa,IND,2022–24,0.05323720433333334,2.4387656075998296
agri,all,exports,Central Africa,IRN,2019–21,2.2591e-4,0.014631977709136547
agri,all,exports,Central Africa,IRN,2022–24,1.427406666666667e-4,0.006538867565113216
agri,all,exports,Central Africa,ISR,2019–21,1.538866666666667e-4,0.009967094313664701
agri,all,exports,Central Africa,ISR,2022–24,3.597733333333333e-5,0.0016481008776704593
agri,all,exports,Central Africa,JPN,2019–21,0.003497834666666667,0.22655145355633544
agri,all,exports,Central Africa,JPN,2022–24,0.005856068,0.26826309557400657
agri,all,exports,Central Africa,KOR,2019–21,0.003180208,0.20597907381885577
agri,all,exports,Central Africa,KOR,2022–24,0.005950023666666667,0.2725671504426863
agri,all,exports,Central Africa,RUS,2019–21,0.005355870666666667,0.3468946934960159
agri,all,exports,Central Africa,RUS,2022–24,0.001489867,0.06824994747560281
agri,all,exports,Central Africa,TUR,2019–21,0.07491793033333333,4.852363714098437
agri,all,exports,Central Africa,TUR,2022–24,0.1600999053333333,7.3340842705080265
agri,all,exports,Central Africa,USA,2019–21,0.071810485,4.651097409598
agri,all,exports,Central Africa,USA,2022–24,0.07914894,3.6257672649636774
agri,all,exports,Central Africa,other,2019–21,0.5957352146666667,38.58520818711142
agri,all,exports,Central Africa,other,2022–24,0.6864926443333333,31.44783186562135
agri,all,exports,East Africa and HoA,CHN,2019–21,0.7841878023333333,7.258785381678077
agri,all,exports,East Africa and HoA,CHN,2022–24,1.028798017666667,7.318815133454851
agri,all,exports,East Africa and HoA,EU,2019–21,2.038693198666667,18.87103617803759
agri,all,exports,East Africa and HoA,EU,2022–24,2.745023093,19.52795029708227
agri,all,exports,East Africa and HoA,GCC,2019–21,1.352906978333333,12.523098890183823
agri,all,exports,East Africa and HoA,GCC,2022–24,2.050974888,14.590527772083803
agri,all,exports,East Africa and HoA,IND,2019–21,0.569404227,5.270654640272537
agri,all,exports,East Africa and HoA,IND,2022–24,0.7806690656666667,5.553638784199593
agri,all,exports,East Africa and HoA,IRN,2019–21,0.021581517,0.19976796329643445
agri,all,exports,East Africa and HoA,IRN,2022–24,0.05167661233333333,0.36762470951165954
agri,all,exports,East Africa and HoA,ISR,2019–21,0.103884216,0.9615977527885027
agri,all,exports,East Africa and HoA,ISR,2022–24,0.1005645883333333,0.7154112064221795
agri,all,exports,East Africa and HoA,JPN,2019–21,0.209628821,1.9404160800838435
agri,all,exports,East Africa and HoA,JPN,2022–24,0.249747074,1.7766875842868286
agri,all,exports,East Africa and HoA,KOR,2019–21,0.105452862,0.9761178264493624
agri,all,exports,East Africa and HoA,KOR,2022–24,0.166724364,1.1860683801921856
agri,all,exports,East Africa and HoA,RUS,2019–21,0.1338187493333333,1.2386848897228164
agri,all,exports,East Africa and HoA,RUS,2022–24,0.08368009433333333,0.5952958017597593
agri,all,exports,East Africa and HoA,TUR,2019–21,0.1120628763333333,1.0373030110093835
agri,all,exports,East Africa and HoA,TUR,2022–24,0.1435169453333333,1.0209720211116662
agri,all,exports,East Africa and HoA,USA,2019–21,0.389316146,3.603680573744529
agri,all,exports,East Africa and HoA,USA,2022–24,0.4794070706666667,3.4104767540651353
agri,all,exports,East Africa and HoA,other,2019–21,4.982354907666667,46.11885681273308
agri,all,exports,East Africa and HoA,other,2022–24,6.176111261666667,43.93653155583007
agri,all,exports,Southern Africa and Indian Ocean,CHN,2019–21,0.704619428,4.324465818778419
agri,all,exports,Southern Africa and Indian Ocean,CHN,2022–24,1.331025677333333,6.5538057649409005
agri,all,exports,Southern Africa and Indian Ocean,EU,2019–21,3.861477056666667,23.699070559195683
agri,all,exports,Southern Africa and Indian Ocean,EU,2022–24,4.322572474333334,21.2838120887476
agri,all,exports,Southern Africa and Indian Ocean,GCC,2019–21,0.5103337213333333,3.1320747716822694
agri,all,exports,Southern Africa and Indian Ocean,GCC,2022–24,0.788210996,3.881053429355387
agri,all,exports,Southern Africa and Indian Ocean,IND,2019–21,0.3071604316666667,1.8851378983318703
agri,all,exports,Southern Africa and Indian Ocean,IND,2022–24,0.5366186176666666,2.642243684648068
agri,all,exports,Southern Africa and Indian Ocean,IRN,2019–21,0.01525004566666667,0.09359421355652711
agri,all,exports,Southern Africa and Indian Ocean,IRN,2022–24,0.007747009333333333,0.038145315522065515
agri,all,exports,Southern Africa and Indian Ocean,ISR,2019–21,0.03351900866666667,0.20571644989944507
agri,all,exports,Southern Africa and Indian Ocean,ISR,2022–24,0.04719369166666667,0.2323758991137665
agri,all,exports,Southern Africa and Indian Ocean,JPN,2019–21,0.3503626526666667,2.1502831960425817
agri,all,exports,Southern Africa and Indian Ocean,JPN,2022–24,0.360973932,1.7773909826252896
agri,all,exports,Southern Africa and Indian Ocean,KOR,2019–21,0.1373758983333333,0.8431180763106623
agri,all,exports,Southern Africa and Indian Ocean,KOR,2022–24,0.2014726996666667,0.9920266475993247
agri,all,exports,Southern Africa and Indian Ocean,RUS,2019–21,0.3207632166666667,1.9686223673021068
agri,all,exports,Southern Africa and Indian Ocean,RUS,2022–24,0.2680672216666667,1.3199298350656192
agri,all,exports,Southern Africa and Indian Ocean,TUR,2019–21,0.09185265133333333,0.5637279292491663
agri,all,exports,Southern Africa and Indian Ocean,TUR,2022–24,0.1071276763333333,0.5274834247711473
agri,all,exports,Southern Africa and Indian Ocean,USA,2019–21,0.8387086353333333,5.1474124630768685
agri,all,exports,Southern Africa and Indian Ocean,USA,2022–24,0.9332229,4.595074104241473
agri,all,exports,Southern Africa and Indian Ocean,other,2019–21,9.122368383666666,55.98677625657441
agri,all,exports,Southern Africa and Indian Ocean,other,2022–24,11.40496949833333,56.15665882336936
agri,all,imports,Africa,CHN,2019–21,3.614747855,4.132141139524539
agri,all,imports,Africa,CHN,2022–24,3.969111352666667,3.6685968321570375
agri,all,imports,Africa,EU,2019–21,20.25221780933333,23.15099855742436
agri,all,imports,Africa,EU,2022–24,25.274002971,23.360424789554894
agri,all,imports,Africa,GCC,2019–21,3.107946545666667,3.5527993364816357
agri,all,imports,Africa,GCC,2022–24,3.242455567333333,2.996958554649046
agri,all,imports,Africa,IND,2019–21,4.879134550333333,5.577504547881648
agri,all,imports,Africa,IND,2022–24,8.020544857666666,7.413282934791081
agri,all,imports,Africa,IRN,2019–21,0.042598708,0.04869603105896113
agri,all,imports,Africa,IRN,2022–24,0.03064381966666667,0.028323674940184042
agri,all,imports,Africa,ISR,2019–21,0.032855017,0.03755768668558436
agri,all,imports,Africa,ISR,2022–24,0.03700063033333333,0.0341991904907083
agri,all,imports,Africa,JPN,2019–21,0.1267938096666667,0.1449423135934547
agri,all,imports,Africa,JPN,2022–24,0.07112304566666666,0.06573808513857693
agri,all,imports,Africa,KOR,2019–21,0.1324507343333333,0.15140893646065995
agri,all,imports,Africa,KOR,2022–24,0.1950128436666667,0.18024777763536623
agri,all,imports,Africa,RUS,2019–21,4.016230528333334,4.591089629940605
agri,all,imports,Africa,RUS,2022–24,4.118476734,3.806653267491169
agri,all,imports,Africa,TUR,2019–21,2.306837846333333,2.637024752324295
agri,all,imports,Africa,TUR,2022–24,3.745372875333334,3.46179833338848
agri,all,imports,Africa,USA,2019–21,4.749725943666666,5.429573170959678
agri,all,imports,Africa,USA,2022–24,4.747293039,4.387859814639766
agri,all,imports,Africa,other,2019–21,44.217269651,50.54626389766458
agri,all,imports,Africa,other,2022–24,54.74050072533333,50.59591674512366
agri,all,imports,North Africa,CHN,2019–21,0.837293438,2.4517321516309787
agri,all,imports,North Africa,CHN,2022–24,0.9314543273333333,2.209351125079972
agri,all,imports,North Africa,EU,2019–21,9.425699830333333,27.599990967146326
agri,all,imports,North Africa,EU,2022–24,11.80456796933333,27.999693338475808
agri,all,imports,North Africa,GCC,2019–21,0.8908582883333334,2.6085787955903865
agri,all,imports,North Africa,GCC,2022–24,0.8311974266666666,1.9715480575704005
agri,all,imports,North Africa,IND,2019–21,0.8891007013333333,2.603432293346822
agri,all,imports,North Africa,IND,2022–24,1.370232993,3.250106544003288
agri,all,imports,North Africa,IRN,2019–21,0.01850929233333333,0.05419823571765542
agri,all,imports,North Africa,IRN,2022–24,0.008972907,0.021283171481357634
agri,all,imports,North Africa,ISR,2019–21,1.88932e-4,5.532238016559542e-4
agri,all,imports,North Africa,ISR,2022–24,0.006589314333333333,0.015629439478298514
agri,all,imports,North Africa,JPN,2019–21,0.02527494233333333,0.07400916564839033
agri,all,imports,North Africa,JPN,2022–24,0.01526146466666667,0.03619923504805602
agri,all,imports,North Africa,KOR,2019–21,0.032344526,0.09471006307285083
agri,all,imports,North Africa,KOR,2022–24,0.030899885,0.07329258524681359
agri,all,imports,North Africa,RUS,2019–21,2.348365589,6.876398592216269
agri,all,imports,North Africa,RUS,2022–24,2.875700855,6.820981698133253
agri,all,imports,North Africa,TUR,2019–21,0.88356792,2.587231404545784
agri,all,imports,North Africa,TUR,2022–24,1.712008911333333,4.0607775426090695
agri,all,imports,North Africa,USA,2019–21,2.634572213666666,7.714458407161391
agri,all,imports,North Africa,USA,2022–24,2.571448636333333,6.099314556874997
agri,all,imports,North Africa,other,2019–21,16.16532184533333,47.33470670012148
agri,all,imports,North Africa,other,2022–24,20.00129836966667,47.44182270599869
agri,all,imports,West Africa,CHN,2019–21,1.812000365333333,8.271493053531483
agri,all,imports,West Africa,CHN,2022–24,1.887170628666667,7.184878458863214
agri,all,imports,West Africa,EU,2019–21,5.563333854666666,25.395732922430525
agri,all,imports,West Africa,EU,2022–24,7.027231812,26.754234993128005
agri,all,imports,West Africa,GCC,2019–21,0.3865289473333333,1.7644430785025564
agri,all,imports,West Africa,GCC,2022–24,0.4465053653333333,1.6999452685509997
agri,all,imports,West Africa,IND,2019–21,1.780628666666667,8.128286245981489
agri,all,imports,West Africa,IND,2022–24,3.018497359666667,11.49209103202677
agri,all,imports,West Africa,IRN,2019–21,0.011429786,0.0521751525612743
agri,all,imports,West Africa,IRN,2022–24,0.012108956,0.04610148960679359
agri,all,imports,West Africa,ISR,2019–21,0.007825478,0.035722060633059584
agri,all,imports,West Africa,ISR,2022–24,0.007574731333333334,0.02883868748370384
agri,all,imports,West Africa,JPN,2019–21,0.06026885766666667,0.27511773566469744
agri,all,imports,West Africa,JPN,2022–24,0.020768073,0.07906867458785305
agri,all,imports,West Africa,KOR,2019–21,0.055000611,0.25106902875419546
agri,all,imports,West Africa,KOR,2022–24,0.1230669943333333,0.46854342853318576
agri,all,imports,West Africa,RUS,2019–21,0.677196382,3.0912936204398735
agri,all,imports,West Africa,RUS,2022–24,0.3607895506666667,1.3736060912517203
agri,all,imports,West Africa,TUR,2019–21,0.5038786403333333,2.300125735666365
agri,all,imports,West Africa,TUR,2022–24,0.7008752336666667,2.6683879519045957
agri,all,imports,West Africa,USA,2019–21,1.028244582333333,4.693772740237255
agri,all,imports,West Africa,USA,2022–24,0.7895132393333333,3.0058525604975035
agri,all,imports,West Africa,other,2019–21,10.02023321833333,45.740768625597184
agri,all,imports,West Africa,other,2022–24,11.871765175,45.19845136356566
agri,all,imports,Central Africa,CHN,2019–21,0.253941346,5.2423040853008684
agri,all,imports,Central Africa,CHN,2022–24,0.3303831573333333,4.741684361154058
agri,all,imports,Central Africa,EU,2019–21,1.344330037,27.752026032648374
agri,all,imports,Central Africa,EU,2022–24,1.961785868,28.15570093012764
agri,all,imports,Central Africa,GCC,2019–21,0.102062227,2.1069480727923864
agri,all,imports,Central Africa,GCC,2022–24,0.09334502133333333,1.3396948906850408
agri,all,imports,Central Africa,IND,2019–21,0.199974701,4.128229642482559
agri,all,imports,Central Africa,IND,2022–24,0.40897796,5.869682984572149
agri,all,imports,Central Africa,IRN,2019–21,2.531503333333333e-4,0.005225974610013329
agri,all,imports,Central Africa,IRN,2022–24,2.69125e-4,0.00386250259848472
agri,all,imports,Central Africa,ISR,2019–21,4.20359e-4,0.008677790118482666
agri,all,imports,Central Africa,ISR,2022–24,8.518363333333333e-4,0.012225620254467981
agri,all,imports,Central Africa,JPN,2019–21,0.005782522,0.11937299373037957
agri,all,imports,Central Africa,JPN,2022–24,0.006063667666666666,0.08702622245740001
agri,all,imports,Central Africa,KOR,2019–21,0.002176023,0.044921295575903
agri,all,imports,Central Africa,KOR,2022–24,0.004314466,0.06192154625573238
agri,all,imports,Central Africa,RUS,2019–21,0.2054479736666667,4.241218567336223
agri,all,imports,Central Africa,RUS,2022–24,0.067879309,0.9742090381638541
agri,all,imports,Central Africa,TUR,2019–21,0.1248161016666667,2.5766735901230335
agri,all,imports,Central Africa,TUR,2022–24,0.2144958563333333,3.078460947335643
agri,all,imports,Central Africa,USA,2019–21,0.1271109926666667,2.624048768108505
agri,all,imports,Central Africa,USA,2022–24,0.25128987,3.606531447646586
agri,all,imports,Central Africa,other,2019–21,2.477763465333333,51.150353187173266
agri,all,imports,Central Africa,other,2022–24,3.627976716,52.068999508748945
agri,all,imports,East Africa and HoA,CHN,2019–21,0.1940175883333333,1.6706581496842436
agri,all,imports,East Africa and HoA,CHN,2022–24,0.200609593,1.3756520768449942
agri,all,imports,East Africa and HoA,EU,2019–21,0.968635856,8.340787043092773
agri,all,imports,East Africa and HoA,EU,2022–24,0.8663184766666666,5.9406571431292
agri,all,imports,East Africa and HoA,GCC,2019–21,1.578818492,13.594983852702711
agri,all,imports,East Africa and HoA,GCC,2022–24,1.615401116333333,11.077386018233295
agri,all,imports,East Africa and HoA,IND,2019–21,1.445601449,12.447870642623966
agri,all,imports,East Africa and HoA,IND,2022–24,2.327743859333333,15.9621762178396
agri,all,imports,East Africa and HoA,IRN,2019–21,0.011828637,0.10185472860200186
agri,all,imports,East Africa and HoA,IRN,2022–24,0.008175996,0.05606574296612209
agri,all,imports,East Africa and HoA,ISR,2019–21,0.010120157,0.08714324775074671
agri,all,imports,East Africa and HoA,ISR,2022–24,0.01164946433333333,0.07988456366731017
agri,all,imports,East Africa and HoA,JPN,2019–21,0.002410213666666667,0.020754010702261738
agri,all,imports,East Africa and HoA,JPN,2022–24,0.002395504333333333,0.016426834140684302
agri,all,imports,East Africa and HoA,KOR,2019–21,0.01285150133333333,0.1106624694320175
agri,all,imports,East Africa and HoA,KOR,2022–24,0.01137420433333333,0.07799700692084714
agri,all,imports,East Africa and HoA,RUS,2019–21,0.579751511,4.992158674706603
agri,all,imports,East Africa and HoA,RUS,2022–24,0.5915345073333333,4.056364710029498
agri,all,imports,East Africa and HoA,TUR,2019–21,0.554412615,4.773969007109708
agri,all,imports,East Africa and HoA,TUR,2022–24,0.9181184773333333,6.295868364247983
agri,all,imports,East Africa and HoA,USA,2019–21,0.4775826253333333,4.1123967781206066
agri,all,imports,East Africa and HoA,USA,2022–24,0.6597926553333333,4.524435362352654
agri,all,imports,East Africa and HoA,other,2019–21,5.777212217333333,49.74676139547236
agri,all,imports,East Africa and HoA,other,2022–24,7.369758979333334,50.537085959627795
agri,all,imports,Southern Africa and Indian Ocean,CHN,2019–21,0.5174951173333333,3.4583088139728018
agri,all,imports,Southern Africa and Indian Ocean,CHN,2022–24,0.6194936463333334,3.4009087741855737
agri,all,imports,Southern Africa and Indian Ocean,EU,2019–21,2.950218231333333,19.71567531909953
agri,all,imports,Southern Africa and Indian Ocean,EU,2022–24,3.614098845,19.84075308194664
agri,all,imports,Southern Africa and Indian Ocean,GCC,2019–21,0.149678591,1.0002699024209476
agri,all,imports,Southern Africa and Indian Ocean,GCC,2022–24,0.2560066376666666,1.4054304276461238
agri,all,imports,Southern Africa and Indian Ocean,IND,2019–21,0.5638290323333334,3.7679484245957435
agri,all,imports,Southern Africa and Indian Ocean,IND,2022–24,0.8950926856666667,4.91389796555739
agri,all,imports,Southern Africa and Indian Ocean,IRN,2019–21,5.778423333333333e-4,0.003861596307905023
agri,all,imports,Southern Africa and Indian Ocean,IRN,2022–24,0.001116835666666667,0.006131227076453856
agri,all,imports,Southern Africa and Indian Ocean,ISR,2019–21,0.014300091,0.09556443933374993
agri,all,imports,Southern Africa and Indian Ocean,ISR,2022–24,0.010335284,0.056738851556173704
agri,all,imports,Southern Africa and Indian Ocean,JPN,2019–21,0.033057274,0.22091466800540985
agri,all,imports,Southern Africa and Indian Ocean,JPN,2022–24,0.026634336,0.14621771753937804
agri,all,imports,Southern Africa and Indian Ocean,KOR,2019–21,0.030078073,0.20100530706305308
agri,all,imports,Southern Africa and Indian Ocean,KOR,2022–24,0.025357294,0.13920698648747862
agri,all,imports,Southern Africa and Indian Ocean,RUS,2019–21,0.2054690726666667,1.373105718684974
agri,all,imports,Southern Africa and Indian Ocean,RUS,2022–24,0.222572512,1.2218830869913868
agri,all,imports,Southern Africa and Indian Ocean,TUR,2019–21,0.2401625693333333,1.6049549116360757
agri,all,imports,Southern Africa and Indian Ocean,TUR,2022–24,0.1998743966666667,1.0972745134386033
agri,all,imports,Southern Africa and Indian Ocean,USA,2019–21,0.4822155296666666,3.2225429006446356
agri,all,imports,Southern Africa and Indian Ocean,USA,2022–24,0.475248638,2.6090296041943044
agri,all,imports,Southern Africa and Indian Ocean,other,2019–21,9.776738904666667,65.33584799823515
agri,all,imports,Southern Africa and Indian Ocean,other,2022–24,11.86970148533333,65.1625277633805
agri,animal,exports,Africa,CHN,2019–21,0.2028169443333333,2.716266564796716
agri,animal,exports,Africa,CHN,2022–24,0.209266641,2.434108726180252
agri,animal,exports,Africa,EU,2019–21,2.640822600333333,35.36774580853415
agri,animal,exports,Africa,EU,2022–24,2.887872161,33.59061336098534
agri,animal,exports,Africa,GCC,2019–21,0.924793337,12.385480063792839
agri,animal,exports,Africa,GCC,2022–24,1.405691078,16.350455585864378
agri,animal,exports,Africa,IND,2019–21,0.004639108666666667,0.062130192342387716
agri,animal,exports,Africa,IND,2022–24,0.005065288333333333,0.05891747711851356
agri,animal,exports,Africa,IRN,2019–21,0.007284976333333333,0.09756550521265558
agri,animal,exports,Africa,IRN,2022–24,0.007585655666666666,0.08823341629510845
agri,animal,exports,Africa,ISR,2019–21,0.02393276,0.32052428363412694
agri,animal,exports,Africa,ISR,2022–24,0.022961897,0.26708391547868415
agri,animal,exports,Africa,JPN,2019–21,0.366529635,4.908821577162559
agri,animal,exports,Africa,JPN,2022–24,0.3566648296666667,4.1485875152611
agri,animal,exports,Africa,KOR,2019–21,0.169373422,2.2683674909709817
agri,animal,exports,Africa,KOR,2022–24,0.1746923083333333,2.031953445034451
agri,animal,exports,Africa,RUS,2019–21,0.02750404766666667,0.36835346927797774
agri,animal,exports,Africa,RUS,2022–24,0.026232376,0.30512486378582154
agri,animal,exports,Africa,TUR,2019–21,0.03289877166666667,0.4406033913723718
agri,animal,exports,Africa,TUR,2022–24,0.05479846766666667,0.6373946066670976
agri,animal,exports,Africa,USA,2019–21,0.1262292253333333,1.6905501924415507
agri,animal,exports,Africa,USA,2022–24,0.2056114873333333,2.3915933907543674
agri,animal,exports,Africa,other,2019–21,2.939929243666667,39.37359146046169
agri,animal,exports,Africa,other,2022–24,3.240817199,37.6959336965749
agri,animal,exports,North Africa,CHN,2019–21,0.020792844,0.9834449493970123
agri,animal,exports,North Africa,CHN,2022–24,0.009229135333333333,0.39704741680923983
agri,animal,exports,North Africa,EU,2019–21,1.15988104,54.85921746391951
agri,animal,exports,North Africa,EU,2022–24,1.272449421,54.742154858616544
agri,animal,exports,North Africa,GCC,2019–21,0.1661366243333333,7.857810317361366
agri,animal,exports,North Africa,GCC,2022–24,0.1412297276666667,6.075856136185793
agri,animal,exports,North Africa,IND,2019–21,0.001738712,0.08223634702669716
agri,animal,exports,North Africa,IND,2022–24,0.001075605666666667,0.04627372294703742
agri,animal,exports,North Africa,IRN,2019–21,0,0
agri,animal,exports,North Africa,IRN,2022–24,0,0
agri,animal,exports,North Africa,ISR,2019–21,0.007357753333333333,0.3480017141751123
agri,animal,exports,North Africa,ISR,2022–24,0.001278142,0.05498705578435865
agri,animal,exports,North Africa,JPN,2019–21,0.179520981,8.490853972417
agri,animal,exports,North Africa,JPN,2022–24,0.168537714,7.250675340835593
agri,animal,exports,North Africa,KOR,2019–21,0.05137349733333333,2.429826650232529
agri,animal,exports,North Africa,KOR,2022–24,0.05766419133333334,2.4807760840391215
agri,animal,exports,North Africa,RUS,2019–21,0.01878024366666667,0.8882544293810197
agri,animal,exports,North Africa,RUS,2022–24,0.02333274366666667,1.0037999514929805
agri,animal,exports,North Africa,TUR,2019–21,0.02003641333333333,0.9476678369105072
agri,animal,exports,North Africa,TUR,2022–24,0.02966353466666667,1.2761574500151447
agri,animal,exports,North Africa,USA,2019–21,0.024645861,1.1656821704616647
agri,animal,exports,North Africa,USA,2022–24,0.051369557,2.2099740845514755
agri,animal,exports,North Africa,other,2019–21,0.4640225503333333,21.947004148717582
agri,animal,exports,North Africa,other,2022–24,0.568611829,24.462297898722678
agri,animal,exports,West Africa,CHN,2019–21,0.05854775466666667,3.5848698750379873
agri,animal,exports,West Africa,CHN,2022–24,0.07876628566666667,4.766779086305761
agri,animal,exports,West Africa,EU,2019–21,0.544215987,33.32225989566611
agri,animal,exports,West Africa,EU,2022–24,0.6126074296666667,37.073784286446134
agri,animal,exports,West Africa,GCC,2019–21,0.01173299233333333,0.7184092882688343
agri,animal,exports,West Africa,GCC,2022–24,0.007973837666666667,0.4825608101912714
agri,animal,exports,West Africa,IND,2019–21,6.286673333333333e-4,0.03849320264317904
agri,animal,exports,West Africa,IND,2022–24,5.149466666666667e-4,0.03116354897852338
agri,animal,exports,West Africa,IRN,2019–21,0.007078890333333333,0.433439349623979
agri,animal,exports,West Africa,IRN,2022–24,6.136736666666667e-4,0.03713831083088869
agri,animal,exports,West Africa,ISR,2019–21,0.002293502,0.14043076929165996
agri,animal,exports,West Africa,ISR,2022–24,0.003572051666666667,0.2161734685818261
agri,animal,exports,West Africa,JPN,2019–21,0.08996406066666666,5.5084853852412445
agri,animal,exports,West Africa,JPN,2022–24,0.1126278406666667,6.8160131061359
agri,animal,exports,West Africa,KOR,2019–21,0.09851140133333333,6.031837719452373
agri,animal,exports,West Africa,KOR,2022–24,0.100630192,6.089939250233443
agri,animal,exports,West Africa,RUS,2019–21,0.007210898,0.44152215843879455
agri,animal,exports,West Africa,RUS,2022–24,1.08683e-4,0.006577279188070329
agri,animal,exports,West Africa,TUR,2019–21,0.001923478666666667,0.11777429837693466
agri,animal,exports,West Africa,TUR,2022–24,0.00266309,0.16116491477929587
agri,animal,exports,West Africa,USA,2019–21,0.009086026666666667,0.5563359938663829
agri,animal,exports,West Africa,USA,2022–24,0.009950831333333333,0.602204538269384
agri,animal,exports,West Africa,other,2019–21,0.801996853,49.106142064092516
agri,animal,exports,West Africa,other,2022–24,0.7223717263333334,43.71650140005953
agri,animal,exports,Central Africa,CHN,2019–21,0.006596937666666667,15.955836349539751
agri,animal,exports,Central Africa,CHN,2022–24,0.005794552333333334,10.698824720393063
agri,animal,exports,Central Africa,EU,2019–21,7.50309e-4,1.814752271509031
agri,animal,exports,Central Africa,EU,2022–24,7.82796e-4,1.445322557127906
agri,animal,exports,Central Africa,GCC,2019–21,1.666933333333333e-5,0.040317669828307895
agri,animal,exports,Central Africa,GCC,2022–24,3.42331e-4,0.6320659741543815
agri,animal,exports,Central Africa,IND,2019–21,0,0
agri,animal,exports,Central Africa,IND,2022–24,3.925566666666666e-5,0.07248005933656708
agri,animal,exports,Central Africa,IRN,2019–21,0,0
agri,animal,exports,Central Africa,IRN,2022–24,0,0
agri,animal,exports,Central Africa,ISR,2019–21,0,0
agri,animal,exports,Central Africa,ISR,2022–24,9.816666666666667e-7,0.0018125092321804078
agri,animal,exports,Central Africa,JPN,2019–21,1.35217e-4,0.3270457343529621
agri,animal,exports,Central Africa,JPN,2022–24,1.948283333333333e-4,0.3597230759154382
agri,animal,exports,Central Africa,KOR,2019–21,0.001671202666666667,4.042093104954471
agri,animal,exports,Central Africa,KOR,2022–24,0.004142634333333333,7.64879080616047
agri,animal,exports,Central Africa,RUS,2019–21,2.202e-6,0.005325918390773516
agri,animal,exports,Central Africa,RUS,2022–24,0,0
agri,animal,exports,Central Africa,TUR,2019–21,1.335003333333333e-4,0.3228936786895525
agri,animal,exports,Central Africa,TUR,2022–24,5.733766666666666e-5,0.10586592548558521
agri,animal,exports,Central Africa,USA,2019–21,1.59986e-4,0.3869538508929572
agri,animal,exports,Central Africa,USA,2022–24,2.71225e-4,0.5007787604395224
agri,animal,exports,Central Africa,other,2019–21,0.031878958,77.10478142184219
agri,animal,exports,Central Africa,other,2022–24,0.04253470166666667,78.53433561175488
agri,animal,exports,East Africa and HoA,CHN,2019–21,0.018200057,1.4261684486082808
agri,animal,exports,East Africa and HoA,CHN,2022–24,0.04568267366666667,2.5139701951522215
agri,animal,exports,East Africa and HoA,EU,2019–21,0.127395286,9.9827784822118
agri,animal,exports,East Africa and HoA,EU,2022–24,0.1232253373333333,6.781232368402712
agri,animal,exports,East Africa and HoA,GCC,2019–21,0.6806099113333334,53.33304073463504
agri,animal,exports,East Africa and HoA,GCC,2022–24,1.143175477666667,62.91026439592814
agri,animal,exports,East Africa and HoA,IND,2019–21,9.640306666666667e-4,0.07554207771386688
agri,animal,exports,East Africa and HoA,IND,2022–24,0.001566616333333333,0.08621270282856525
agri,animal,exports,East Africa and HoA,IRN,2019–21,0,0
agri,animal,exports,East Africa and HoA,IRN,2022–24,0.002552290333333333,0.14045547933979566
agri,animal,exports,East Africa and HoA,ISR,2019–21,0.01168087333333333,0.9153209245547876
agri,animal,exports,East Africa and HoA,ISR,2022–24,0.01406670666666667,0.7741070840552099
agri,animal,exports,East Africa and HoA,JPN,2019–21,0.01060242966666667,0.830813368836615
agri,animal,exports,East Africa and HoA,JPN,2022–24,0.005343586666666666,0.29406373438722194
agri,animal,exports,East Africa and HoA,KOR,2019–21,0.001655287333333333,0.12970940520576052
agri,animal,exports,East Africa and HoA,KOR,2022–24,0.001492127666666667,0.08211350563089187
agri,animal,exports,East Africa and HoA,RUS,2019–21,1.619943333333333e-4,0.012693982609688126
agri,animal,exports,East Africa and HoA,RUS,2022–24,9.8987e-5,0.005447368722840578
agri,animal,exports,East Africa and HoA,TUR,2019–21,6.89753e-4,0.054049499181948034
agri,animal,exports,East Africa and HoA,TUR,2022–24,0.005838858,0.32131908681248533
agri,animal,exports,East Africa and HoA,USA,2019–21,0.007457573,0.5843803300062743
agri,animal,exports,East Africa and HoA,USA,2022–24,0.008768940333333333,0.4825648954332915
agri,animal,exports,East Africa and HoA,other,2019–21,0.4167333893333333,32.65550274643594
agri,animal,exports,East Africa and HoA,other,2022–24,0.4653409546666666,25.608249183306647
agri,animal,exports,Southern Africa and Indian Ocean,CHN,2019–21,0.098679351,4.10858989974794
agri,animal,exports,Southern Africa and Indian Ocean,CHN,2022–24,0.069793994,2.5387906029355487
agri,animal,exports,Southern Africa and Indian Ocean,EU,2019–21,0.8085799783333333,33.66584293930694
agri,animal,exports,Southern Africa and Indian Ocean,EU,2022–24,0.878807177,31.967040068804735
agri,animal,exports,Southern Africa and Indian Ocean,GCC,2019–21,0.06629713966666667,2.760331879530148
agri,animal,exports,Southern Africa and Indian Ocean,GCC,2022–24,0.112969704,4.109328131180033
agri,animal,exports,Southern Africa and Indian Ocean,IND,2019–21,0.001307698666666667,0.05444702948827172
agri,animal,exports,Southern Africa and Indian Ocean,IND,2022–24,0.001868864,0.06798084031936245
agri,animal,exports,Southern Africa and Indian Ocean,IRN,2019–21,2.06086e-4,0.00858054749548823
agri,animal,exports,Southern Africa and Indian Ocean,IRN,2022–24,0.004419691666666667,0.16076844192647705
agri,animal,exports,Southern Africa and Indian Ocean,ISR,2019–21,0.002600631333333334,0.10827926532574533
agri,animal,exports,Southern Africa and Indian Ocean,ISR,2022–24,0.004044015,0.14710301978319798
agri,animal,exports,Southern Africa and Indian Ocean,JPN,2019–21,0.08630694666666666,3.5934554266854755
agri,animal,exports,Southern Africa and Indian Ocean,JPN,2022–24,0.06996086,2.5448604351441686
agri,animal,exports,Southern Africa and Indian Ocean,KOR,2019–21,0.01616203333333333,0.6729185613788932
agri,animal,exports,Southern Africa and Indian Ocean,KOR,2022–24,0.010763163,0.3915153083553806
agri,animal,exports,Southern Africa and Indian Ocean,RUS,2019–21,0.001348709666666667,0.0561545536933971
agri,animal,exports,Southern Africa and Indian Ocean,RUS,2022–24,0.002691962333333333,0.0979214440045245
agri,animal,exports,Southern Africa and Indian Ocean,TUR,2019–21,0.01011562633333333,0.42117180303260815
agri,animal,exports,Southern Africa and Indian Ocean,TUR,2022–24,0.01657564733333333,0.6029472634484901
agri,animal,exports,Southern Africa and Indian Ocean,USA,2019–21,0.08487977866666667,3.5340342005563787
agri,animal,exports,Southern Africa and Indian Ocean,USA,2022–24,0.1352509336666667,4.919818737285513
agri,animal,exports,Southern Africa and Indian Ocean,other,2019–21,1.225297493,51.01619389375871
agri,animal,exports,Southern Africa and Indian Ocean,other,2022–24,1.441957987333333,52.451925706812574
agri,animal,imports,Africa,CHN,2019–21,0.5284302633333333,3.715423573217539
agri,animal,imports,Africa,CHN,2022–24,0.6094136023333333,3.689869066439712
agri,animal,imports,Africa,EU,2019–21,4.902394210333333,34.469015645282944
agri,animal,imports,Africa,EU,2022–24,5.116353753333334,30.97842807430682
agri,animal,imports,Africa,GCC,2019–21,0.462785299,3.2538700535372325
agri,animal,imports,Africa,GCC,2022–24,0.6214802466666667,3.7629300179688894
agri,animal,imports,Africa,IND,2019–21,0.6131011943333333,4.310749758775602
agri,animal,imports,Africa,IND,2022–24,0.777866683,4.7098164537617695
agri,animal,imports,Africa,IRN,2019–21,0.002086133666666667,0.014667725790577657
agri,animal,imports,Africa,IRN,2022–24,0.002056009,0.012448694909950634
agri,animal,imports,Africa,ISR,2019–21,0.003314626333333333,0.023305328384468093
agri,animal,imports,Africa,ISR,2022–24,0.001168783666666667,0.007076735209849167
agri,animal,imports,Africa,JPN,2019–21,0.1029905626666667,0.7241325694272249
agri,animal,imports,Africa,JPN,2022–24,0.04310107266666666,0.2609677797708792
agri,animal,imports,Africa,KOR,2019–21,0.04357875,0.3064046976038141
agri,animal,imports,Africa,KOR,2022–24,0.102970309,0.6234632054258245
agri,animal,imports,Africa,RUS,2019–21,0.115340202,0.8109635938472957
agri,animal,imports,Africa,RUS,2022–24,0.1207483936666667,0.731105707038709
agri,animal,imports,Africa,TUR,2019–21,0.1943407233333333,1.3664208029155605
agri,animal,imports,Africa,TUR,2022–24,0.2502015266666667,1.5149167496237668
agri,animal,imports,Africa,USA,2019–21,0.6897945446666667,4.849985115850056
agri,animal,imports,Africa,USA,2022–24,0.7291912033333333,4.415096831442102
agri,animal,imports,Africa,other,2019–21,6.564455069333333,46.15506113536768
agri,animal,imports,Africa,other,2022–24,8.141308230666667,49.29388068410174
agri,animal,imports,North Africa,CHN,2019–21,0.089425069,1.6069200363750136
agri,animal,imports,North Africa,CHN,2022–24,0.06647577666666667,1.0156728803054833
agri,animal,imports,North Africa,EU,2019–21,2.182289328666667,39.2145567972874
agri,animal,imports,North Africa,EU,2022–24,2.466682535,37.688052411713294
agri,animal,imports,North Africa,GCC,2019–21,0.08456066133333333,1.5195092663071381
agri,animal,imports,North Africa,GCC,2022–24,0.1340797186666667,2.0485828203494814
agri,animal,imports,North Africa,IND,2019–21,0.494889184,8.8928904886266391
agri,animal,imports,North Africa,IND,2022–24,0.5783590213333333,8.836656034781498
agri,animal,imports,North Africa,IRN,2019–21,1.357273333333333e-4,0.0024389466382976296
agri,animal,imports,North Africa,IRN,2022–24,7.2944e-5,0.0011144998418371722
agri,animal,imports,North Africa,ISR,2019–21,0,0
agri,animal,imports,North Africa,ISR,2022–24,2.647433333333333e-5,4.0449715278493875e-4
agri,animal,imports,North Africa,JPN,2019–21,0.02402285166666667,0.43167762804892623
agri,animal,imports,North Africa,JPN,2022–24,0.014439322,0.22061611764142355
agri,animal,imports,North Africa,KOR,2019–21,0.004821604,0.08664161137036318
agri,animal,imports,North Africa,KOR,2022–24,0.011559232,0.17661167794142324
agri,animal,imports,North Africa,RUS,2019–21,0.005362172333333333,0.0963553314219874
agri,animal,imports,North Africa,RUS,2022–24,0.007679798333333333,0.11733842437817198
agri,animal,imports,North Africa,TUR,2019–21,0.1206250433333333,2.167566669933881
agri,animal,imports,North Africa,TUR,2022–24,0.1142732153333333,1.7459623877937196
agri,animal,imports,North Africa,USA,2019–21,0.2015892063333333,3.6224488098965857
agri,animal,imports,North Africa,USA,2022–24,0.1612661413333333,2.4639598734603396
agri,animal,imports,North Africa,other,2019–21,2.357277221333333,42.35899441409378
agri,animal,imports,North Africa,other,2022–24,2.990084506666667,45.68502837464054
agri,animal,imports,West Africa,CHN,2019–21,0.2040915656666667,5.090938885784403
agri,animal,imports,West Africa,CHN,2022–24,0.2697247153333333,5.940428740978536
agri,animal,imports,West Africa,EU,2019–21,1.542748213,38.482907624726316
agri,animal,imports,West Africa,EU,2022–24,1.476629230666667,32.521345738676
agri,animal,imports,West Africa,GCC,2019–21,0.07682850466666667,1.9164399110104091
agri,animal,imports,West Africa,GCC,2022–24,0.116558324,2.567085545105473
agri,animal,imports,West Africa,IND,2019–21,0.02804369266666667,0.6995327074461165
agri,animal,imports,West Africa,IND,2022–24,0.066934812,1.4741751807408652
agri,animal,imports,West Africa,IRN,2019–21,0.001604485,0.04002289389802002
agri,animal,imports,West Africa,IRN,2022–24,0.001762692666666667,0.03882161916692813
agri,animal,imports,West Africa,ISR,2019–21,0.002194101333333334,0.054730511575679604
agri,animal,imports,West Africa,ISR,2022–24,3.096353333333333e-4,0.006819421909789254
agri,animal,imports,West Africa,JPN,2019–21,0.051527202,1.2853144395290983
agri,animal,imports,West Africa,JPN,2022–24,0.01083160733333333,0.23855578616297216
agri,animal,imports,West Africa,KOR,2019–21,0.02587491633333333,0.6454339124573587
agri,animal,imports,West Africa,KOR,2022–24,0.082053683,1.8071538464465793
agri,animal,imports,West Africa,RUS,2019–21,0.095487548,2.381878298760097
agri,animal,imports,West Africa,RUS,2022–24,0.097225181,2.1412915714656573
agri,animal,imports,West Africa,TUR,2019–21,0.027169882,0.6777360364900413
agri,animal,imports,West Africa,TUR,2022–24,0.06646825333333334,1.463899672582875
agri,animal,imports,West Africa,USA,2019–21,0.199979772,4.988372715548127
agri,animal,imports,West Africa,USA,2022–24,0.213112004,4.693587949641929
agri,animal,imports,West Africa,other,2019–21,1.753368123333333,43.73669206277433
agri,animal,imports,West Africa,other,2022–24,2.138882258333333,47.1068349271224
agri,animal,imports,Central Africa,CHN,2019–21,0.06282962,5.2603789681811
agri,animal,imports,Central Africa,CHN,2022–24,0.1074447523333333,6.43725275584466
agri,animal,imports,Central Africa,EU,2019–21,0.4216828823333333,35.305191491978654
agri,animal,imports,Central Africa,EU,2022–24,0.485350478,29.078420622751466
agri,animal,imports,Central Africa,GCC,2019–21,0.03996863533333334,3.34635429427023
agri,animal,imports,Central Africa,GCC,2022–24,0.040396292333333333,2.4202312211760035
agri,animal,imports,Central Africa,IND,2019–21,0.03605756633333333,3.018901969861692
agri,animal,imports,Central Africa,IND,2022–24,0.06205315366666667,3.717741683747896
agri,animal,imports,Central Africa,IRN,2019–21,8.3972e-5,0.007030514313409874
agri,animal,imports,Central Africa,IRN,2022–24,6.111766666666667e-5,0.0036616945884916795
agri,animal,imports,Central Africa,ISR,2019–21,5.005766666666667e-5,0.004191053470155532
agri,animal,imports,Central Africa,ISR,2022–24,1.8398e-5,0.0011022648722257599
agri,animal,imports,Central Africa,JPN,2019–21,0.001621727666666667,0.13577834960406804
agri,animal,imports,Central Africa,JPN,2022–24,0.001641288,0.09833319423881255
agri,animal,imports,Central Africa,KOR,2019–21,0.001663362,0.13926416364242933
agri,animal,imports,Central Africa,KOR,2022–24,0.001974150666666667,0.1182757328159437
agri,animal,imports,Central Africa,RUS,2019–21,0.00414221,0.34680449071297004
agri,animal,imports,Central Africa,RUS,2022–24,0.003370203,0.20191631585878209
agri,animal,imports,Central Africa,TUR,2019–21,0.02919214133333333,2.444097645442338
agri,animal,imports,Central Africa,TUR,2022–24,0.040396596,2.4202494145176456
agri,animal,imports,Central Africa,USA,2019–21,0.061919363,5.184168149486993
agri,animal,imports,Central Africa,USA,2022–24,0.1181929423333333,7.081200591316351
agri,animal,imports,Central Africa,other,2019–21,0.5351818773333333,44.807838909035965
agri,animal,imports,Central Africa,other,2022–24,0.8082094296666666,48.421614508271695
agri,animal,imports,East Africa and HoA,CHN,2019–21,0.027151627,4.596940853321476
agri,animal,imports,East Africa and HoA,CHN,2022–24,0.01319032066666667,2.1423166292252027
agri,animal,imports,East Africa and HoA,EU,2019–21,0.09177790766666667,15.538575761418139
agri,animal,imports,East Africa and HoA,EU,2022–24,0.080368879,13.053176666810993
agri,animal,imports,East Africa and HoA,GCC,2019–21,0.233589055,39.548093004454465
agri,animal,imports,East Africa and HoA,GCC,2022–24,0.260658445,42.33505275445283
agri,animal,imports,East Africa and HoA,IND,2019–21,0.001926651666666667,0.3261942187339238
agri,animal,imports,East Africa and HoA,IND,2022–24,0.003404779333333333,0.5529899969054807
agri,animal,imports,East Africa and HoA,IRN,2019–21,6.257166666666666e-5,0.010593775863244349
agri,animal,imports,East Africa and HoA,IRN,2022–24,4.032e-5,0.006548605501960767
agri,animal,imports,East Africa and HoA,ISR,2019–21,7.2173e-5,0.012219341854054303
agri,animal,imports,East Africa and HoA,ISR,2022–24,6.786666666666667e-7,1.1022619710641636e-4
agri,animal,imports,East Africa and HoA,JPN,2019–21,0.001694791666666667,0.28693886559243
agri,animal,imports,East Africa and HoA,JPN,2022–24,0.001162005666666667,0.1887280928086043
agri,animal,imports,East Africa and HoA,KOR,2019–21,0.001600146666666667,0.27091487310525375
agri,animal,imports,East Africa and HoA,KOR,2022–24,0.001163255666666667,0.18893111257242998
agri,animal,imports,East Africa and HoA,RUS,2019–21,1.959333333333333e-5,0.0033172743000905777
agri,animal,imports,East Africa and HoA,RUS,2022–24,0,0
agri,animal,imports,East Africa and HoA,TUR,2019–21,0.008519326666666667,1.4423754715248212
agri,animal,imports,East Africa and HoA,TUR,2022–24,0.01812845233333333,2.9443472889905795
agri,animal,imports,East Africa and HoA,USA,2019–21,0.005960484,1.009147348892536
agri,animal,imports,East Africa and HoA,USA,2022–24,0.009246507333333334,1.5017789880205175
agri,animal,imports,East Africa and HoA,other,2019–21,0.2182712306666667,36.95468921093957
agri,animal,imports,East Africa and HoA,other,2022–24,0.228339959,37.08601963851429
agri,animal,imports,Southern Africa and Indian Ocean,CHN,2019–21,0.1449323816666667,5.0610951475921935
agri,animal,imports,Southern Africa and Indian Ocean,CHN,2022–24,0.1525780373333333,4.850589894820004
agri,animal,imports,Southern Africa and Indian Ocean,EU,2019–21,0.6638958786666667,23.183502343556018
agri,animal,imports,Southern Africa and Indian Ocean,EU,2022–24,0.6073226306666667,19.307320153630386
agri,animal,imports,Southern Africa and Indian Ocean,GCC,2019–21,0.02783844266666667,0.972129247284663
agri,animal,imports,Southern Africa and Indian Ocean,GCC,2022–24,0.06978746666666667,2.218604895663236
agri,animal,imports,Southern Africa and Indian Ocean,IND,2019–21,0.05218409966666666,1.8222890603692945
agri,animal,imports,Southern Africa and Indian Ocean,IND,2022–24,0.06711491666666666,2.13364218248401
agri,animal,imports,Southern Africa and Indian Ocean,IRN,2019–21,1.993776666666667e-4,0.0069623456794196785
agri,animal,imports,Southern Africa and Indian Ocean,IRN,2022–24,1.189346666666667e-4,0.003781037575000217
agri,animal,imports,Southern Africa and Indian Ocean,ISR,2019–21,9.982943333333334e-4,0.034860826464043024
agri,animal,imports,Southern Africa and Indian Ocean,ISR,2022–24,8.135973333333334e-4,0.025864974228876157
agri,animal,imports,Southern Africa and Indian Ocean,JPN,2019–21,0.02412398966666667,0.8424191035743638
agri,animal,imports,Southern Africa and Indian Ocean,JPN,2022–24,0.01502684966666667,0.4777167567365793
agri,animal,imports,Southern Africa and Indian Ocean,KOR,2019–21,0.009618721,0.33588947907518885
agri,animal,imports,Southern Africa and Indian Ocean,KOR,2022–24,0.006219987666666667,0.1977388741469091
agri,animal,imports,Southern Africa and Indian Ocean,RUS,2019–21,0.01032867833333333,0.3606814653339589
agri,animal,imports,Southern Africa and Indian Ocean,RUS,2022–24,0.01247321133333333,0.39653434994214076
agri,animal,imports,Southern Africa and Indian Ocean,TUR,2019–21,0.00883433,0.3084982402211597
agri,animal,imports,Southern Africa and Indian Ocean,TUR,2022–24,0.01093500966666667,0.34763356716284516
agri,animal,imports,Southern Africa and Indian Ocean,USA,2019–21,0.2203457193333333,7.694558235270687
agri,animal,imports,Southern Africa and Indian Ocean,USA,2022–24,0.2273736083333333,7.228406828441234
agri,animal,imports,Southern Africa and Indian Ocean,other,2019–21,1.700356616666667,59.37711450557901
agri,animal,imports,Southern Africa and Indian Ocean,other,2022–24,1.975792077,62.812166485168774
agri,fats,exports,Africa,CHN,2019–21,0.07175165566666666,2.6060458690347192
agri,fats,exports,Africa,CHN,2022–24,0.046713413,1.2454991805531452
agri,fats,exports,Africa,EU,2019–21,0.714401449,25.94731686259581
agri,fats,exports,Africa,EU,2022–24,1.075909516666667,28.686502126437734
agri,fats,exports,Africa,GCC,2019–21,0.04634252233333333,1.683177032854706
agri,fats,exports,Africa,GCC,2022–24,0.05816503233333333,1.550828669016624
agri,fats,exports,Africa,IND,2019–21,0.04499947666666667,1.6343971325301534
agri,fats,exports,Africa,IND,2022–24,0.050061986,1.334780709340656
agri,fats,exports,Africa,IRN,2019–21,8.943133333333334e-5,0.0032481781030716055
agri,fats,exports,Africa,IRN,2022–24,0,0
agri,fats,exports,Africa,ISR,2019–21,0.001386453333333333,0.05035648234694742
agri,fats,exports,Africa,ISR,2022–24,0.001108704333333333,0.029560895896054252
agri,fats,exports,Africa,JPN,2019–21,0.011016132,0.4001098654045161
agri,fats,exports,Africa,JPN,2022–24,0.006695918,0.17853031595124627
agri,fats,exports,Africa,KOR,2019–21,0.004551428333333334,0.16530950953095888
agri,fats,exports,Africa,KOR,2022–24,0.003240753666666667,0.08640678933495899
agri,fats,exports,Africa,RUS,2019–21,0.001809587666666667,0.06572487309953008
agri,fats,exports,Africa,RUS,2022–24,0.002237664666666667,0.059661868609045134
agri,fats,exports,Africa,TUR,2019–21,0.008335865,0.30276160663109486
agri,fats,exports,Africa,TUR,2022–24,0.01015698166666667,0.2708111338969528
agri,fats,exports,Africa,USA,2019–21,0.1577076583333333,5.727998715793475
agri,fats,exports,Africa,USA,2022–24,0.2735120316666667,7.292530976322781
agri,fats,exports,Africa,other,2019–21,1.690885115666667,61.41355387207504
agri,fats,exports,Africa,other,2022–24,2.222775576,59.26488733464082
agri,fats,exports,North Africa,CHN,2019–21,0.006934048,0.5799265603283196
agri,fats,exports,North Africa,CHN,2022–24,0.02027221366666667,1.2665191649849437
agri,fats,exports,North Africa,EU,2019–21,0.485614054,40.61415323102909
agri,fats,exports,North Africa,EU,2022–24,0.6875465583333333,42.954899117920945
agri,fats,exports,North Africa,GCC,2019–21,0.04097824966666667,3.4272008756595147
agri,fats,exports,North Africa,GCC,2022–24,0.03783311633333333,2.3636474878942204
agri,fats,exports,North Africa,IND,2019–21,0.01959726633333333,1.6390101794115035
agri,fats,exports,North Africa,IND,2022–24,0.008602933666666666,0.5374736347537274
agri,fats,exports,North Africa,IRN,2019–21,4.563333333333333e-7,3.816527090137773e-5
agri,fats,exports,North Africa,IRN,2022–24,0,0
agri,fats,exports,North Africa,ISR,2019–21,8.95339e-4,0.07488134875873333
agri,fats,exports,North Africa,ISR,2022–24,9.799876666666666e-4,0.061225339358131084
agri,fats,exports,North Africa,JPN,2019–21,0.002438024666666667,0.20390329846802302
agri,fats,exports,North Africa,JPN,2022–24,0.002344079333333333,0.14644781515860744
agri,fats,exports,North Africa,KOR,2019–21,0.003269207,0.27341892794962835
agri,fats,exports,North Africa,KOR,2022–24,0.001985571666666667,0.12404982557082177
agri,fats,exports,North Africa,RUS,2019–21,7.57734e-4,0.06337280507198953
agri,fats,exports,North Africa,RUS,2022–24,0.001723722333333333,0.10769062551214713
agri,fats,exports,North Africa,TUR,2019–21,0.001885596,0.15770112962137528
agri,fats,exports,North Africa,TUR,2022–24,0.003833329666666667,0.2394896565500228
agri,fats,exports,North Africa,USA,2019–21,0.13889799,11.616682430986536
agri,fats,exports,North Africa,USA,2022–24,0.2492505166666667,15.57208114670781
agri,fats,exports,North Africa,other,2019–21,0.494408949,41.34971104744437
agri,fats,exports,North Africa,other,2022–24,0.5862522823333334,36.62647618558861
agri,fats,exports,West Africa,CHN,2019–21,0.02918573166666667,3.7893699358264183
agri,fats,exports,West Africa,CHN,2022–24,0.014203533,1.5516466967573452
agri,fats,exports,West Africa,EU,2019–21,0.154530945,20.063739495235513
agri,fats,exports,West Africa,EU,2022–24,0.2178289706666667,23.796445771132156
agri,fats,exports,West Africa,GCC,2019–21,3.774916666666667e-4,0.04901215391921844
agri,fats,exports,West Africa,GCC,2022–24,0.005263347,0.57498757431955
agri,fats,exports,West Africa,IND,2019–21,0.025151145,3.265533782161852
agri,fats,exports,West Africa,IND,2022–24,0.03609163066666667,3.9427837781289656
agri,fats,exports,West Africa,IRN,2019–21,8.8975e-5,0.011552192485385887
agri,fats,exports,West Africa,IRN,2022–24,0,0
agri,fats,exports,West Africa,ISR,2019–21,3.058866666666667e-5,0.003971521946666372
agri,fats,exports,West Africa,ISR,2022–24,8.261333333333333e-6,9.024987358763495e-4
agri,fats,exports,West Africa,JPN,2019–21,0.002078720666666667,0.26989357982223106
agri,fats,exports,West Africa,JPN,2022–24,0.001301682333333333,0.14220061253380123
agri,fats,exports,West Africa,KOR,2019–21,0.001192040666666667,0.15477025267480812
agri,fats,exports,West Africa,KOR,2022–24,7.569343333333333e-4,0.08269031782295924
agri,fats,exports,West Africa,RUS,2019–21,9.5347e-4,0.12379509939916698
agri,fats,exports,West Africa,RUS,2022–24,3.89214e-4,0.04251918289848824
agri,fats,exports,West Africa,TUR,2019–21,0.005942809333333333,0.7715928892679341
agri,fats,exports,West Africa,TUR,2022–24,0.005822362666666667,0.6360565219270883
agri,fats,exports,West Africa,USA,2019–21,0.01011935366666667,1.3138603134029652
agri,fats,exports,West Africa,USA,2022–24,0.01112329333333333,1.2151498755788197
agri,fats,exports,West Africa,other,2019–21,0.5405488453333334,70.18290878385784
agri,fats,exports,West Africa,other,2022–24,0.6225952476666666,68.01461717016495
agri,fats,exports,Central Africa,CHN,2019–21,7.1792e-5,0.09114728676344153
agri,fats,exports,Central Africa,CHN,2022–24,0,0
agri,fats,exports,Central Africa,EU,2019–21,0.03037296333333333,38.561583446607244
agri,fats,exports,Central Africa,EU,2022–24,0.04840682066666667,41.513623639068506
agri,fats,exports,Central Africa,GCC,2019–21,1.499033333333333e-5,0.019031761352419616
agri,fats,exports,Central Africa,GCC,2022–24,1.297933333333333e-5,0.01113105863317009
agri,fats,exports,Central Africa,IND,2019–21,0,0
agri,fats,exports,Central Africa,IND,2022–24,0.005068799,4.346995136017819
agri,fats,exports,Central Africa,IRN,2019–21,0,0
agri,fats,exports,Central Africa,IRN,2022–24,0,0
agri,fats,exports,Central Africa,ISR,2019–21,0,0
agri,fats,exports,Central Africa,ISR,2022–24,0,0
agri,fats,exports,Central Africa,JPN,2019–21,1.200806666666667e-4,0.15245468797932782
agri,fats,exports,Central Africa,JPN,2022–24,6.412666666666667e-6,0.0054994942211959085
agri,fats,exports,Central Africa,KOR,2019–21,0,0
agri,fats,exports,Central Africa,KOR,2022–24,0,0
agri,fats,exports,Central Africa,RUS,2019–21,0,0
agri,fats,exports,Central Africa,RUS,2022–24,0,0
agri,fats,exports,Central Africa,TUR,2019–21,0,0
agri,fats,exports,Central Africa,TUR,2022–24,0,0
agri,fats,exports,Central Africa,USA,2019–21,1.437186666666667e-4,0.18246554663369363
agri,fats,exports,Central Africa,USA,2022–24,2.607013333333333e-4,0.22357710928236843
agri,fats,exports,Central Africa,other,2019–21,0.048041279,60.99331727066387
agri,fats,exports,Central Africa,other,2022–24,0.06284894933333333,53.89917356277697
agri,fats,exports,East Africa and HoA,CHN,2019–21,0.03462220533333334,10.03473649717993
agri,fats,exports,East Africa and HoA,CHN,2022–24,0.01158828366666667,2.123517572305389
agri,fats,exports,East Africa and HoA,EU,2019–21,0.01543445666666667,4.4734500340458405
agri,fats,exports,East Africa and HoA,EU,2022–24,0.06284569633333334,11.51628181932392
agri,fats,exports,East Africa and HoA,GCC,2019–21,0.001273066,0.36897943763332564
agri,fats,exports,East Africa and HoA,GCC,2022–24,0.001134905666666667,0.20796799555467352
agri,fats,exports,East Africa and HoA,IND,2019–21,1.732026666666667e-4,0.05020024299074756
agri,fats,exports,East Africa and HoA,IND,2022–24,2.60884e-4,0.047806195832680455
agri,fats,exports,East Africa and HoA,IRN,2019–21,0,0
agri,fats,exports,East Africa and HoA,IRN,2022–24,0,0
agri,fats,exports,East Africa and HoA,ISR,2019–21,1.252333333333333e-6,3.629703794326464e-4
agri,fats,exports,East Africa and HoA,ISR,2022–24,8.144333333333333e-5,0.014924241971909374
agri,fats,exports,East Africa and HoA,JPN,2019–21,0.004865412666666667,1.4101682313412862
agri,fats,exports,East Africa and HoA,JPN,2022–24,0.002903832333333333,0.5321184020200654
agri,fats,exports,East Africa and HoA,KOR,2019–21,2.341966666666667e-5,0.0067878455918441065
agri,fats,exports,East Africa and HoA,KOR,2022–24,4.23086e-4,0.07752921670192668
agri,fats,exports,East Africa and HoA,RUS,2019–21,1.329733333333333e-5,0.0038540362992619454
agri,fats,exports,East Africa and HoA,RUS,2022–24,1.2233e-4,0.022416598703683628
agri,fats,exports,East Africa and HoA,TUR,2019–21,2.152606666666667e-4,0.06239013510001951
agri,fats,exports,East Africa and HoA,TUR,2022–24,3.75573e-4,0.06882260463450152
agri,fats,exports,East Africa and HoA,USA,2019–21,0.006825505666666666,1.9782723303031768
agri,fats,exports,East Africa and HoA,USA,2022–24,0.006655399,1.219581530253391
agri,fats,exports,East Africa and HoA,other,2019–21,0.2815764833333333,81.61079823913514
agri,fats,exports,East Africa and HoA,other,2022–24,0.4593202583333333,84.16903382269786
agri,fats,exports,Southern Africa and Indian Ocean,CHN,2019–21,9.378786666666667e-4,0.2579343700828194
agri,fats,exports,Southern Africa and Indian Ocean,CHN,2022–24,6.493826666666666e-4,0.11347835790133518
agri,fats,exports,Southern Africa and Indian Ocean,EU,2019–21,0.02844903,7.824021265562315
agri,fats,exports,Southern Africa and Indian Ocean,EU,2022–24,0.05928147066666667,10.359321692031873
agri,fats,exports,Southern Africa and Indian Ocean,GCC,2019–21,0.003698724666666667,1.0172192319899798
agri,fats,exports,Southern Africa and Indian Ocean,GCC,2022–24,0.013920684,2.43261245221111
agri,fats,exports,Southern Africa and Indian Ocean,IND,2019–21,7.786266666666666e-5,0.021413705837892892
agri,fats,exports,Southern Africa and Indian Ocean,IND,2022–24,3.773866666666666e-5,0.0065947585954237355
agri,fats,exports,Southern Africa and Indian Ocean,IRN,2019–21,0,0
agri,fats,exports,Southern Africa and Indian Ocean,IRN,2022–24,0,0
agri,fats,exports,Southern Africa and Indian Ocean,ISR,2019–21,4.592733333333333e-4,0.1263088522422624
agri,fats,exports,Southern Africa and Indian Ocean,ISR,2022–24,3.9012e-5,0.006817271118693581
agri,fats,exports,Southern Africa and Indian Ocean,JPN,2019–21,0.001513893333333333,0.4163492967525788
agri,fats,exports,Southern Africa and Indian Ocean,JPN,2022–24,1.399113333333333e-4,0.024449233361817996
agri,fats,exports,Southern Africa and Indian Ocean,KOR,2019–21,6.6761e-5,0.018360537554714725
agri,fats,exports,Southern Africa and Indian Ocean,KOR,2022–24,7.516166666666666e-5,0.013134355054843144
agri,fats,exports,Southern Africa and Indian Ocean,RUS,2019–21,8.508633333333334e-5,0.023400350782038042
agri,fats,exports,Southern Africa and Indian Ocean,RUS,2022–24,2.398333333333333e-6,4.191040850593007e-4
agri,fats,exports,Southern Africa and Indian Ocean,TUR,2019–21,2.92199e-4,0.08036025093917237
agri,fats,exports,Southern Africa and Indian Ocean,TUR,2022–24,1.257163333333333e-4,0.021968684722172362
agri,fats,exports,Southern Africa and Indian Ocean,USA,2019–21,0.001721090333333333,0.4733323901712548
agri,fats,exports,Southern Africa and Indian Ocean,USA,2022–24,0.006222121333333334,1.0873036005008851
agri,fats,exports,Southern Africa and Indian Ocean,other,2019–21,0.326309559,89.74129974808496
agri,fats,exports,Southern Africa and Indian Ocean,other,2022–24,0.4917588383333333,85.93390049041678
agri,fats,imports,Africa,CHN,2019–21,0.02836907633333333,0.2870640788922366
agri,fats,imports,Africa,CHN,2022–24,0.02508401666666667,0.19397174335028816
agri,fats,imports,Africa,EU,2019–21,1.130908458333333,11.443558862769375
agri,fats,imports,Africa,EU,2022–24,1.293046495333333,9.998976091659435
agri,fats,imports,Africa,GCC,2019–21,0.10849586,1.0978596464885866
agri,fats,imports,Africa,GCC,2022–24,0.2093828016666667,1.619132517991907
agri,fats,imports,Africa,IND,2019–21,0.06417181866666667,0.6493487415641146
agri,fats,imports,Africa,IND,2022–24,0.05782504366666667,0.4471542448078108
agri,fats,imports,Africa,IRN,2019–21,5.219333333333334e-6,5.2813954820390665e-5
agri,fats,imports,Africa,IRN,2022–24,4.3465e-5,3.361097202556053e-4
agri,fats,imports,Africa,ISR,2019–21,8.815863333333333e-4,0.00892069116980595
agri,fats,imports,Africa,ISR,2022–24,2.407643333333333e-4,0.001861802202328171
agri,fats,imports,Africa,JPN,2019–21,2.917503333333333e-4,0.0029521948378146462
agri,fats,imports,Africa,JPN,2022–24,2.34813e-4,0.0018157812433539503
agri,fats,imports,Africa,KOR,2019–21,0.005784914333333334,0.0585370170341992
agri,fats,imports,Africa,KOR,2022–24,7.358786666666667e-4,0.005690462965498703
agri,fats,imports,Africa,RUS,2019–21,0.3447089563333333,3.4880782818953917
agri,fats,imports,Africa,RUS,2022–24,0.4371858943333333,3.3807069744408897
agri,fats,imports,Africa,TUR,2019–21,0.3974524353333334,4.021784703592203
agri,fats,imports,Africa,TUR,2022–24,0.8272714396666667,6.397192503435297
agri,fats,imports,Africa,USA,2019–21,0.204544408,2.0697660856192783
agri,fats,imports,Africa,USA,2022–24,0.1394623856666667,1.0784461850362976
agri,fats,imports,Africa,other,2019–21,7.596874626,76.87207688218217
agri,fats,imports,Africa,other,2022–24,9.941276052,76.87471558314662
agri,fats,imports,North Africa,CHN,2019–21,0.004619963333333334,0.14561524888769004
agri,fats,imports,North Africa,CHN,2022–24,0.008207064666666666,0.19359124367755368
agri,fats,imports,North Africa,EU,2019–21,0.638711162,20.13134696349878
agri,fats,imports,North Africa,EU,2022–24,0.81760811,19.286039197256738
agri,fats,imports,North Africa,GCC,2019–21,0.01860296966666667,0.5863414626079604
agri,fats,imports,North Africa,GCC,2022–24,0.03223822533333334,0.7604470525967043
agri,fats,imports,North Africa,IND,2019–21,0.005620517,0.17715140203114732
agri,fats,imports,North Africa,IND,2022–24,0.008066367666666666,0.19027243137157446
agri,fats,imports,North Africa,IRN,2019–21,0,0
agri,fats,imports,North Africa,IRN,2022–24,0,0
agri,fats,imports,North Africa,ISR,2019–21,1.471e-6,4.636401106656518e-5
agri,fats,imports,North Africa,ISR,2022–24,8.334666666666667e-6,1.966011663331012e-4
agri,fats,imports,North Africa,JPN,2019–21,1.329333333333333e-5,4.189886157567684e-4
agri,fats,imports,North Africa,JPN,2022–24,2.155833333333333e-5,5.085258531672259e-4
agri,fats,imports,North Africa,KOR,2019–21,0.004248272,0.13390002040909516
agri,fats,imports,North Africa,KOR,2022–24,5.15811e-4,0.012167138562723155
agri,fats,imports,North Africa,RUS,2019–21,0.2775861486666666,8.749155179270248
agri,fats,imports,North Africa,RUS,2022–24,0.4346528333333333,10.252750037992366
agri,fats,imports,North Africa,TUR,2019–21,0.1630021623333333,5.137616626986213
agri,fats,imports,North Africa,TUR,2022–24,0.444306254,10.480458456105955
agri,fats,imports,North Africa,USA,2019–21,0.09741909833333333,3.070523557594471
agri,fats,imports,North Africa,USA,2022–24,0.025525292,0.602099925395094
agri,fats,imports,North Africa,other,2019–21,1.962894399,61.867884186087565
agri,fats,imports,North Africa,other,2022–24,2.468228186333334,58.22146939002181
agri,fats,imports,West Africa,CHN,2019–21,0.01887348,0.8458769343232732
agri,fats,imports,West Africa,CHN,2022–24,0.009839065333333334,0.3961972343446241
agri,fats,imports,West Africa,EU,2019–21,0.1545741713333333,6.9277486808474285
agri,fats,imports,West Africa,EU,2022–24,0.144960616,5.83724095758551
agri,fats,imports,West Africa,GCC,2019–21,0.003286670666666667,0.147302930230685
agri,fats,imports,West Africa,GCC,2022–24,0.01165266566666667,0.46922687810954905
agri,fats,imports,West Africa,IND,2019–21,0.039939296,1.790010600032944
agri,fats,imports,West Africa,IND,2022–24,0.01424033966666667,0.5734267433866056
agri,fats,imports,West Africa,IRN,2019–21,3.977666666666667e-6,1.7827218328362722e-4
agri,fats,imports,West Africa,IRN,2022–24,4.3465e-5,0.0017502386870476198
agri,fats,imports,West Africa,ISR,2019–21,7.3462e-5,0.00329244057530759
agri,fats,imports,West Africa,ISR,2022–24,7.261366666666667e-5,0.002923990535105952
agri,fats,imports,West Africa,JPN,2019–21,1.2801e-5,5.737188179536694e-4
agri,fats,imports,West Africa,JPN,2022–24,2.238366666666667e-5,9.013403740475842e-4
agri,fats,imports,West Africa,KOR,2019–21,2.075016666666667e-4,0.009299868051200401
agri,fats,imports,West Africa,KOR,2022–24,1.76302e-4,0.007099288646126066
agri,fats,imports,West Africa,RUS,2019–21,0.002320455,0.10399880475858775
agri,fats,imports,West Africa,RUS,2022–24,8.731356666666667e-4,0.035159227489730015
agri,fats,imports,West Africa,TUR,2019–21,0.02435208,1.0914183698393245
agri,fats,imports,West Africa,TUR,2022–24,0.054134912333333333,2.1798922785167685
agri,fats,imports,West Africa,USA,2019–21,0.014990567,0.6718514475193565
agri,fats,imports,West Africa,USA,2022–24,0.009864259333333333,0.39721174057909964
agri,fats,imports,West Africa,other,2019–21,1.972597911333333,88.40844793282064
agri,fats,imports,West Africa,other,2022–24,2.237495813333333,90.09897008174576
agri,fats,imports,Central Africa,CHN,2019–21,2.870496666666667e-4,0.08873792125196782
agri,fats,imports,Central Africa,CHN,2022–24,0.001181627,0.25774629695115914
agri,fats,imports,Central Africa,EU,2019–21,0.01655091566666667,5.116514741618328
agri,fats,imports,Central Africa,EU,2022–24,0.01630246566666666,3.556029234908091
agri,fats,imports,Central Africa,GCC,2019–21,0.001516863333333333,0.4689198931543694
agri,fats,imports,Central Africa,GCC,2022–24,0.002022426333333334,0.4411484320121134
agri,fats,imports,Central Africa,IND,2019–21,0.001120462333333333,0.34637733412381394
agri,fats,imports,Central Africa,IND,2022–24,0.001650908666666667,0.36010991238174905
agri,fats,imports,Central Africa,IRN,2019–21,0,0
agri,fats,imports,Central Africa,IRN,2022–24,0,0
agri,fats,imports,Central Africa,ISR,2019–21,5.048666666666667e-6,0.001560734037062465
agri,fats,imports,Central Africa,ISR,2022–24,3.915666666666666e-5,0.008541177405631574
agri,fats,imports,Central Africa,JPN,2019–21,5.39e-7,1.666253095160442e-4
agri,fats,imports,Central Africa,JPN,2022–24,1.744666666666667e-6,3.805611861843507e-4
agri,fats,imports,Central Africa,KOR,2019–21,6.640333333333333e-6,0.0020527784730173877
agri,fats,imports,Central Africa,KOR,2022–24,0,0
agri,fats,imports,Central Africa,RUS,2019–21,1.118866666666667e-5,0.003458840531363971
agri,fats,imports,Central Africa,RUS,2022–24,0,0
agri,fats,imports,Central Africa,TUR,2019–21,0.002665790666666667,0.8240968366202509
agri,fats,imports,Central Africa,TUR,2022–24,0.005578755666666667,1.2168845284329393
agri,fats,imports,Central Africa,USA,2019–21,0.007176647666666667,2.218573541272597
agri,fats,imports,Central Africa,USA,2022–24,0.010827715,2.361831141039026
agri,fats,imports,Central Africa,other,2019–21,0.2941391233333333,90.92954075360772
agri,fats,imports,Central Africa,other,2022–24,0.420840972,91.7973287156831
agri,fats,imports,East Africa and HoA,CHN,2019–21,0.001636120666666667,0.07006425152725226
agri,fats,imports,East Africa and HoA,CHN,2022–24,0.00210703,0.061585242057407355
agri,fats,imports,East Africa and HoA,EU,2019–21,0.02194552066666667,0.9397818334624743
agri,fats,imports,East Africa and HoA,EU,2022–24,0.02662209966666667,0.7781229750160606
agri,fats,imports,East Africa and HoA,GCC,2019–21,0.08107818166666667,3.472043492512727
agri,fats,imports,East Africa and HoA,GCC,2022–24,0.1337864546666667,3.910372037725625
agri,fats,imports,East Africa and HoA,IND,2019–21,0.009177012,0.3929908656105308
agri,fats,imports,East Africa and HoA,IND,2022–24,0.02192635533333333,0.6408735996355334
agri,fats,imports,East Africa and HoA,IRN,2019–21,6.806666666666667e-7,2.914846166982979e-5
agri,fats,imports,East Africa and HoA,IRN,2022–24,0,0
agri,fats,imports,East Africa and HoA,ISR,2019–21,2.532136666666667e-4,0.010843470407116147
agri,fats,imports,East Africa and HoA,ISR,2022–24,9.096666666666667e-6,2.6588155772922813e-4
agri,fats,imports,East Africa and HoA,JPN,2019–21,2.107e-6,9.02289060798208e-5
agri,fats,imports,East Africa and HoA,JPN,2022–24,6.687e-6,1.9545071196797525e-4
agri,fats,imports,East Africa and HoA,KOR,2019–21,3.56783e-4,0.015278661508247134
agri,fats,imports,East Africa and HoA,KOR,2022–24,2.797833333333333e-5,8.17763596482329e-4
agri,fats,imports,East Africa and HoA,RUS,2019–21,0.06310678266666667,2.7024470651306745
agri,fats,imports,East Africa and HoA,RUS,2022–24,0.001359802,0.03974491835434077
agri,fats,imports,East Africa and HoA,TUR,2019–21,0.1884212346666667,8.068838104500497
agri,fats,imports,East Africa and HoA,TUR,2022–24,0.3057430653333333,8.936398952994045
agri,fats,imports,East Africa and HoA,USA,2019–21,0.06495146366666667,2.78144257946206
agri,fats,imports,East Africa and HoA,USA,2022–24,0.07920883266666667,2.315152196628117
agri,fats,imports,East Africa and HoA,other,2019–21,1.904242732666667,81.5461502985107
agri,fats,imports,East Africa and HoA,other,2022–24,2.850525515333334,83.31647098172272
agri,fats,imports,Southern Africa and Indian Ocean,CHN,2019–21,0.002952462666666667,0.16223345871053516
agri,fats,imports,Southern Africa and Indian Ocean,CHN,2022–24,0.003749229666666667,0.16096179893998366
agri,fats,imports,Southern Africa and Indian Ocean,EU,2019–21,0.2991266886666666,16.436569323266436
agri,fats,imports,Southern Africa and Indian Ocean,EU,2022–24,0.287553204,12.345224251878614
agri,fats,imports,Southern Africa and Indian Ocean,GCC,2019–21,0.004011174666666666,0.22040811794585866
agri,fats,imports,Southern Africa and Indian Ocean,GCC,2022–24,0.02968302966666667,1.2743508074775816
agri,fats,imports,Southern Africa and Indian Ocean,IND,2019–21,0.008314531333333333,0.4568712048395477
agri,fats,imports,Southern Africa and Indian Ocean,IND,2022–24,0.01194107233333333,0.5126537062091069
agri,fats,imports,Southern Africa and Indian Ocean,IRN,2019–21,5.61e-7,3.082612063622262e-5
agri,fats,imports,Southern Africa and Indian Ocean,IRN,2022–24,0,0
agri,fats,imports,Southern Africa and Indian Ocean,ISR,2019–21,5.48391e-4,0.030133274726949662
agri,fats,imports,Southern Africa and Indian Ocean,ISR,2022–24,1.115626666666667e-4,0.004789604563535253
agri,fats,imports,Southern Africa and Indian Ocean,JPN,2019–21,2.6301e-4,0.014452010674746723
agri,fats,imports,Southern Africa and Indian Ocean,JPN,2022–24,1.824393333333333e-4,0.007832479176143114
agri,fats,imports,Southern Africa and Indian Ocean,KOR,2019–21,9.657173333333333e-4,0.05306473978221844
agri,fats,imports,Southern Africa and Indian Ocean,KOR,2022–24,1.578733333333333e-5,6.777812510103634e-4
agri,fats,imports,Southern Africa and Indian Ocean,RUS,2019–21,0.001684381333333333,0.09255426413321717
agri,fats,imports,Southern Africa and Indian Ocean,RUS,2022–24,3.001233333333333e-4,0.012884884611549366
agri,fats,imports,Southern Africa and Indian Ocean,TUR,2019–21,0.01901116766666667,1.0446355578041384
agri,fats,imports,Southern Africa and Indian Ocean,TUR,2022–24,0.01750845233333333,0.7516722726495071
agri,fats,imports,Southern Africa and Indian Ocean,USA,2019–21,0.02000663133333333,1.0993348146270314
agri,fats,imports,Southern Africa and Indian Ocean,USA,2022–24,0.01403628666666667,0.602605375816483
agri,fats,imports,Southern Africa and Indian Ocean,other,2019–21,1.463000459666667,80.38971240736868
agri,fats,imports,Southern Africa and Indian Ocean,other,2022–24,1.964185565,84.3263470374265
agri,prepared,exports,Africa,CHN,2019–21,0.477448141,2.193453460065756
agri,prepared,exports,Africa,CHN,2022–24,0.8907121143333333,3.239122727438116
agri,prepared,exports,Africa,EU,2019–21,7.432422920333333,34.145433548304844
agri,prepared,exports,Africa,EU,2022–24,9.558813207333333,34.76114067493415
agri,prepared,exports,Africa,GCC,2019–21,0.5848485433333334,2.686863662935316
agri,prepared,exports,Africa,GCC,2022–24,0.8841681323333334,3.215325183334867
agri,prepared,exports,Africa,IND,2019–21,0.1115200326666667,0.5123362738558578
agri,prepared,exports,Africa,IND,2022–24,0.15557967,0.5657738756607174
agri,prepared,exports,Africa,IRN,2019–21,0.004508487,0.02071252469241781
agri,prepared,exports,Africa,IRN,2022–24,0.001432110333333333,0.005207946601659213
agri,prepared,exports,Africa,ISR,2019–21,0.04713749166666667,0.2165552346240484
agri,prepared,exports,Africa,ISR,2022–24,0.08763358366666667,0.31868426169773817
agri,prepared,exports,Africa,JPN,2019–21,0.216453893,0.9944148898582746
agri,prepared,exports,Africa,JPN,2022–24,0.2096278303333333,0.7623229308433246
agri,prepared,exports,Africa,KOR,2019–21,0.1201024776666667,0.5517650454113303
agri,prepared,exports,Africa,KOR,2022–24,0.161614891,0.5877212828999727
agri,prepared,exports,Africa,RUS,2019–21,0.340482026,1.564214862070012
agri,prepared,exports,Africa,RUS,2022–24,0.07722681333333334,0.28083947912041957
agri,prepared,exports,Africa,TUR,2019–21,0.505643349,2.322985593996242
agri,prepared,exports,Africa,TUR,2022–24,0.7117341563333334,2.58825971329558
agri,prepared,exports,Africa,USA,2019–21,1.551316686333333,7.126933086740393
agri,prepared,exports,Africa,USA,2022–24,1.793320808333333,6.521508009586087
agri,prepared,exports,Africa,other,2019–21,10.375076122,47.6643318174455
agri,prepared,exports,Africa,other,2022–24,12.966696919,47.15409391458738
agri,prepared,exports,North Africa,CHN,2019–21,0.04700687033333333,1.260260870165586
agri,prepared,exports,North Africa,CHN,2022–24,0.03841958666666666,0.747633075036687
agri,prepared,exports,North Africa,EU,2019–21,0.919724624,24.65794780072871
agri,prepared,exports,North Africa,EU,2022–24,1.281226991,24.93227434777188
agri,prepared,exports,North Africa,GCC,2019–21,0.3817522596666666,10.234832303099125
agri,prepared,exports,North Africa,GCC,2022–24,0.5597720033333333,10.892987157892728
agri,prepared,exports,North Africa,IND,2019–21,0.007689103333333333,0.20614595247342477
agri,prepared,exports,North Africa,IND,2022–24,0.006915588333333333,0.1345751742775431
agri,prepared,exports,North Africa,IRN,2019–21,1.081633333333333e-5,2.8998743294342337e-4
agri,prepared,exports,North Africa,IRN,2022–24,5.402733333333333e-5,0.001051354917128176
agri,prepared,exports,North Africa,ISR,2019–21,0.01925130433333333,0.5161302034980372
agri,prepared,exports,North Africa,ISR,2022–24,0.05028435466666667,0.9785177292990674
agri,prepared,exports,North Africa,JPN,2019–21,0.008442393,0.22634175542878307
agri,prepared,exports,North Africa,JPN,2022–24,0.01226170333333333,0.23860889102800328
agri,prepared,exports,North Africa,KOR,2019–21,0.02490940033333333,0.6678245608946398
agri,prepared,exports,North Africa,KOR,2022–24,0.03242585233333333,0.6309968897111734
agri,prepared,exports,North Africa,RUS,2019–21,0.01301602933333333,0.34896159513294384
agri,prepared,exports,North Africa,RUS,2022–24,0.01425597966666667,0.27741688135072307
agri,prepared,exports,North Africa,TUR,2019–21,0.148083085,3.970128541541444
agri,prepared,exports,North Africa,TUR,2022–24,0.2785528353333334,5.420550581329732
agri,prepared,exports,North Africa,USA,2019–21,0.1892913973333333,5.074929248140181
agri,prepared,exports,North Africa,USA,2022–24,0.304930594,5.933853470182663
agri,prepared,exports,North Africa,other,2019–21,1.970754467333333,52.836207181464175
agri,prepared,exports,North Africa,other,2022–24,2.559729670333333,49.811534447202675
agri,prepared,exports,West Africa,CHN,2019–21,0.1720907923333333,1.9042251253104678
agri,prepared,exports,West Africa,CHN,2022–24,0.1332099783333333,1.233414374888994
agri,prepared,exports,West Africa,EU,2019–21,4.375527868666667,48.41624581443313
agri,prepared,exports,West Africa,EU,2022–24,5.608189929666667,51.92720667703657
agri,prepared,exports,West Africa,GCC,2019–21,0.02547175533333333,0.28185096851401514
agri,prepared,exports,West Africa,GCC,2022–24,0.032611253,0.3019532675899905
agri,prepared,exports,West Africa,IND,2019–21,0.02995282566666667,0.33143506654343596
agri,prepared,exports,West Africa,IND,2022–24,0.03300121033333334,0.3055639504122875
agri,prepared,exports,West Africa,IRN,2019–21,2.9547e-5,3.269445100151954e-4
agri,prepared,exports,West Africa,IRN,2022–24,1.883733333333333e-5,1.7441814801417922e-4
agri,prepared,exports,West Africa,ISR,2019–21,0.008340963666666666,0.09229472633610454
agri,prepared,exports,West Africa,ISR,2022–24,0.009097301,0.08423349336499546
agri,prepared,exports,West Africa,JPN,2019–21,0.120109922,1.329044559388545
agri,prepared,exports,West Africa,JPN,2022–24,0.1213897426666667,1.123968755512341
agri,prepared,exports,West Africa,KOR,2019–21,0.02212495966666667,0.24481788666613513
agri,prepared,exports,West Africa,KOR,2022–24,0.02260491666666667,0.2093028578539879
agri,prepared,exports,West Africa,RUS,2019–21,0.204618977,2.2641571453980283
agri,prepared,exports,West Africa,RUS,2022–24,0.033927299,0.3141387665647995
agri,prepared,exports,West Africa,TUR,2019–21,0.27485602,3.0413465591642717
agri,prepared,exports,West Africa,TUR,2022–24,0.3107520353333333,2.877307182252095
agri,prepared,exports,West Africa,USA,2019–21,1.039459130333333,11.501859953553751
agri,prepared,exports,West Africa,USA,2022–24,1.034606983666667,9.579606137475736
agri,prepared,exports,West Africa,other,2019–21,2.764730634,30.592395250182104
agri,prepared,exports,West Africa,other,2022–24,3.460689899333333,32.04313011890022
agri,prepared,exports,Central Africa,CHN,2019–21,0.001452007,0.15923895627377538
agri,prepared,exports,Central Africa,CHN,2022–24,0.001302850666666667,0.09422592514560663
agri,prepared,exports,Central Africa,EU,2019–21,0.524000738,57.46620409254778
agri,prepared,exports,Central Africa,EU,2022–24,0.8533767946666667,61.71867584869719
agri,prepared,exports,Central Africa,GCC,2019–21,0.004533471,0.4971774862913393
agri,prepared,exports,Central Africa,GCC,2022–24,0.004850486666666667,0.3508012124999972
agri,prepared,exports,Central Africa,IND,2019–21,0.01692457233333333,1.856086942927971
agri,prepared,exports,Central Africa,IND,2022–24,0.035699091,2.581861423104156
agri,prepared,exports,Central Africa,IRN,2019–21,0,0
agri,prepared,exports,Central Africa,IRN,2022–24,0,0
agri,prepared,exports,Central Africa,ISR,2019–21,0,0
agri,prepared,exports,Central Africa,ISR,2022–24,0,0
agri,prepared,exports,Central Africa,JPN,2019–21,4.30315e-4,0.04719186027956453
agri,prepared,exports,Central Africa,JPN,2022–24,0.00132136,0.09556457361989715
agri,prepared,exports,Central Africa,KOR,2019–21,3.384666666666667e-6,3.7119021281208596e-4
agri,prepared,exports,Central Africa,KOR,2022–24,7.304e-6,5.282463868436526e-4
agri,prepared,exports,Central Africa,RUS,2019–21,6.384476666666666e-4,0.07001738977527468
agri,prepared,exports,Central Africa,RUS,2022–24,3.2452e-5,0.0023470224186541914
agri,prepared,exports,Central Africa,TUR,2019–21,0.01667400866666667,1.8286080831427711
agri,prepared,exports,Central Africa,TUR,2022–24,0.03932839966666667,2.8443435137266952
agri,prepared,exports,Central Africa,USA,2019–21,0.04504911433333333,4.940454107657865
agri,prepared,exports,Central Africa,USA,2022–24,0.04748675,3.434378985548716
agri,prepared,exports,Central Africa,other,2019–21,0.302135512,33.13464989089084
agri,prepared,exports,Central Africa,other,2022–24,0.3992826246666666,28.87727324885226
agri,prepared,exports,East Africa and HoA,CHN,2019–21,0.035086386,2.7793213147660207
agri,prepared,exports,East Africa and HoA,CHN,2022–24,0.05224924266666667,2.7007121985534637
agri,prepared,exports,East Africa and HoA,EU,2019–21,0.2201146726666667,17.43609049490627
agri,prepared,exports,East Africa and HoA,EU,2022–24,0.288362192,14.905159382010616
agri,prepared,exports,East Africa and HoA,GCC,2019–21,0.07104676366666667,5.627874714822745
agri,prepared,exports,East Africa and HoA,GCC,2022–24,0.123110884,6.3634810616234345
agri,prepared,exports,East Africa and HoA,IND,2019–21,0.019057826,1.5096402922461736
agri,prepared,exports,East Africa and HoA,IND,2022–24,0.025728607,1.3298865061065772
agri,prepared,exports,East Africa and HoA,IRN,2019–21,5.777066666666667e-5,0.004576226381221182
agri,prepared,exports,East Africa and HoA,IRN,2022–24,1.473673333333333e-4,0.007617273179263454
agri,prepared,exports,East Africa and HoA,ISR,2019–21,0.001909331666666667,0.15124516381152503
agri,prepared,exports,East Africa and HoA,ISR,2022–24,0.002309053666666666,0.1193527233392742
agri,prepared,exports,East Africa and HoA,JPN,2019–21,0.005961828333333333,0.4722582873542266
agri,prepared,exports,East Africa and HoA,JPN,2022–24,0.01580972266666667,0.8171890860506866
agri,prepared,exports,East Africa and HoA,KOR,2019–21,0.01592754466666667,1.2616792274916697
agri,prepared,exports,East Africa and HoA,KOR,2022–24,0.024325836,1.2573786465066528
agri,prepared,exports,East Africa and HoA,RUS,2019–21,0.00550672,0.43620748715608215
agri,prepared,exports,East Africa and HoA,RUS,2022–24,0.003219430666666667,0.1664092191600463
agri,prepared,exports,East Africa and HoA,TUR,2019–21,0.007889427,0.6249504472301748
agri,prepared,exports,East Africa and HoA,TUR,2022–24,0.01291773833333333,0.6677052472726432
agri,prepared,exports,East Africa and HoA,USA,2019–21,0.020828662,1.6499147063666535
agri,prepared,exports,East Africa and HoA,USA,2022–24,0.04250871866666667,2.197234049502982
agri,prepared,exports,East Africa and HoA,other,2019–21,0.8590214766666666,68.04624163746726
agri,prepared,exports,East Africa and HoA,other,2022–24,1.343958027,69.46787460669437
agri,prepared,exports,Southern Africa and Indian Ocean,CHN,2019–21,0.2218120853333333,3.2497724902762433
agri,prepared,exports,Southern Africa and Indian Ocean,CHN,2022–24,0.665530456,8.07457530072549
agri,prepared,exports,Southern Africa and Indian Ocean,EU,2019–21,1.393055017,20.4096718394973
agri,prepared,exports,Southern Africa and Indian Ocean,EU,2022–24,1.5276573,18.534364267400242
agri,prepared,exports,Southern Africa and Indian Ocean,GCC,2019–21,0.1020442936666667,1.4950526155923962
agri,prepared,exports,Southern Africa and Indian Ocean,GCC,2022–24,0.1638235053333333,1.9875953352956757
agri,prepared,exports,Southern Africa and Indian Ocean,IND,2019–21,0.03789570533333333,0.5552105986777555
agri,prepared,exports,Southern Africa and Indian Ocean,IND,2022–24,0.05423517333333333,0.6580104442701854
agri,prepared,exports,Southern Africa and Indian Ocean,IRN,2019–21,0.004410353,0.06461615394070429
agri,prepared,exports,Southern Africa and Indian Ocean,IRN,2022–24,0.001211878333333333,0.014703163122887502
agri,prepared,exports,Southern Africa and Indian Ocean,ISR,2019–21,0.017635892,0.25838374215252957
agri,prepared,exports,Southern Africa and Indian Ocean,ISR,2022–24,0.02594287433333333,0.31475297701741634
agri,prepared,exports,Southern Africa and Indian Ocean,JPN,2019–21,0.08150943466666667,1.1941960605060666
agri,prepared,exports,Southern Africa and Indian Ocean,JPN,2022–24,0.05884530166666667,0.7139430136032832
agri,prepared,exports,Southern Africa and Indian Ocean,KOR,2019–21,0.05713718833333333,0.8371178808330489
agri,prepared,exports,Southern Africa and Indian Ocean,KOR,2022–24,0.082250982,0.997913381318821
agri,prepared,exports,Southern Africa and Indian Ocean,RUS,2019–21,0.116701852,1.7098007424796355
agri,prepared,exports,Southern Africa and Indian Ocean,RUS,2022–24,0.025791652,0.3129182659134494
agri,prepared,exports,Southern Africa and Indian Ocean,TUR,2019–21,0.05814080833333334,0.8518219338687062
agri,prepared,exports,Southern Africa and Indian Ocean,TUR,2022–24,0.07018314766666667,0.8514998909027186
agri,prepared,exports,Southern Africa and Indian Ocean,USA,2019–21,0.2566883823333334,3.760745688075542
agri,prepared,exports,Southern Africa and Indian Ocean,USA,2022–24,0.363787762,4.413669804693962
agri,prepared,exports,Southern Africa and Indian Ocean,other,2019–21,4.478434032,65.61361025410007
agri,prepared,exports,Southern Africa and Indian Ocean,other,2022–24,5.203036697666667,63.126054155735865
agri,prepared,imports,Africa,CHN,2019–21,1.432890505333333,5.228924279840364
agri,prepared,imports,Africa,CHN,2022–24,1.733736333333333,5.003410460780881
agri,prepared,imports,Africa,EU,2019–21,6.877563455666666,25.0977017473588
agri,prepared,imports,Africa,EU,2022–24,8.615071396,24.862337781343076
agri,prepared,imports,Africa,GCC,2019–21,2.100366652,7.664687666176505
agri,prepared,imports,Africa,GCC,2022–24,1.900216530333333,5.483857656336372
agri,prepared,imports,Africa,IND,2019–21,1.494301653,5.453026707689446
agri,prepared,imports,Africa,IND,2022–24,2.547949121,7.353156901913874
agri,prepared,imports,Africa,IRN,2019–21,0.02204811,0.08045827456772194
agri,prepared,imports,Africa,IRN,2022–24,0.01913477433333333,0.05522127455217518
agri,prepared,imports,Africa,ISR,2019–21,0.013037307,0.04757592493096611
agri,prepared,imports,Africa,ISR,2022–24,0.01477955666666667,0.04265249969672657
agri,prepared,imports,Africa,JPN,2019–21,0.008898523,0.03247261587415831
agri,prepared,imports,Africa,JPN,2022–24,0.01258432866666667,0.03631726490477776
agri,prepared,imports,Africa,KOR,2019–21,0.069651361,0.2541727307852473
agri,prepared,imports,Africa,KOR,2022–24,0.07505261233333334,0.21659523333374928
agri,prepared,imports,Africa,RUS,2019–21,0.06786150666666667,0.24764116906011263
agri,prepared,imports,Africa,RUS,2022–24,0.09172557966666667,0.26471194956329774
agri,prepared,imports,Africa,TUR,2019–21,1.0481903,3.8250708544461554
agri,prepared,imports,Africa,TUR,2022–24,1.367551719666667,3.946633895987886
agri,prepared,imports,Africa,USA,2019–21,0.846931577,3.0906346785434096
agri,prepared,imports,Africa,USA,2022–24,0.945831032,2.7295851097158237
agri,prepared,imports,Africa,other,2019–21,13.421419406,48.97763335072709
agri,prepared,imports,Africa,other,2022–24,17.327458445,50.00551997187137
agri,prepared,imports,North Africa,CHN,2019–21,0.1509806103333333,1.9548848183769758
agri,prepared,imports,North Africa,CHN,2022–24,0.235798776,2.3380425811853054
agri,prepared,imports,North Africa,EU,2019–21,2.276848107,29.480446451354524
agri,prepared,imports,North Africa,EU,2022–24,2.922621064333333,28.978999013465828
agri,prepared,imports,North Africa,GCC,2019–21,0.677048028,8.766363497452744
agri,prepared,imports,North Africa,GCC,2022–24,0.542699104,5.381086515576792
agri,prepared,imports,North Africa,IND,2019–21,0.06729826766666666,0.8713725654849273
agri,prepared,imports,North Africa,IND,2022–24,0.306882086,3.0428630574018367
agri,prepared,imports,North Africa,IRN,2019–21,8.364026666666666e-4,0.010829674562228843
agri,prepared,imports,North Africa,IRN,2022–24,6.645303333333334e-4,0.006589093642380053
agri,prepared,imports,North Africa,ISR,2019–21,1.73181e-4,0.002242333681019692
agri,prepared,imports,North Africa,ISR,2022–24,4.853573333333333e-4,0.004812519096468436
agri,prepared,imports,North Africa,JPN,2019–21,2.455366666666667e-4,0.0031791890426315357
agri,prepared,imports,North Africa,JPN,2022–24,4.911063333333333e-4,0.00486952281390603
agri,prepared,imports,North Africa,KOR,2019–21,0.020271432,0.2624728736760983
agri,prepared,imports,North Africa,KOR,2022–24,0.01509090833333333,0.14963260993389335
agri,prepared,imports,North Africa,RUS,2019–21,0.050439884,0.6530915675502871
agri,prepared,imports,North Africa,RUS,2022–24,0.08544809833333333,0.84725330543973
agri,prepared,imports,North Africa,TUR,2019–21,0.291053795,3.768541165122622
agri,prepared,imports,North Africa,TUR,2022–24,0.4335759953333334,4.299085671543667
agri,prepared,imports,North Africa,USA,2019–21,0.388392295,5.028872246534182
agri,prepared,imports,North Africa,USA,2022–24,0.423879518,4.202941080475766
agri,prepared,imports,North Africa,other,2019–21,3.799660854333333,49.19770361716176
agri,prepared,imports,North Africa,other,2022–24,5.117670622333334,50.74382502942439
agri,prepared,imports,West Africa,CHN,2019–21,0.8110358353333333,10.606559076657074
agri,prepared,imports,West Africa,CHN,2022–24,0.893339086,9.519905210513532
agri,prepared,imports,West Africa,EU,2019–21,2.374698274333333,31.0558133668658
agri,prepared,imports,West Africa,EU,2022–24,2.821324590666667,30.065563112770327
agri,prepared,imports,West Africa,GCC,2019–21,0.269593679,3.525690429981547
agri,prepared,imports,West Africa,GCC,2022–24,0.2565081596666667,2.733489896522827
agri,prepared,imports,West Africa,IND,2019–21,0.226028284,2.9559511957398352
agri,prepared,imports,West Africa,IND,2022–24,0.3628989646666667,3.867247945110247
agri,prepared,imports,West Africa,IRN,2019–21,0.009536872333333333,0.12472124584786398
agri,prepared,imports,West Africa,IRN,2022–24,0.01016742433333333,0.10834958125676596
agri,prepared,imports,West Africa,ISR,2019–21,0.003793558,0.04961136769152492
agri,prepared,imports,West Africa,ISR,2022–24,0.005656166333333333,0.060275172319317075
agri,prepared,imports,West Africa,JPN,2019–21,9.843063333333333e-4,0.01287255484800725
agri,prepared,imports,West Africa,JPN,2022–24,0.001007780333333333,0.010739453133424256
agri,prepared,imports,West Africa,KOR,2019–21,0.02837573333333333,0.3710919774830541
agri,prepared,imports,West Africa,KOR,2022–24,0.037682261,0.40156258520387955
agri,prepared,imports,West Africa,RUS,2019–21,0.00874527,0.11436883409497418
agri,prepared,imports,West Africa,RUS,2022–24,0.002360506333333333,0.02515483414340407
agri,prepared,imports,West Africa,TUR,2019–21,0.349994113,4.577150693336472
agri,prepared,imports,West Africa,TUR,2022–24,0.4419868096666666,4.710050862281371
agri,prepared,imports,West Africa,USA,2019–21,0.2377532573333333,3.109287974355932
agri,prepared,imports,West Africa,USA,2022–24,0.2223793213333333,2.3697945080975247
agri,prepared,imports,West Africa,other,2019–21,3.326010744,43.49688128309791
agri,prepared,imports,West Africa,other,2022–24,4.328596292666667,46.12786683864738
agri,prepared,imports,Central Africa,CHN,2019–21,0.09504056833333334,5.087920730594808
agri,prepared,imports,Central Africa,CHN,2022–24,0.123272288,4.377170084106841
agri,prepared,imports,Central Africa,EU,2019–21,0.6198074176666667,33.1808938501122
agri,prepared,imports,Central Africa,EU,2022–24,0.826636708,29.352334797924435
agri,prepared,imports,Central Africa,GCC,2019–21,0.05632986866666666,3.0155744180277284
agri,prepared,imports,Central Africa,GCC,2022–24,0.04687660433333334,1.6645011905058489
agri,prepared,imports,Central Africa,IND,2019–21,0.06920809933333333,3.7050001856905075
agri,prepared,imports,Central Africa,IND,2022–24,0.1508614143333333,5.356808739251385
agri,prepared,imports,Central Africa,IRN,2019–21,1.488813333333333e-4,0.007970242976751935
agri,prepared,imports,Central Africa,IRN,2022–24,1.945723333333333e-4,0.006908902320864938
agri,prepared,imports,Central Africa,ISR,2019–21,2.013933333333333e-4,0.010781430852522332
agri,prepared,imports,Central Africa,ISR,2022–24,2.437213333333333e-4,0.008654092062648323
agri,prepared,imports,Central Africa,JPN,2019–21,9.588043333333333e-4,0.051328822309239505
agri,prepared,imports,Central Africa,JPN,2022–24,8.405216666666666e-4,0.029845363901876764
agri,prepared,imports,Central Africa,KOR,2019–21,0.00049793700000000005,0.026656658617030093
agri,prepared,imports,Central Africa,KOR,2022–24,0.002338845666666667,0.08304806740892372
agri,prepared,imports,Central Africa,RUS,2019–21,0.001270515333333333,0.06801602111987831
agri,prepared,imports,Central Africa,RUS,2022–24,7.192396666666666e-4,0.025538865249554787
agri,prepared,imports,Central Africa,TUR,2019–21,0.07786722666666666,4.168559634468286
agri,prepared,imports,Central Africa,TUR,2022–24,0.129553428,4.6002017041744985
agri,prepared,imports,Central Africa,USA,2019–21,0.02134702566666666,1.1427959273669406
agri,prepared,imports,Central Africa,USA,2022–24,0.04905768166666667,1.7419471973049616
agri,prepared,imports,Central Africa,other,2019–21,0.925287063,49.53450207786409
agri,prepared,imports,Central Africa,other,2022–24,1.485660355333333,52.75304099578817
agri,prepared,imports,East Africa and HoA,CHN,2019–21,0.1084894066666667,2.590092985969613
agri,prepared,imports,East Africa and HoA,CHN,2022–24,0.1298254176666667,2.4722548084215226
agri,prepared,imports,East Africa and HoA,EU,2019–21,0.3750480866666667,8.953956414023988
agri,prepared,imports,East Africa and HoA,EU,2022–24,0.4343588786666667,8.271460594268227
agri,prepared,imports,East Africa and HoA,GCC,2019–21,1.019215117333333,24.332900397457497
agri,prepared,imports,East Africa and HoA,GCC,2022–24,0.9508257643333333,18.10649724909533
agri,prepared,imports,East Africa and HoA,IND,2019–21,0.9991987113333334,23.85502560416813
agri,prepared,imports,East Africa and HoA,IND,2022–24,1.533729354666667,29.206682636118806
agri,prepared,imports,East Africa and HoA,IRN,2019–21,0.01129956833333333,0.269767653671234
agri,prepared,imports,East Africa and HoA,IRN,2022–24,0.007842101,0.14933648782980277
agri,prepared,imports,East Africa and HoA,ISR,2019–21,0.003034035,0.07243502397272132
agri,prepared,imports,East Africa and HoA,ISR,2022–24,0.003208329666666667,0.061095959388965004
agri,prepared,imports,East Africa and HoA,JPN,2019–21,2.21557e-4,0.0052894863132179485
agri,prepared,imports,East Africa and HoA,JPN,2022–24,3.7635e-4,0.007166802263162164
agri,prepared,imports,East Africa and HoA,KOR,2019–21,0.001688783333333333,0.040318276234365194
agri,prepared,imports,East Africa and HoA,KOR,2022–24,0.002483088333333333,0.04728524800575235
agri,prepared,imports,East Africa and HoA,RUS,2019–21,0.003198634333333333,0.07636469408394084
agri,prepared,imports,East Africa and HoA,RUS,2022–24,4.83229e-4,0.009202090317060154
agri,prepared,imports,East Africa and HoA,TUR,2019–21,0.204039951,4.871281558082845
agri,prepared,imports,East Africa and HoA,TUR,2022–24,0.2476870626666667,4.716684472633069
agri,prepared,imports,East Africa and HoA,USA,2019–21,0.088692591,2.117460726487258
agri,prepared,imports,East Africa and HoA,USA,2022–24,0.126632255,2.4114476729728396
agri,prepared,imports,East Africa and HoA,other,2019–21,1.374503358333333,32.815107179535154
agri,prepared,imports,East Africa and HoA,other,2022–24,1.813844161,34.54088597868547
agri,prepared,imports,Southern Africa and Indian Ocean,CHN,2019–21,0.2673440846666666,4.473054833974254
agri,prepared,imports,Southern Africa and Indian Ocean,CHN,2022–24,0.3515007656666667,4.940746165362623
agri,prepared,imports,Southern Africa and Indian Ocean,EU,2019–21,1.23116157,20.59912123718095
agri,prepared,imports,Southern Africa and Indian Ocean,EU,2022–24,1.610130154333333,22.632224913277195
agri,prepared,imports,Southern Africa and Indian Ocean,GCC,2019–21,0.078179959,1.3080642646755418
agri,prepared,imports,Southern Africa and Indian Ocean,GCC,2022–24,0.103306898,1.4520968657947102
agri,prepared,imports,Southern Africa and Indian Ocean,IND,2019–21,0.1325682906666667,2.218060048486171
agri,prepared,imports,Southern Africa and Indian Ocean,IND,2022–24,0.1935773013333333,2.7209508561096425
agri,prepared,imports,Southern Africa and Indian Ocean,IRN,2019–21,2.263853333333333e-4,0.003787755434612009
agri,prepared,imports,Southern Africa and Indian Ocean,IRN,2022–24,2.661463333333334e-4,0.0037409917823308146
agri,prepared,imports,Southern Africa and Indian Ocean,ISR,2019–21,0.005835139666666667,0.09763036173192954
agri,prepared,imports,Southern Africa and Indian Ocean,ISR,2022–24,0.005185982,0.07289492138528622
agri,prepared,imports,Southern Africa and Indian Ocean,JPN,2019–21,0.006488318666666667,0.10855899509609525
agri,prepared,imports,Southern Africa and Indian Ocean,JPN,2022–24,0.009868570333333333,0.13871406777607428
agri,prepared,imports,Southern Africa and Indian Ocean,KOR,2019–21,0.01881747533333333,0.31484369331719414
agri,prepared,imports,Southern Africa and Indian Ocean,KOR,2022–24,0.017457509,0.24538529947422238
agri,prepared,imports,Southern Africa and Indian Ocean,RUS,2019–21,0.004207203,0.07039261684104661
agri,prepared,imports,Southern Africa and Indian Ocean,RUS,2022–24,0.002714506333333333,0.03815549798826815
agri,prepared,imports,Southern Africa and Indian Ocean,TUR,2019–21,0.1252352143333333,2.095367030678738
agri,prepared,imports,Southern Africa and Indian Ocean,TUR,2022–24,0.114748424,1.6129206284490556
agri,prepared,imports,Southern Africa and Indian Ocean,USA,2019–21,0.110746408,1.8529482568029685
agri,prepared,imports,Southern Africa and Indian Ocean,USA,2022–24,0.123882256,1.7413071067643318
agri,prepared,imports,Southern Africa and Indian Ocean,other,2019–21,3.995957386333334,66.85817090578051
agri,prepared,imports,Southern Africa and Indian Ocean,other,2022–24,4.581687013666667,64.40086268583627
agri,vegetable,exports,Africa,CHN,2019–21,1.885219398333333,7.346330738324516
agri,vegetable,exports,Africa,CHN,2022–24,2.406385719666666,7.255818951698393
agri,vegetable,exports,Africa,EU,2019–21,7.168556165,27.934459273494987
agri,vegetable,exports,Africa,EU,2022–24,8.886669518333333,26.795398834703537
agri,vegetable,exports,Africa,GCC,2019–21,1.571342257,6.123212997507175
agri,vegetable,exports,Africa,GCC,2022–24,2.266015359333333,6.832569298727374
agri,vegetable,exports,Africa,IND,2019–21,1.684275151333333,6.5632903666146545
agri,vegetable,exports,Africa,IND,2022–24,2.490003282,7.507945569852138
agri,vegetable,exports,Africa,IRN,2019–21,0.032655875,0.12725354858509966
agri,vegetable,exports,Africa,IRN,2022–24,0.051425351,0.1550595290414325
agri,vegetable,exports,Africa,ISR,2019–21,0.1163048723333333,0.4532173069058367
agri,vegetable,exports,Africa,ISR,2022–24,0.1206579333333333,0.363812048998542
agri,vegetable,exports,Africa,JPN,2019–21,0.501667214,1.9548988716517497
agri,vegetable,exports,Africa,JPN,2022–24,0.6384242776666667,1.9249993611829712
agri,vegetable,exports,Africa,KOR,2019–21,0.1783177206666667,0.6948692304352555
agri,vegetable,exports,Africa,KOR,2022–24,0.278446906,0.839582915193015
agri,vegetable,exports,Africa,RUS,2019–21,0.838069799,3.2657938543907092
agri,vegetable,exports,Africa,RUS,2022–24,0.9214319833333333,2.778334160118416
agri,vegetable,exports,Africa,TUR,2019–21,0.2951454133333333,1.1501238657755348
agri,vegetable,exports,Africa,TUR,2022–24,0.5080767493333334,1.5319709041660916
agri,vegetable,exports,Africa,USA,2019–21,1.153565617666667,4.495219263726534
agri,vegetable,exports,Africa,USA,2022–24,1.33932643,4.038384209930684
agri,vegetable,exports,Africa,other,2019–21,10.23693502333333,39.891330682587935
agri,vegetable,exports,Africa,other,2022–24,13.258045037,39.97612421638739
agri,vegetable,exports,North Africa,CHN,2019–21,0.1005749663333333,1.5392695336138964
agri,vegetable,exports,North Africa,CHN,2022–24,0.06159059333333333,0.7056901530209692
agri,vegetable,exports,North Africa,EU,2019–21,3.172424018333333,48.55299302752082
agri,vegetable,exports,North Africa,EU,2022–24,3.701057825666667,42.40582728597677
agri,vegetable,exports,North Africa,GCC,2019–21,0.5911935676666666,9.048039292022159
agri,vegetable,exports,North Africa,GCC,2022–24,0.9051344846666667,10.370812463715662
agri,vegetable,exports,North Africa,IND,2019–21,0.06691152066666667,1.0240606481400458
agri,vegetable,exports,North Africa,IND,2022–24,0.080125497,0.9180586056833658
agri,vegetable,exports,North Africa,IRN,2019–21,1.29515e-4,0.001982188022666341
agri,vegetable,exports,North Africa,IRN,2022–24,1.902163333333333e-4,0.0021794528370688584
agri,vegetable,exports,North Africa,ISR,2019–21,0.01011079233333333,0.15474262797977067
agri,vegetable,exports,North Africa,ISR,2022–24,0.016647585,0.19074401089949328
agri,vegetable,exports,North Africa,JPN,2019–21,0.033608049,0.514361056194136
agri,vegetable,exports,North Africa,JPN,2022–24,0.04791990066666667,0.54905465597954906
agri,vegetable,exports,North Africa,KOR,2019–21,0.006530151,0.09994199203491975
agri,vegetable,exports,North Africa,KOR,2022–24,0.007193475333333334,0.08242110416535309
agri,vegetable,exports,North Africa,RUS,2019–21,0.4871609943333333,7.455852125836844
agri,vegetable,exports,North Africa,RUS,2022–24,0.5473301546666667,6.2711768095708775
agri,vegetable,exports,North Africa,TUR,2019–21,0.08450162166666667,1.293271840045935
agri,vegetable,exports,North Africa,TUR,2022–24,0.1735164166666667,1.988109222563374
agri,vegetable,exports,North Africa,USA,2019–21,0.213507633,3.2676699446430217
agri,vegetable,exports,North Africa,USA,2022–24,0.3023505173333333,3.464259252840382
agri,vegetable,exports,North Africa,other,2019–21,1.767288377,27.047815723945785
agri,vegetable,exports,North Africa,other,2022–24,2.884653798,33.05166698274714
agri,vegetable,exports,West Africa,CHN,2019–21,0.6951869623333333,17.40807295024836
agri,vegetable,exports,West Africa,CHN,2022–24,0.8162318083333333,15.392574892705522
agri,vegetable,exports,West Africa,EU,2019–21,0.520597689,13.036209018398285
agri,vegetable,exports,West Africa,EU,2022–24,0.8106944906666667,15.288151644286781
agri,vegetable,exports,West Africa,GCC,2019–21,0.02467589333333333,0.6179053614835275
agri,vegetable,exports,West Africa,GCC,2022–24,0.06593060566666667,1.243325456181144
agri,vegetable,exports,West Africa,IND,2019–21,0.7915227983333334,19.82040423906078
agri,vegetable,exports,West Africa,IND,2022–24,1.163857926333333,21.948140359948738
agri,vegetable,exports,West Africa,IRN,2019–21,1.43097e-4,0.003583270616296837
agri,vegetable,exports,West Africa,IRN,2022–24,0,0
agri,vegetable,exports,West Africa,ISR,2019–21,0.002924222666666667,0.07322502328473586
agri,vegetable,exports,West Africa,ISR,2022–24,0.002700177666666667,0.0509202000380805
agri,vegetable,exports,West Africa,JPN,2019–21,0.09601541466666667,2.4043076660350886
agri,vegetable,exports,West Africa,JPN,2022–24,0.1284531186666667,2.422380785815684
agri,vegetable,exports,West Africa,KOR,2019–21,0.018425423,0.46138826690105256
agri,vegetable,exports,West Africa,KOR,2022–24,0.020586638,0.38822472239970485
agri,vegetable,exports,West Africa,RUS,2019–21,0.01542927733333333,0.3863622305095714
agri,vegetable,exports,West Africa,RUS,2022–24,0.052823858,0.9961571971164709
agri,vegetable,exports,West Africa,TUR,2019–21,0.025960917,0.6500834472995314
agri,vegetable,exports,West Africa,TUR,2022–24,0.06921822366666666,1.305323660327264
agri,vegetable,exports,West Africa,USA,2019–21,0.06397652933333334,1.6020267209849683
agri,vegetable,exports,West Africa,USA,2022–24,0.1564095533333333,2.949585815007538
agri,vegetable,exports,West Africa,other,2019–21,1.738616322666667,43.536431805177806
agri,vegetable,exports,West Africa,other,2022–24,2.015856873666667,38.01521526617307
agri,vegetable,exports,Central Africa,CHN,2019–21,0.009988202666666666,1.9508370115637066
agri,vegetable,exports,Central Africa,CHN,2022–24,0.01423365566666667,2.2610921208031955
agri,vegetable,exports,Central Africa,EU,2019–21,0.168392643,32.88946083720843
agri,vegetable,exports,Central Africa,EU,2022–24,0.247500808,39.316823447667424
agri,vegetable,exports,Central Africa,GCC,2019–21,0.01720199533333333,3.3597925761965075
agri,vegetable,exports,Central Africa,GCC,2022–24,0.01389954566666667,2.208016965258248
agri,vegetable,exports,Central Africa,IND,2019–21,0.008752499666666667,1.7094867678661778
agri,vegetable,exports,Central Africa,IND,2022–24,0.01243005866666667,1.9745811174947028
agri,vegetable,exports,Central Africa,IRN,2019–21,2.2591e-4,0.04412341278908341
agri,vegetable,exports,Central Africa,IRN,2022–24,1.427406666666667e-4,0.022675116236936417
agri,vegetable,exports,Central Africa,ISR,2019–21,1.538866666666667e-4,0.030056238838782775
agri,vegetable,exports,Central Africa,ISR,2022–24,3.499566666666667e-5,0.005559248306642916
agri,vegetable,exports,Central Africa,JPN,2019–21,0.002812222,0.5492666644262835
agri,vegetable,exports,Central Africa,JPN,2022–24,0.004333467,0.6883943463945904
agri,vegetable,exports,Central Africa,KOR,2019–21,0.001505620666666667,0.2940689751631548
agri,vegetable,exports,Central Africa,KOR,2022–24,0.001800085333333333,0.2859531563282906
agri,vegetable,exports,Central Africa,RUS,2019–21,0.004715221,0.9209492389657592
agri,vegetable,exports,Central Africa,RUS,2022–24,0.001457415,0.2315181461750308
agri,vegetable,exports,Central Africa,TUR,2019–21,0.05811042133333334,11.349785790085546
agri,vegetable,exports,Central Africa,TUR,2022–24,0.120714168,19.176089440839583
agri,vegetable,exports,Central Africa,USA,2019–21,0.026457666,5.167555745003308
agri,vegetable,exports,Central Africa,USA,2022–24,0.03113026366666667,4.945208423164702
agri,vegetable,exports,Central Africa,other,2019–21,0.2136794656666667,41.73461674189328
agri,vegetable,exports,Central Africa,other,2022–24,0.1818263686666667,28.884088471330667
agri,vegetable,exports,East Africa and HoA,CHN,2019–21,0.696279154,8.791725661910606
agri,vegetable,exports,East Africa and HoA,CHN,2022–24,0.9192778176666667,9.419426527287351
agri,vegetable,exports,East Africa and HoA,EU,2019–21,1.675748783333333,21.159219684677133
agri,vegetable,exports,East Africa and HoA,EU,2022–24,2.270589867333333,23.265713604659936
agri,vegetable,exports,East Africa and HoA,GCC,2019–21,0.5999772373333333,7.575747807072358
agri,vegetable,exports,East Africa and HoA,GCC,2022–24,0.7835536206666667,8.0287216967699
agri,vegetable,exports,East Africa and HoA,IND,2019–21,0.5492091676666667,6.934713333571378
agri,vegetable,exports,East Africa and HoA,IND,2022–24,0.7531129583333334,7.716809914738009
agri,vegetable,exports,East Africa and HoA,IRN,2019–21,0.02152374633333333,0.2717744339926353
agri,vegetable,exports,East Africa and HoA,IRN,2022–24,0.04897695466666667,0.5018448363998615
agri,vegetable,exports,East Africa and HoA,ISR,2019–21,0.09029275866666667,1.140101867037132
agri,vegetable,exports,East Africa and HoA,ISR,2022–24,0.08410738466666667,0.861810559381116
agri,vegetable,exports,East Africa and HoA,JPN,2019–21,0.1881991503333333,2.3763389870714673
agri,vegetable,exports,East Africa and HoA,JPN,2022–24,0.2256899323333333,2.3125432755010027
agri,vegetable,exports,East Africa and HoA,KOR,2019–21,0.08784661033333334,1.1092150238055642
agri,vegetable,exports,East Africa and HoA,KOR,2022–24,0.1404833143333333,1.4394693663243272
agri,vegetable,exports,East Africa and HoA,RUS,2019–21,0.1281367376666667,1.6179473969682296
agri,vegetable,exports,East Africa and HoA,RUS,2022–24,0.08023934666666667,0.8221765129094681
agri,vegetable,exports,East Africa and HoA,TUR,2019–21,0.1032684356666667,1.3039421770711208
agri,vegetable,exports,East Africa and HoA,TUR,2022–24,0.124384776,1.274514881278179
agri,vegetable,exports,East Africa and HoA,USA,2019–21,0.3542044053333334,4.472441752766956
agri,vegetable,exports,East Africa and HoA,USA,2022–24,0.4214740126666667,4.318654730026561
agri,vegetable,exports,East Africa and HoA,other,2019–21,3.425023558333333,43.24683187405542
agri,vegetable,exports,East Africa and HoA,other,2022–24,3.907492021666667,40.03831409472429
agri,vegetable,exports,Southern Africa and Indian Ocean,CHN,2019–21,0.383190113,5.716752627876198
agri,vegetable,exports,Southern Africa and Indian Ocean,CHN,2022–24,0.5950518446666667,6.804053456937971
agri,vegetable,exports,Southern Africa and Indian Ocean,EU,2019–21,1.631393031333333,24.33849434673109
agri,vegetable,exports,Southern Africa and Indian Ocean,EU,2022–24,1.856826526666667,21.23167428340246
agri,vegetable,exports,Southern Africa and Indian Ocean,GCC,2019–21,0.3382935633333333,5.046948111574674
agri,vegetable,exports,Southern Africa and Indian Ocean,GCC,2022–24,0.4974971026666667,5.688574720933684
agri,vegetable,exports,Southern Africa and Indian Ocean,IND,2019–21,0.267879165,3.9964468510883298
agri,vegetable,exports,Southern Africa and Indian Ocean,IND,2022–24,0.4804768416666667,5.493958458950818
agri,vegetable,exports,Southern Africa and Indian Ocean,IRN,2019–21,0.01063360666666667,0.15864109431098117
agri,vegetable,exports,Southern Africa and Indian Ocean,IRN,2022–24,0.002115439333333333,0.02418875336311601
agri,vegetable,exports,Southern Africa and Indian Ocean,ISR,2019–21,0.012823212,0.19130746961316714
agri,vegetable,exports,Southern Africa and Indian Ocean,ISR,2022–24,0.01716779033333333,0.1963031695682538
agri,vegetable,exports,Southern Africa and Indian Ocean,JPN,2019–21,0.181032378,2.700793385716027
agri,vegetable,exports,Southern Africa and Indian Ocean,JPN,2022–24,0.232027859,2.6530964827429977
agri,vegetable,exports,Southern Africa and Indian Ocean,KOR,2019–21,0.06400991566666667,0.95495379756197
agri,vegetable,exports,Southern Africa and Indian Ocean,KOR,2022–24,0.108383393,1.2392977291405858
agri,vegetable,exports,Southern Africa and Indian Ocean,RUS,2019–21,0.2026275686666667,3.0229686162474954
agri,vegetable,exports,Southern Africa and Indian Ocean,RUS,2022–24,0.239581209,2.739464414612449
agri,vegetable,exports,Southern Africa and Indian Ocean,TUR,2019–21,0.02330401766666667,0.3476689499971259
agri,vegetable,exports,Southern Africa and Indian Ocean,TUR,2022–24,0.020243165,0.23146819564061985
agri,vegetable,exports,Southern Africa and Indian Ocean,USA,2019–21,0.495419384,7.39108335340272
agri,vegetable,exports,Southern Africa and Indian Ocean,USA,2022–24,0.427962083,4.893484351612566
agri,vegetable,exports,Southern Africa and Indian Ocean,other,2019–21,3.092327299666667,46.133941395880235
agri,vegetable,exports,Southern Africa and Indian Ocean,other,2022–24,4.268215975,48.80443598309449
agri,vegetable,imports,Africa,CHN,2019–21,1.62505801,4.517746051834468
agri,vegetable,imports,Africa,CHN,2022–24,1.600877400333333,3.630700401933104
agri,vegetable,imports,Africa,EU,2019–21,7.341351685,20.40934070411251
agri,vegetable,imports,Africa,EU,2022–24,10.24953132633333,23.245363760145473
agri,vegetable,imports,Africa,GCC,2019–21,0.4362987346666667,1.2129332453557813
agri,vegetable,imports,Africa,GCC,2022–24,0.5113759886666667,1.1597721394557852
agri,vegetable,imports,Africa,IND,2019–21,2.707559884333333,7.527157739773428
agri,vegetable,imports,Africa,IND,2022–24,4.63690401,10.516238938301466
agri,vegetable,imports,Africa,IRN,2019–21,0.018459245,0.05131766417285937
agri,vegetable,imports,Africa,IRN,2022–24,0.009409571333333333,0.02134038147758104
agri,vegetable,imports,Africa,ISR,2019–21,0.01562149733333333,0.04342857760592148
agri,vegetable,imports,Africa,ISR,2022–24,0.02081152566666667,0.04719937615902047
agri,vegetable,imports,Africa,JPN,2019–21,0.01461297366666667,0.04062482919495557
agri,vegetable,imports,Africa,JPN,2022–24,0.01520283133333333,0.034479171122636536
agri,vegetable,imports,Africa,KOR,2019–21,0.013435709,0.0373519720002776
agri,vegetable,imports,Africa,KOR,2022–24,0.01625404366666667,0.03686326189708041
agri,vegetable,imports,Africa,RUS,2019–21,3.488319863333333,9.697711215927558
agri,vegetable,imports,Africa,RUS,2022–24,3.468816866333333,7.867082631191123
agri,vegetable,imports,Africa,TUR,2019–21,0.6668543876666667,1.8538899894592538
agri,vegetable,imports,Africa,TUR,2022–24,1.300348189333333,2.9491169609131083
agri,vegetable,imports,Africa,USA,2019–21,3.008455414,8.363663010847553
agri,vegetable,imports,Africa,USA,2022–24,2.932808418,6.651445450980971
agri,vegetable,imports,Africa,other,2019–21,16.63452054966667,46.244834999715444
agri,vegetable,imports,Africa,other,2022–24,19.33045799766667,43.84039752642264
agri,vegetable,imports,North Africa,CHN,2019–21,0.5922677953333333,3.348012376385111
agri,vegetable,imports,North Africa,CHN,2022–24,0.62097271,2.916741158194132
agri,vegetable,imports,North Africa,EU,2019–21,4.327851232666666,24.464776920660746
agri,vegetable,imports,North Africa,EU,2022–24,5.59765626,26.29248297073318
agri,vegetable,imports,North Africa,GCC,2019–21,0.1106466293333333,0.6254709226673475
agri,vegetable,imports,North Africa,GCC,2022–24,0.1221803786666667,0.5738876015675649
agri,vegetable,imports,North Africa,IND,2019–21,0.3212927326666667,1.8162257915866997
agri,vegetable,imports,North Africa,IND,2022–24,0.476925518,2.240143995609173
agri,vegetable,imports,North Africa,IRN,2019–21,0.01753716233333333,0.09913528475008454
agri,vegetable,imports,North Africa,IRN,2022–24,0.008235432666666667,0.03868225612427175
agri,vegetable,imports,North Africa,ISR,2019–21,1.428e-5,8.072297212761962e-5
agri,vegetable,imports,North Africa,ISR,2022–24,0.006069148,0.028507104228093372
agri,vegetable,imports,North Africa,JPN,2019–21,9.932606666666667e-4,0.0056147726268063166
agri,vegetable,imports,North Africa,JPN,2022–24,3.09478e-4,0.0014536342831484553
agri,vegetable,imports,North Africa,KOR,2019–21,0.003003218,0.01697679852291075
agri,vegetable,imports,North Africa,KOR,2022–24,0.003733933666666667,0.017538480889978877
agri,vegetable,imports,North Africa,RUS,2019–21,2.014977384,11.390403585883464
agri,vegetable,imports,North Africa,RUS,2022–24,2.347920125,11.028303103271336
agri,vegetable,imports,North Africa,TUR,2019–21,0.3088869193333333,1.746097351535781
agri,vegetable,imports,North Africa,TUR,2022–24,0.7198534466666666,3.381189127877409
agri,vegetable,imports,North Africa,USA,2019–21,1.947171614,11.007106437297905
agri,vegetable,imports,North Africa,USA,2022–24,1.960777685,9.209874900795736
agri,vegetable,imports,North Africa,other,2019–21,8.045489370666667,45.48009903511101
agri,vegetable,imports,North Africa,other,2022–24,9.425315054333334,44.271195666425974
agri,vegetable,imports,West Africa,CHN,2019–21,0.7779994843333333,9.700900055619192
agri,vegetable,imports,West Africa,CHN,2022–24,0.714267762,7.2454971754043
agri,vegetable,imports,West Africa,EU,2019–21,1.491313196,18.595231176044873
agri,vegetable,imports,West Africa,EU,2022–24,2.584317374666667,26.21518880547712
agri,vegetable,imports,West Africa,GCC,2019–21,0.036820093,0.45911089843160724
agri,vegetable,imports,West Africa,GCC,2022–24,0.061786216,0.6267563473023161
agri,vegetable,imports,West Africa,IND,2019–21,1.486617394,18.536679073118982
agri,vegetable,imports,West Africa,IND,2022–24,2.574423243333333,26.114823222088585
agri,vegetable,imports,West Africa,IRN,2019–21,2.84451e-4,0.003546828471339524
agri,vegetable,imports,West Africa,IRN,2022–24,1.35374e-4,0.0013732272220668724
agri,vegetable,imports,West Africa,ISR,2019–21,0.001764356666666667,0.02199981880510539
agri,vegetable,imports,West Africa,ISR,2022–24,0.001536316,0.015584314217625904
agri,vegetable,imports,West Africa,JPN,2019–21,0.007744548333333334,0.0965670169074172
agri,vegetable,imports,West Africa,JPN,2022–24,0.008906301666666666,0.09034508765794186
agri,vegetable,imports,West Africa,KOR,2019–21,5.424596666666667e-4,0.006763946656143522
agri,vegetable,imports,West Africa,KOR,2022–24,0.003154748333333333,0.03200161249651652
agri,vegetable,imports,West Africa,RUS,2019–21,0.570643109,7.115366885596829
agri,vegetable,imports,West Africa,RUS,2022–24,0.2603307276666667,2.6407821440774755
agri,vegetable,imports,West Africa,TUR,2019–21,0.1023625653333333,1.27636204873113
agri,vegetable,imports,West Africa,TUR,2022–24,0.1382852583333333,1.4027588839354903
agri,vegetable,imports,West Africa,USA,2019–21,0.575520986,7.1761892874280475
agri,vegetable,imports,West Africa,USA,2022–24,0.3441576546666666,3.4911183836701025
agri,vegetable,imports,West Africa,other,2019–21,2.968256439666667,37.01128296418934
agri,vegetable,imports,West Africa,other,2022–24,3.166790810666666,32.12377079645046
agri,vegetable,imports,Central Africa,CHN,2019–21,0.095784108,6.568471638990997
agri,vegetable,imports,Central Africa,CHN,2022–24,0.09848449,4.866260285543846
agri,vegetable,imports,Central Africa,EU,2019–21,0.2862888213333333,19.63248437296258
agri,vegetable,imports,Central Africa,EU,2022–24,0.6334962163333333,31.301959106303872
agri,vegetable,imports,Central Africa,GCC,2019–21,0.004246859666666667,0.29123179051032927
agri,vegetable,imports,Central Africa,GCC,2022–24,0.004049698333333333,0.20010141868971554
agri,vegetable,imports,Central Africa,IND,2019–21,0.093588573,6.41791107439387
agri,vegetable,imports,Central Africa,IND,2022–24,0.1944124833333333,9.606200394183437
agri,vegetable,imports,Central Africa,IRN,2019–21,2.0297e-5,0.0013918829714069086
agri,vegetable,imports,Central Africa,IRN,2022–24,1.3435e-5,6.638426714326446e-4
agri,vegetable,imports,Central Africa,ISR,2019–21,1.638593333333333e-4,0.011236784538244818
agri,vegetable,imports,Central Africa,ISR,2022–24,5.505603333333333e-4,0.027203977853728863
agri,vegetable,imports,Central Africa,JPN,2019–21,0.003201451,0.21954205698840318
agri,vegetable,imports,Central Africa,JPN,2022–24,0.003580113333333333,0.1768985485099836
agri,vegetable,imports,Central Africa,KOR,2019–21,8.083666666666667e-6,5.543438921940672e-4
agri,vegetable,imports,Central Africa,KOR,2022–24,1.469666666666667e-6,7.261834358879868e-5
agri,vegetable,imports,Central Africa,RUS,2019–21,0.2000240596666667,13.716809504937322
agri,vegetable,imports,Central Africa,RUS,2022–24,0.06378986633333333,3.151949034391613
agri,vegetable,imports,Central Africa,TUR,2019–21,0.015090943,1.034873458352086
agri,vegetable,imports,Central Africa,TUR,2022–24,0.03896707666666667,1.9254192982747058
agri,vegetable,imports,Central Africa,USA,2019–21,0.03666795633333333,2.5145343655051864
agri,vegetable,imports,Central Africa,USA,2022–24,0.073211531,3.617487035259685
agri,vegetable,imports,Central Africa,other,2019–21,0.7231554016666667,49.590958725957364
agri,vegetable,imports,Central Africa,other,2022–24,0.913265959,45.125784439974396
agri,vegetable,imports,East Africa and HoA,CHN,2019–21,0.056740434,1.2612360763562251
agri,vegetable,imports,East Africa and HoA,CHN,2022–24,0.05548682466666666,1.0479988156143671
agri,vegetable,imports,East Africa and HoA,EU,2019–21,0.479864341,10.666506685974692
agri,vegetable,imports,East Africa and HoA,EU,2022–24,0.3249686193333333,6.137794516429819
agri,vegetable,imports,East Africa and HoA,GCC,2019–21,0.244936138,5.444482388854603
agri,vegetable,imports,East Africa and HoA,GCC,2022–24,0.2701304523333333,5.102047122130145
agri,vegetable,imports,East Africa and HoA,IND,2019–21,0.435299074,9.675902305105
agri,vegetable,imports,East Africa and HoA,IND,2022–24,0.76868337,14.518388215255118
agri,vegetable,imports,East Africa and HoA,IRN,2019–21,4.658163333333333e-4,0.010354245167669616
agri,vegetable,imports,East Africa and HoA,IRN,2022–24,2.93575e-4,0.005544852388693569
agri,vegetable,imports,East Africa and HoA,ISR,2019–21,0.006760735333333334,0.15027878188411867
agri,vegetable,imports,East Africa and HoA,ISR,2022–24,0.008431359333333333,0.15924599485435453
agri,vegetable,imports,East Africa and HoA,JPN,2019–21,4.91758e-4,0.01093088097346567
agri,vegetable,imports,East Africa and HoA,JPN,2022–24,8.504616666666667e-4,0.016062963140284357
agri,vegetable,imports,East Africa and HoA,KOR,2019–21,0.009205788333333333,0.2046278383647761
agri,vegetable,imports,East Africa and HoA,KOR,2022–24,0.007699882,0.14543032989988455
agri,vegetable,imports,East Africa and HoA,RUS,2019–21,0.5134265006666666,11.412532114190974
agri,vegetable,imports,East Africa and HoA,RUS,2022–24,0.5896914763333333,11.137706518399455
agri,vegetable,imports,East Africa and HoA,TUR,2019–21,0.1534321026666667,3.410515033325128
agri,vegetable,imports,East Africa and HoA,TUR,2022–24,0.346559897,6.54559643261806
agri,vegetable,imports,East Africa and HoA,USA,2019–21,0.3179780866666667,7.068071322731272
agri,vegetable,imports,East Africa and HoA,USA,2022–24,0.4447050603333333,8.399298019427405
agri,vegetable,imports,East Africa and HoA,other,2019–21,2.280194895666667,50.68456232707207
agri,vegetable,imports,East Africa and HoA,other,2022–24,2.477049344,46.78488621984241
agri,vegetable,imports,Southern Africa and Indian Ocean,CHN,2019–21,0.1022661883333333,2.3763430343654446
agri,vegetable,imports,Southern Africa and Indian Ocean,CHN,2022–24,0.1116656136666667,1.9846781496807635
agri,vegetable,imports,Southern Africa and Indian Ocean,EU,2019–21,0.756034094,17.56784311901547
agri,vegetable,imports,Southern Africa and Indian Ocean,EU,2022–24,1.109092856,19.712356248191302
agri,vegetable,imports,Southern Africa and Indian Ocean,GCC,2019–21,0.03964901466666667,0.9213178016910221
agri,vegetable,imports,Southern Africa and Indian Ocean,GCC,2022–24,0.05322924333333334,0.946064886931639
agri,vegetable,imports,Southern Africa and Indian Ocean,IND,2019–21,0.3707621106666666,8.615339766234207
agri,vegetable,imports,Southern Africa and Indian Ocean,IND,2022–24,0.6224593953333334,11.06322278109094
agri,vegetable,imports,Southern Africa and Indian Ocean,IRN,2019–21,1.515183333333333e-4,0.003520807237106812
agri,vegetable,imports,Southern Africa and Indian Ocean,IRN,2022–24,7.317546666666667e-4,0.013005771877057162
agri,vegetable,imports,Southern Africa and Indian Ocean,ISR,2019–21,0.006918266,0.16075863867538584
agri,vegetable,imports,Southern Africa and Indian Ocean,ISR,2022–24,0.004224142,0.07507738553763374
agri,vegetable,imports,Southern Africa and Indian Ocean,JPN,2019–21,0.002181955666666666,0.05070175425798563
agri,vegetable,imports,Southern Africa and Indian Ocean,JPN,2022–24,0.001556476666666667,0.02766388979907976
agri,vegetable,imports,Southern Africa and Indian Ocean,KOR,2019–21,6.761593333333333e-4,0.015711806102038154
agri,vegetable,imports,Southern Africa and Indian Ocean,KOR,2022–24,0.00166401,0.029575123257806653
agri,vegetable,imports,Southern Africa and Indian Ocean,RUS,2019–21,0.18924881,4.397544278658373
agri,vegetable,imports,Southern Africa and Indian Ocean,RUS,2022–24,0.207084671,3.680599677662598
agri,vegetable,imports,Southern Africa and Indian Ocean,TUR,2019–21,0.08708185733333333,2.0235071675808407
agri,vegetable,imports,Southern Africa and Indian Ocean,TUR,2022–24,0.05668251066666666,1.0074412049979309
agri,vegetable,imports,Southern Africa and Indian Ocean,USA,2019–21,0.131116771,3.0467394016755507
agri,vegetable,imports,Southern Africa and Indian Ocean,USA,2022–24,0.109956487,1.954301149644783
agri,vegetable,imports,Southern Africa and Indian Ocean,other,2019–21,2.617424442,60.82067242450657
agri,vegetable,imports,Southern Africa and Indian Ocean,other,2022–24,3.348036829666666,59.50601373132846
cereals,all,exports,Africa,CHN,2019–21,0.0028861913333333333,0.2374198464691296
cereals,all,exports,Africa,CHN,2022–24,0.019891622666666667,0.9577501494644437
cereals,all,exports,Africa,EU,2019–21,0.031690615,2.606889176374411
cereals,all,exports,Africa,EU,2022–24,0.05388377266666667,2.594418373503973
cereals,all,exports,Africa,GCC,2019–21,0.009739836333333333,0.8012048335769089
cereals,all,exports,Africa,GCC,2022–24,0.019129392,0.9210499492263945
cereals,all,exports,Africa,IND,2019–21,0.006215215333333334,0.511267376202795
cereals,all,exports,Africa,IND,2022–24,0.006613819,0.31844491733676444
cereals,all,exports,Africa,IRN,2019–21,0.010091049,0.8300958001718748
cereals,all,exports,Africa,IRN,2022–24,0,0
cereals,all,exports,Africa,ISR,2019–21,0.0026722463333333332,0.21982060124023695
cereals,all,exports,Africa,ISR,2022–24,0.0015552133333333333,0.07488106060573585
cereals,all,exports,Africa,JPN,2019–21,0.070063482,5.763464447909999
cereals,all,exports,Africa,JPN,2022–24,0.12091386733333333,5.821811344978119
cereals,all,exports,Africa,KOR,2019–21,0.050384404333333334,4.144651604730252
cereals,all,exports,Africa,KOR,2022–24,0.092697378,4.463232041055979
cereals,all,exports,Africa,RUS,2019–21,6.733953333333333e-4,0.05539390781427577
cereals,all,exports,Africa,RUS,2022–24,1.0474733333333334e-4,0.005043418319216151
cereals,all,exports,Africa,TUR,2019–21,0.0016861686666666666,0.1387052553784458
cereals,all,exports,Africa,TUR,2022–24,0.0014312826666666666,0.0689139951474648
cereals,all,exports,Africa,USA,2019–21,0.0029179366666666666,0.24003123680873215
cereals,all,exports,Africa,USA,2022–24,0.003928339666666667,0.1891433376725912
cereals,all,exports,Africa,other,2019–21,0.07702594933333333,6.336201226042171
cereals,all,exports,Africa,other,2022–24,0.302272479,14.553941465337028
cereals,all,imports,Africa,CHN,2019–21,0.4898028346666667,2.0968437121043118
cereals,all,imports,Africa,CHN,2022–24,0.30875806066666667,1.0813579182163078
cereals,all,imports,Africa,EU,2019–21,5.141729643,22.011721264541347
cereals,all,imports,Africa,EU,2022–24,7.6944086936666665,26.947992058647856
cereals,all,imports,Africa,GCC,2019–21,0.033481392666666665,0.14333369004157215
cereals,all,imports,Africa,GCC,2022–24,0.07330834166666667,0.2567465139578612
cereals,all,imports,Africa,IND,2019–21,2.3340437283333335,9.992030607301263
cereals,all,imports,Africa,IND,2022–24,4.124109454666667,14.443795911806614
cereals,all,imports,Africa,IRN,2019–21,1.1521e-5,4.93213487088008e-5
cereals,all,imports,Africa,IRN,2022–24,5.13e-6,1.796670865360358e-5
cereals,all,imports,Africa,ISR,2019–21,1.05531e-4,4.5177773201878814e-4
cereals,all,imports,Africa,ISR,2022–24,4.4337e-5,1.5528069426409783e-4
cereals,all,imports,Africa,JPN,2019–21,0.012914458333333333,0.055286737509210294
cereals,all,imports,Africa,JPN,2022–24,0.013553991666666666,0.04746990630962394
cereals,all,imports,Africa,KOR,2019–21,0.009501961333333333,0.04067785334075819
cereals,all,imports,Africa,KOR,2022–24,0.010844987,0.037982206974876864
cereals,all,imports,Africa,RUS,2019–21,3.5372580316666666,15.142985578755145
cereals,all,imports,Africa,RUS,2022–24,3.481341973666667,12.192642683124808
cereals,all,imports,Africa,TUR,2019–21,0.050119919666666665,0.21456314861008158
cereals,all,imports,Africa,TUR,2022–24,0.210473124,0.7371363154623352
cereals,all,imports,Africa,USA,2019–21,1.1996810336666666,5.135829060047588
cereals,all,imports,Africa,USA,2022–24,1.0311325453333333,3.611317353850426
cereals,all,imports,Africa,other,2019–21,7.105708193,30.419504523039304
cereals,all,imports,Africa,other,2022–24,8.609206845666666,30.151873515536543
green,all,exports,Africa,CHN,2019–21,0.006197094333333333,6.046601358945409
green,all,exports,Africa,CHN,2022–24,7.46133e-4,0.46028639063275656
green,all,exports,Africa,EU,2019–21,0.018690824,18.236927779251623
green,all,exports,Africa,EU,2022–24,0.02285772933333333,14.100839572704174
green,all,exports,Africa,GCC,2019–21,0.01475102233333333,14.392801995413777
green,all,exports,Africa,GCC,2022–24,0.02817436766666667,17.380651977127727
green,all,exports,Africa,IND,2019–21,0.001726230333333333,1.6843097939049367
green,all,exports,Africa,IND,2022–24,1.07022e-4,0.06602143330786721
green,all,exports,Africa,IRN,2019–21,0,0
green,all,exports,Africa,IRN,2022–24,0,0
green,all,exports,Africa,ISR,2019–21,3.84035e-4,0.3747089245345682
green,all,exports,Africa,ISR,2022–24,5.595806666666667e-4,0.3452030205444227
green,all,exports,Africa,JPN,2019–21,1.699066666666667e-4,0.16578057817105224
green,all,exports,Africa,JPN,2022–24,5.3318e-5,0.032891655744696074
green,all,exports,Africa,KOR,2019–21,0.007342254333333333,7.1639517879948595
green,all,exports,Africa,KOR,2022–24,0.009716868,5.99429605710367
green,all,exports,Africa,RUS,2019–21,4.9275e-5,0.04807838414842618
green,all,exports,Africa,RUS,2022–24,4.517e-6,0.0027865187928803065
green,all,exports,Africa,TUR,2019–21,0.004279072,4.175157126631646
green,all,exports,Africa,TUR,2022–24,0.004939369333333333,3.0470767040757143
green,all,exports,Africa,USA,2019–21,3.989993333333334e-4,0.3893098573914957
green,all,exports,Africa,USA,2022–24,0.001061961,0.6551193898175698
green,all,exports,Africa,other,2019–21,0.048500172,47.32237241361224
green,all,exports,Africa,other,2022–24,0.09388103733333333,57.91482728014854
green,all,exports,North Africa,CHN,2019–21,1.961333333333333e-4,1.0004842928897022
green,all,exports,North Africa,CHN,2022–24,2.352966666666667e-4,1.0346083521734195
green,all,exports,North Africa,EU,2019–21,0.010215818,52.1113126173686
green,all,exports,North Africa,EU,2022–24,0.01310066766666667,57.60413174991117
green,all,exports,North Africa,GCC,2019–21,0.001927010666666667,9.82976157833573
green,all,exports,North Africa,GCC,2022–24,4.21591e-4,1.8537515893459775
green,all,exports,North Africa,IND,2019–21,0.001493281666666667,7.617291905303314
green,all,exports,North Africa,IND,2022–24,2.069866666666667e-5,0.09101282102956644
green,all,exports,North Africa,IRN,2019–21,0,0
green,all,exports,North Africa,IRN,2022–24,0,0
green,all,exports,North Africa,ISR,2019–21,5.343333333333333e-7,0.0027256565627161674
green,all,exports,North Africa,ISR,2022–24,3.231333333333333e-6,0.014208295011926966
green,all,exports,North Africa,JPN,2019–21,2.865666666666667e-6,0.014617884884386085
green,all,exports,North Africa,JPN,2022–24,4.600166666666666e-5,0.20227107005580575
green,all,exports,North Africa,KOR,2019–21,1.086333333333333e-5,0.05541431527069237
green,all,exports,North Africa,KOR,2022–24,1.0831e-5,0.04762431708505704
green,all,exports,North Africa,RUS,2019–21,4.455833333333333e-5,0.2272939120530778
green,all,exports,North Africa,RUS,2022–24,6.043333333333334e-7,0.0026572765480321428
green,all,exports,North Africa,TUR,2019–21,3.846863333333333e-4,1.9623009900883701
green,all,exports,North Africa,TUR,2022–24,2.401623333333333e-4,1.0560028727314033
green,all,exports,North Africa,USA,2019–21,2.33453e-4,1.1908534651324594
green,all,exports,North Africa,USA,2022–24,2.192196666666667e-4,0.9639171744634701
green,all,exports,North Africa,other,2019–21,0.005094634666666667,25.987943382110974
green,all,exports,North Africa,other,2022–24,0.008444279,37.12981448164421
green,all,exports,West Africa,CHN,2019–21,3.451466666666667e-5,1.9891276492662184
green,all,exports,West Africa,CHN,2022–24,5.023666666666666e-6,0.15167897076896333
green,all,exports,West Africa,EU,2019–21,3.93989e-4,22.70612725237816
green,all,exports,West Africa,EU,2022–24,1.977606666666667e-4,5.970964311309942
green,all,exports,West Africa,GCC,2019–21,0,0
green,all,exports,West Africa,GCC,2022–24,0,0
green,all,exports,West Africa,IND,2019–21,0,0
green,all,exports,West Africa,IND,2022–24,0,0
green,all,exports,West Africa,IRN,2019–21,0,0
green,all,exports,West Africa,IRN,2022–24,0,0
green,all,exports,West Africa,ISR,2019–21,5.498666666666667e-6,0.31689571295580177
green,all,exports,West Africa,ISR,2022–24,4.036666666666666e-6,0.12187859704148009
green,all,exports,West Africa,JPN,2019–21,0,0
green,all,exports,West Africa,JPN,2022–24,0,0
green,all,exports,West Africa,KOR,2019–21,4.141466666666667e-5,2.386784127090242
green,all,exports,West Africa,KOR,2022–24,0,0
green,all,exports,West Africa,RUS,2019–21,0,0
green,all,exports,West Africa,RUS,2022–24,0,0
green,all,exports,West Africa,TUR,2019–21,0,0
green,all,exports,West Africa,TUR,2022–24,3.179666666666667e-6,0.09600329786776868
green,all,exports,West Africa,USA,2019–21,7.313666666666667e-6,0.4214966560355993
green,all,exports,West Africa,USA,2022–24,5.224633333333333e-5,1.5774673345734556
green,all,exports,West Africa,other,2019–21,0.001252435333333333,72.17956860227396
green,all,exports,West Africa,other,2022–24,0.003049792,92.08200748843839
green,all,exports,Central Africa,CHN,2019–21,2.037166666666667e-5,3.0215027767766256
green,all,exports,Central Africa,CHN,2022–24,1.395666666666667e-6,0.10768334974173488
green,all,exports,Central Africa,EU,2019–21,4.2282e-5,6.271218869721146
green,all,exports,Central Africa,EU,2022–24,2.817756666666666e-4,21.740540479372214
green,all,exports,Central Africa,GCC,2019–21,0,0
green,all,exports,Central Africa,GCC,2022–24,6.436666666666667e-7,0.04966241899959159
green,all,exports,Central Africa,IND,2019–21,6.484266666666667e-5,9.61739167407025
green,all,exports,Central Africa,IND,2022–24,3.576666666666667e-7,0.027595947999255195
green,all,exports,Central Africa,IRN,2019–21,0,0
green,all,exports,Central Africa,IRN,2022–24,0,0
green,all,exports,Central Africa,ISR,2019–21,0,0
green,all,exports,Central Africa,ISR,2022–24,4.019933333333333e-5,3.1015993819330636
green,all,exports,Central Africa,JPN,2019–21,1.660666666666667e-6,0.24630821948623335
green,all,exports,Central Africa,JPN,2022–24,4.929666666666667e-6,0.3803508620326049
green,all,exports,Central Africa,KOR,2019–21,0,0
green,all,exports,Central Africa,KOR,2022–24,0,0
green,all,exports,Central Africa,RUS,2019–21,0,0
green,all,exports,Central Africa,RUS,2022–24,0,0
green,all,exports,Central Africa,TUR,2019–21,0,0
green,all,exports,Central Africa,TUR,2022–24,0,0
green,all,exports,Central Africa,USA,2019–21,4.394333333333333e-6,0.6517625968460483
green,all,exports,Central Africa,USA,2022–24,2.474666666666667e-6,0.19093412669754944
green,all,exports,Central Africa,other,2019–21,5.406716666666667e-4,80.19181586309969
green,all,exports,Central Africa,other,2022–24,9.643076666666667e-4,74.40163343322398
green,all,exports,East Africa and HoA,CHN,2019–21,4.169726666666667e-4,4.027821156881523
green,all,exports,East Africa and HoA,CHN,2022–24,1.005666666666667e-6,0.006132507323691482
green,all,exports,East Africa and HoA,EU,2019–21,1.082626666666667e-4,1.0457823597559843
green,all,exports,East Africa and HoA,EU,2022–24,1.347913333333333e-4,0.8219511158470064
green,all,exports,East Africa and HoA,GCC,2019–21,3.1076e-5,0.30018411343809154
green,all,exports,East Africa and HoA,GCC,2022–24,1.54501e-4,0.9421397222581942
green,all,exports,East Africa and HoA,IND,2019–21,0,0
green,all,exports,East Africa and HoA,IND,2022–24,4.751e-6,0.02897137119144006
green,all,exports,East Africa and HoA,IRN,2019–21,0,0
green,all,exports,East Africa and HoA,IRN,2022–24,0,0
green,all,exports,East Africa and HoA,ISR,2019–21,0,0
green,all,exports,East Africa and HoA,ISR,2022–24,0,0
green,all,exports,East Africa and HoA,JPN,2019–21,5.166666666666667e-7,0.004990832966802269
green,all,exports,East Africa and HoA,JPN,2022–24,0,0
green,all,exports,East Africa and HoA,KOR,2019–21,1.697333333333333e-6,0.01639569126900461
green,all,exports,East Africa and HoA,KOR,2022–24,1.663e-6,0.010140894609843153
green,all,exports,East Africa and HoA,RUS,2019–21,0,0
green,all,exports,East Africa and HoA,RUS,2022–24,0,0
green,all,exports,East Africa and HoA,TUR,2019–21,0,0
green,all,exports,East Africa and HoA,TUR,2022–24,1.126966666666667e-5,0.06872188932936206
green,all,exports,East Africa and HoA,USA,2019–21,1.615166666666667e-5,0.15601987832671224
green,all,exports,East Africa and HoA,USA,2022–24,4.463333333333333e-7,0.0027217193591060297
green,all,exports,East Africa and HoA,other,2019–21,0.009777636333333334,94.44880596736192
green,all,exports,East Africa and HoA,other,2022–24,0.01609051966666667,98.11922078008136
green,all,exports,Southern Africa and Indian Ocean,CHN,2019–21,0.005529102,7.884823670535086
green,all,exports,Southern Africa and Indian Ocean,CHN,2022–24,5.034113333333333e-4,0.425350034468293
green,all,exports,Southern Africa and Indian Ocean,EU,2019–21,0.007930472333333334,11.30931857874756
green,all,exports,Southern Africa and Indian Ocean,EU,2022–24,0.009142734,7.725019212985076
green,all,exports,Southern Africa and Indian Ocean,GCC,2019–21,0.01279293566666667,18.243476419889866
green,all,exports,Southern Africa and Indian Ocean,GCC,2022–24,0.027597632,23.31821503643131
green,all,exports,Southern Africa and Indian Ocean,IND,2019–21,1.68106e-4,0.23972901349242087
green,all,exports,Southern Africa and Indian Ocean,IND,2022–24,8.121466666666667e-5,0.06862114334466897
green,all,exports,Southern Africa and Indian Ocean,IRN,2019–21,0,0
green,all,exports,Southern Africa and Indian Ocean,IRN,2022–24,0,0
green,all,exports,Southern Africa and Indian Ocean,ISR,2019–21,3.78002e-4,0.5390530174899294
green,all,exports,Southern Africa and Indian Ocean,ISR,2022–24,5.121133333333333e-4,0.4327026619418033
green,all,exports,Southern Africa and Indian Ocean,JPN,2019–21,1.648636666666667e-4,0.23510525603335583
green,all,exports,Southern Africa and Indian Ocean,JPN,2022–24,2.386666666666667e-6,0.002016579051188742
green,all,exports,Southern Africa and Indian Ocean,KOR,2019–21,0.007288279,10.39351322812706
green,all,exports,Southern Africa and Indian Ocean,KOR,2022–24,0.009704374,8.199568706690236
green,all,exports,Southern Africa and Indian Ocean,RUS,2019–21,4.716666666666667e-6,0.006726243245170221
green,all,exports,Southern Africa and Indian Ocean,RUS,2022–24,3.912666666666666e-6,0.00330595040542646
green,all,exports,Southern Africa and Indian Ocean,TUR,2019–21,0.003894385666666667,5.553622321803052
green,all,exports,Southern Africa and Indian Ocean,TUR,2022–24,0.004684757666666667,3.9583173898725637
green,all,exports,Southern Africa and Indian Ocean,USA,2019–21,1.376866666666667e-4,0.1963492604134284
green,all,exports,Southern Africa and Indian Ocean,USA,2022–24,7.87574e-4,0.665449118573012
green,all,exports,Southern Africa and Indian Ocean,other,2019–21,0.031834794,45.398282990223066
green,all,exports,Southern Africa and Indian Ocean,other,2022–24,0.065332139,55.20143416623645
green,all,imports,Africa,CHN,2019–21,0.751079744,63.74646492618265
green,all,imports,Africa,CHN,2022–24,1.643105589,75.97995725185433
green,all,imports,Africa,EU,2019–21,0.223876522,19.001094053561317
green,all,imports,Africa,EU,2022–24,0.192936428,8.921703906251803
green,all,imports,Africa,GCC,2019–21,0.031640808,2.6854534069395424
green,all,imports,Africa,GCC,2022–24,0.06395882566666666,2.9575633316357353
green,all,imports,Africa,IND,2019–21,0.03745433866666667,3.1788657665463993
green,all,imports,Africa,IND,2022–24,0.025873988,1.1964565852225288
green,all,imports,Africa,IRN,2019–21,2.1289e-5,0.0018068633892135723
green,all,imports,Africa,IRN,2022–24,4.5e-8,2.0808754466073725e-6
green,all,imports,Africa,ISR,2019–21,8.3641e-5,0.0070988708129650245
green,all,imports,Africa,ISR,2022–24,1.61958e-4,0.007489209457369707
green,all,imports,Africa,JPN,2019–21,0.002581800333333333,0.2191253934219267
green,all,imports,Africa,JPN,2022–24,0.004664019666666666,0.2156720890413459
green,all,imports,Africa,KOR,2019–21,0.013885628,1.1785162698782885
green,all,imports,Africa,KOR,2022–24,0.01618159866666667,0.7482642522738061
green,all,imports,Africa,RUS,2019–21,0.002407539,0.2043352941520905
green,all,imports,Africa,RUS,2022–24,0.01317275733333333,0.6091303844233452
green,all,imports,Africa,TUR,2019–21,0.006948530666666667,0.5897433261509595
green,all,imports,Africa,TUR,2022–24,0.005752048,0.26598434335348986
green,all,imports,Africa,USA,2019–21,0.027829433,2.3619702019950224
green,all,imports,Africa,USA,2022–24,0.05040228433333333,2.3306861316034837
green,all,imports,Africa,other,2019–21,0.080420366,6.825525626969606
green,all,imports,Africa,other,2022–24,0.1463418053333333,6.767090434007312
green,all,imports,North Africa,CHN,2019–21,0.169892446,55.5480910147844
green,all,imports,North Africa,CHN,2022–24,0.395955597,65.83894464414388
green,all,imports,North Africa,EU,2019–21,0.08968986433333333,29.325028065648457
green,all,imports,North Africa,EU,2022–24,0.1344270116666667,22.352336087319795
green,all,imports,North Africa,GCC,2019–21,0.01459345466666667,4.77148082289739
green,all,imports,North Africa,GCC,2022–24,0.04230736,7.03480883761789
green,all,imports,North Africa,IND,2019–21,3.932483333333333e-4,0.12857660670452806
green,all,imports,North Africa,IND,2022–24,1.488866666666667e-4,0.02475666736166321
green,all,imports,North Africa,IRN,2019–21,0,0
green,all,imports,North Africa,IRN,2022–24,0,0
green,all,imports,North Africa,ISR,2019–21,0,0
green,all,imports,North Africa,ISR,2022–24,2.125266666666667e-5,0.003533863783739137
green,all,imports,North Africa,JPN,2019–21,0.001949132,0.6372888511819339
green,all,imports,North Africa,JPN,2022–24,0.003962928666666666,0.6589502537410972
green,all,imports,North Africa,KOR,2019–21,0.001740509333333333,0.5690775142532335
green,all,imports,North Africa,KOR,2022–24,0.001270468,0.2112516478057417
green,all,imports,North Africa,RUS,2019–21,0.002341412333333333,0.7655489602824288
green,all,imports,North Africa,RUS,2022–24,2.574386666666667e-4,0.042806542582927244
green,all,imports,North Africa,TUR,2019–21,0.006150662666666667,2.011022724396095
green,all,imports,North Africa,TUR,2022–24,0.004611325666666667,0.7667648029326545
green,all,imports,North Africa,USA,2019–21,0.006652279666666667,2.175031586629812
green,all,imports,North Africa,USA,2022–24,0.002002603,0.3329900348932218
green,all,imports,North Africa,other,2019–21,0.01244448766666667,4.0688538532217144
green,all,imports,North Africa,other,2022–24,0.01643540733333333,2.7328566178174003
green,all,imports,West Africa,CHN,2019–21,0.143074221,67.36816108579463
green,all,imports,West Africa,CHN,2022–24,0.309281952,75.51212181887846
green,all,imports,West Africa,EU,2019–21,0.033542019,15.793649780800024
green,all,imports,West Africa,EU,2022–24,0.02649200766666667,6.468103609718538
green,all,imports,West Africa,GCC,2019–21,9.041396666666666e-4,0.4257246782986619
green,all,imports,West Africa,GCC,2022–24,0.002744190666666667,0.6700024316826693
green,all,imports,West Africa,IND,2019–21,0.003576491,1.6840323863087445
green,all,imports,West Africa,IND,2022–24,0.001818811666666667,0.4440683565620108
green,all,imports,West Africa,IRN,2019–21,2.1289e-5,0.010024173267072911
green,all,imports,West Africa,IRN,2022–24,0,0
green,all,imports,West Africa,ISR,2019–21,1.390933333333333e-5,0.00654937138253587
green,all,imports,West Africa,ISR,2022–24,4.4879e-5,0.010957343269449638
green,all,imports,West Africa,JPN,2019–21,4.15235e-4,0.19551822944022831
green,all,imports,West Africa,JPN,2022–24,6.31184e-4,0.15410547815647185
green,all,imports,West Africa,KOR,2019–21,2.863906666666667e-4,0.13485037647325804
green,all,imports,West Africa,KOR,2022–24,5.10135e-4,0.12455099954902496
green,all,imports,West Africa,RUS,2019–21,8.741333333333334e-6,0.004115958472383548
green,all,imports,West Africa,RUS,2022–24,0,0
green,all,imports,West Africa,TUR,2019–21,4.305973333333333e-4,0.20275176277292892
green,all,imports,West Africa,TUR,2022–24,4.76939e-4,0.11644609598226432
green,all,imports,West Africa,USA,2019–21,0.015698448,7.3917968329247135
green,all,imports,West Africa,USA,2022–24,0.03895387366666667,9.510705796484805
green,all,imports,West Africa,other,2019–21,0.014405135,6.782825364064839
green,all,imports,West Africa,other,2022–24,0.02862523733333333,6.988938069716315
green,all,imports,Central Africa,CHN,2019–21,0.014389449,51.66713995116318
green,all,imports,Central Africa,CHN,2022–24,0.047918892,66.19665098168228
green,all,imports,Central Africa,EU,2019–21,0.004128075666666666,14.822378758120468
green,all,imports,Central Africa,EU,2022–24,0.004554354666666666,6.291527490162528
green,all,imports,Central Africa,GCC,2019–21,3.826616666666667e-4,1.3739952020130877
green,all,imports,Central Africa,GCC,2022–24,7.22903e-4,0.998640736196719
green,all,imports,Central Africa,IND,2019–21,0.001649673,5.923359939957062
green,all,imports,Central Africa,IND,2022–24,0.005827242,8.049933726760631
green,all,imports,Central Africa,IRN,2019–21,0,0
green,all,imports,Central Africa,IRN,2022–24,0,0
green,all,imports,Central Africa,ISR,2019–21,2.1182e-5,0.07605665501476383
green,all,imports,Central Africa,ISR,2022–24,1.060333333333333e-5,0.014647775159515465
green,all,imports,Central Africa,JPN,2019–21,1.4222e-5,0.05106589309885616
green,all,imports,Central Africa,JPN,2022–24,6.07e-6,0.008385287194428692
green,all,imports,Central Africa,KOR,2019–21,8.417833333333333e-5,0.30225297224299535
green,all,imports,Central Africa,KOR,2022–24,3.144663333333333e-4,0.43441359439521315
green,all,imports,Central Africa,RUS,2019–21,1.515333333333333e-5,0.05440996344335069
green,all,imports,Central Africa,RUS,2022–24,0,0
green,all,imports,Central Africa,TUR,2019–21,4.642533333333333e-5,0.16669604198275653
green,all,imports,Central Africa,TUR,2022–24,1.64126e-4,0.22672877200540417
green,all,imports,Central Africa,USA,2019–21,0.001012369,3.6350391738571166
green,all,imports,Central Africa,USA,2022–24,3.684496666666667e-4,0.5089878536559341
green,all,imports,Central Africa,other,2019–21,0.006106902,21.927605449106377
green,all,imports,Central Africa,other,2022–24,0.01250158833333333,17.27008378278733
green,all,imports,East Africa and HoA,CHN,2019–21,0.1189028496666667,82.46777665618335
green,all,imports,East Africa and HoA,CHN,2022–24,0.129882074,74.69279928228887
green,all,imports,East Africa and HoA,EU,2019–21,0.004484987,3.110664775981181
green,all,imports,East Africa and HoA,EU,2022–24,0.003272511333333333,1.8819612641054855
green,all,imports,East Africa and HoA,GCC,2019–21,0.005583208666666666,3.8723613995654507
green,all,imports,East Africa and HoA,GCC,2022–24,0.01505853733333333,8.65988871199824
green,all,imports,East Africa and HoA,IND,2019–21,0.004231648,2.9349557485788056
green,all,imports,East Africa and HoA,IND,2022–24,0.005141577333333334,2.9568268501243122
green,all,imports,East Africa and HoA,IRN,2019–21,0,0
green,all,imports,East Africa and HoA,IRN,2022–24,0,0
green,all,imports,East Africa and HoA,ISR,2019–21,8.249e-6,0.0057212816307090205
green,all,imports,East Africa and HoA,ISR,2022–24,1.003566666666667e-5,0.005771327889307423
green,all,imports,East Africa and HoA,JPN,2019–21,1.053406666666667e-4,0.07306141607063187
green,all,imports,East Africa and HoA,JPN,2022–24,1.7148e-5,0.009861500379896072
green,all,imports,East Africa and HoA,KOR,2019–21,1.586e-5,0.011000063845683729
green,all,imports,East Africa and HoA,KOR,2022–24,2.136533333333333e-5,0.01228681145225524
green,all,imports,East Africa and HoA,RUS,2019–21,2.088233333333333e-5,0.014483417396816908
green,all,imports,East Africa and HoA,RUS,2022–24,0,0
green,all,imports,East Africa and HoA,TUR,2019–21,2.81426e-4,0.19518940528596398
green,all,imports,East Africa and HoA,TUR,2022–24,3.760453333333334e-4,0.21625677615610053
green,all,imports,East Africa and HoA,USA,2019–21,0.001691733666666667,1.1733403747305151
green,all,imports,East Africa and HoA,USA,2022–24,0.004332160333333333,2.491345974628957
green,all,imports,East Africa and HoA,other,2019–21,0.008854796333333333,6.141445460730948
green,all,imports,East Africa and HoA,other,2022–24,0.01577689233333333,9.07300150097656
green,all,imports,Southern Africa and Indian Ocean,CHN,2019–21,0.3048207783333333,62.46656991488637
green,all,imports,Southern Africa and Indian Ocean,CHN,2022–24,0.760067074,83.95796166358691
green,all,imports,Southern Africa and Indian Ocean,EU,2019–21,0.092031576,18.859924536688037
green,all,imports,Southern Africa and Indian Ocean,EU,2022–24,0.02419054266666667,2.6721176634331667
green,all,imports,Southern Africa and Indian Ocean,GCC,2019–21,0.01017734333333333,2.0856312104296864
green,all,imports,Southern Africa and Indian Ocean,GCC,2022–24,0.003125834666666667,0.3452836152072429
green,all,imports,Southern Africa and Indian Ocean,IND,2019–21,0.02760327833333333,5.656707936109479
green,all,imports,Southern Africa and Indian Ocean,IND,2022–24,0.01293747033333333,1.4290891888704453
green,all,imports,Southern Africa and Indian Ocean,IRN,2019–21,0,0
green,all,imports,Southern Africa and Indian Ocean,IRN,2022–24,4.5e-8,4.970756403087409e-6
green,all,imports,Southern Africa and Indian Ocean,ISR,2019–21,4.030066666666667e-5,0.00825876905673714
green,all,imports,Southern Africa and Indian Ocean,ISR,2022–24,7.518733333333333e-5,0.008305287079949646
green,all,imports,Southern Africa and Indian Ocean,JPN,2019–21,9.787066666666666e-5,0.02005652264054114
green,all,imports,Southern Africa and Indian Ocean,JPN,2022–24,4.6689e-5,0.00515732546008329
green,all,imports,Southern Africa and Indian Ocean,KOR,2019–21,0.01175868966666667,2.409694687437134
green,all,imports,Southern Africa and Indian Ocean,KOR,2022–24,0.014065164,1.553655644743878
green,all,imports,Southern Africa and Indian Ocean,RUS,2019–21,2.134966666666667e-5,0.004375162522662629
green,all,imports,Southern Africa and Indian Ocean,RUS,2022–24,0.01291531866666667,1.426642288005504
green,all,imports,Southern Africa and Indian Ocean,TUR,2019–21,3.941933333333333e-5,0.008078158435026886
green,all,imports,Southern Africa and Indian Ocean,TUR,2022–24,1.23612e-4,0.013654336455520905
green,all,imports,Southern Africa and Indian Ocean,USA,2019–21,0.002774602666666666,0.5685961187128504
green,all,imports,Southern Africa and Indian Ocean,USA,2022–24,0.004745197666666667,0.5241604818999726
green,all,imports,Southern Africa and Indian Ocean,other,2019–21,0.038609045,7.912106983081466
green,all,imports,Southern Africa and Indian Ocean,other,2022–24,0.07300268,8.063967534500915
green,biofuels,exports,Africa,CHN,2019–21,0.002786136,5.075644297847248
green,biofuels,exports,Africa,CHN,2022–24,4.76548e-4,0.5615102243481659
green,biofuels,exports,Africa,EU,2019–21,0.01232055866666667,22.444982349303544
green,biofuels,exports,Africa,EU,2022–24,0.01643191633333333,19.3615103343216
green,biofuels,exports,Africa,GCC,2019–21,0.01258109766666667,22.91961936979243
green,biofuels,exports,Africa,GCC,2022–24,0.026108817,30.76367478435584
green,biofuels,exports,Africa,IND,2019–21,1.513503333333333e-4,0.27572252623727395
green,biofuels,exports,Africa,IND,2022–24,0,0
green,biofuels,exports,Africa,IRN,2019–21,0,0
green,biofuels,exports,Africa,IRN,2022–24,0,0
green,biofuels,exports,Africa,ISR,2019–21,1.676846666666667e-4,0.30547960408360664
green,biofuels,exports,Africa,ISR,2022–24,5.11692e-4,0.6029199361180021
green,biofuels,exports,Africa,JPN,2019–21,0,0
green,biofuels,exports,Africa,JPN,2022–24,0,0
green,biofuels,exports,Africa,KOR,2019–21,0.007276135666666667,13.2553028663639
green,biofuels,exports,Africa,KOR,2022–24,0.009704374,11.434535916420819
green,biofuels,exports,Africa,RUS,2019–21,0,0
green,biofuels,exports,Africa,RUS,2022–24,0,0
green,biofuels,exports,Africa,TUR,2019–21,0.003894004,7.093903240327958
green,biofuels,exports,Africa,TUR,2022–24,0.004681810666666667,5.516515771329722
green,biofuels,exports,Africa,USA,2019–21,2.333633333333333e-5,0.04251297395963298
green,biofuels,exports,Africa,USA,2022–24,3.416733333333333e-5,0.04025891831542376
green,biofuels,exports,Africa,other,2019–21,0.01569195933333334,28.58683277208445
green,biofuels,exports,Africa,other,2022–24,0.02691965466666667,31.719074114790434
green,biofuels,exports,North Africa,CHN,2019–21,0,0
green,biofuels,exports,North Africa,CHN,2022–24,0,0
green,biofuels,exports,North Africa,EU,2019–21,0.007007917333333333,94.24607139779995
green,biofuels,exports,North Africa,EU,2022–24,0.01091776266666667,83.51578446686365
green,biofuels,exports,North Africa,GCC,2019–21,7.680366666666667e-5,1.0328951538639957
green,biofuels,exports,North Africa,GCC,2022–24,1.487723333333333e-4,1.1380388550882943
green,biofuels,exports,North Africa,IND,2019–21,1.021666666666667e-5,0.1373989803695634
green,biofuels,exports,North Africa,IND,2022–24,0,0
green,biofuels,exports,North Africa,IRN,2019–21,0,0
green,biofuels,exports,North Africa,IRN,2022–24,0,0
green,biofuels,exports,North Africa,ISR,2019–21,0,0
green,biofuels,exports,North Africa,ISR,2022–24,3.231333333333333e-6,0.02471819057133366
green,biofuels,exports,North Africa,JPN,2019–21,0,0
green,biofuels,exports,North Africa,JPN,2022–24,0,0
green,biofuels,exports,North Africa,KOR,2019–21,0,0
green,biofuels,exports,North Africa,KOR,2022–24,0,0
green,biofuels,exports,North Africa,RUS,2019–21,0,0
green,biofuels,exports,North Africa,RUS,2022–24,0,0
green,biofuels,exports,North Africa,TUR,2019–21,0,0
green,biofuels,exports,North Africa,TUR,2022–24,0,0
green,biofuels,exports,North Africa,USA,2019–21,3.470666666666667e-6,0.046675307784923126
green,biofuels,exports,North Africa,USA,2022–24,0,0
green,biofuels,exports,North Africa,other,2019–21,3.373576666666667e-4,4.53695916018157
green,biofuels,exports,North Africa,other,2022–24,0.002002927333333333,15.321458487476727
green,biofuels,exports,West Africa,CHN,2019–21,0,0
green,biofuels,exports,West Africa,CHN,2022–24,0,0
green,biofuels,exports,West Africa,EU,2019–21,3.508833333333333e-5,6.9664631624228575
green,biofuels,exports,West Africa,EU,2022–24,4.711333333333334e-6,0.7566855097455248
green,biofuels,exports,West Africa,GCC,2019–21,0,0
green,biofuels,exports,West Africa,GCC,2022–24,0,0
green,biofuels,exports,West Africa,IND,2019–21,0,0
green,biofuels,exports,West Africa,IND,2022–24,0,0
green,biofuels,exports,West Africa,IRN,2019–21,0,0
green,biofuels,exports,West Africa,IRN,2022–24,0,0
green,biofuels,exports,West Africa,ISR,2019–21,0,0
green,biofuels,exports,West Africa,ISR,2022–24,0,0
green,biofuels,exports,West Africa,JPN,2019–21,0,0
green,biofuels,exports,West Africa,JPN,2022–24,0,0
green,biofuels,exports,West Africa,KOR,2019–21,0,0
green,biofuels,exports,West Africa,KOR,2022–24,0,0
green,biofuels,exports,West Africa,RUS,2019–21,0,0
green,biofuels,exports,West Africa,RUS,2022–24,0,0
green,biofuels,exports,West Africa,TUR,2019–21,0,0
green,biofuels,exports,West Africa,TUR,2022–24,0,0
green,biofuels,exports,West Africa,USA,2019–21,6.071666666666666e-6,1.2054731060042023
green,biofuels,exports,West Africa,USA,2022–24,2.787333333333333e-5,4.476725790641062
green,biofuels,exports,West Africa,other,2019–21,4.62515e-4,91.82806373157294
green,biofuels,exports,West Africa,other,2022–24,5.90043e-4,94.7665886996134
green,biofuels,exports,Central Africa,CHN,2019–21,0,0
green,biofuels,exports,Central Africa,CHN,2022–24,0,0
green,biofuels,exports,Central Africa,EU,2019–21,0,0
green,biofuels,exports,Central Africa,EU,2022–24,8.696666666666666e-6,1.7922956703934598
green,biofuels,exports,Central Africa,GCC,2019–21,0,0
green,biofuels,exports,Central Africa,GCC,2022–24,6.436666666666667e-7,0.13265323647105295
green,biofuels,exports,Central Africa,IND,2019–21,0,0
green,biofuels,exports,Central Africa,IND,2022–24,0,0
green,biofuels,exports,Central Africa,IRN,2019–21,0,0
green,biofuels,exports,Central Africa,IRN,2022–24,0,0
green,biofuels,exports,Central Africa,ISR,2019–21,0,0
green,biofuels,exports,Central Africa,ISR,2022–24,0,0
green,biofuels,exports,Central Africa,JPN,2019–21,0,0
green,biofuels,exports,Central Africa,JPN,2022–24,0,0
green,biofuels,exports,Central Africa,KOR,2019–21,0,0
green,biofuels,exports,Central Africa,KOR,2022–24,0,0
green,biofuels,exports,Central Africa,RUS,2019–21,0,0
green,biofuels,exports,Central Africa,RUS,2022–24,0,0
green,biofuels,exports,Central Africa,TUR,2019–21,0,0
green,biofuels,exports,Central Africa,TUR,2022–24,0,0
green,biofuels,exports,Central Africa,USA,2019–21,0,0
green,biofuels,exports,Central Africa,USA,2022–24,0,0
green,biofuels,exports,Central Africa,other,2019–21,1.896553333333333e-4,100
green,biofuels,exports,Central Africa,other,2022–24,4.758846666666667e-4,98.07505109313549
green,biofuels,exports,East Africa and HoA,CHN,2019–21,4.1505e-4,6.437200114956094
green,biofuels,exports,East Africa and HoA,CHN,2022–24,0,0
green,biofuels,exports,East Africa and HoA,EU,2019–21,3.112e-6,0.0482654300873229
green,biofuels,exports,East Africa and HoA,EU,2022–24,3.379766666666667e-5,0.287346354025853
green,biofuels,exports,East Africa and HoA,GCC,2019–21,1.656466666666667e-5,0.2569089848714037
green,biofuels,exports,East Africa and HoA,GCC,2022–24,1.54131e-4,1.310415341069662
green,biofuels,exports,East Africa and HoA,IND,2019–21,0,0
green,biofuels,exports,East Africa and HoA,IND,2022–24,0,0
green,biofuels,exports,East Africa and HoA,IRN,2019–21,0,0
green,biofuels,exports,East Africa and HoA,IRN,2022–24,0,0
green,biofuels,exports,East Africa and HoA,ISR,2019–21,0,0
green,biofuels,exports,East Africa and HoA,ISR,2022–24,0,0
green,biofuels,exports,East Africa and HoA,JPN,2019–21,0,0
green,biofuels,exports,East Africa and HoA,JPN,2022–24,0,0
green,biofuels,exports,East Africa and HoA,KOR,2019–21,0,0
green,biofuels,exports,East Africa and HoA,KOR,2022–24,0,0
green,biofuels,exports,East Africa and HoA,RUS,2019–21,0,0
green,biofuels,exports,East Africa and HoA,RUS,2022–24,0,0
green,biofuels,exports,East Africa and HoA,TUR,2019–21,0,0
green,biofuels,exports,East Africa and HoA,TUR,2022–24,0,0
green,biofuels,exports,East Africa and HoA,USA,2019–21,0,0
green,biofuels,exports,East Africa and HoA,USA,2022–24,0,0
green,biofuels,exports,East Africa and HoA,other,2019–21,0.006012952333333333,93.25762547008517
green,biofuels,exports,East Africa and HoA,other,2022–24,0.01157406733333333,98.40223830490446
green,biofuels,exports,Southern Africa and Indian Ocean,CHN,2019–21,0.002371086,5.88132788869839
green,biofuels,exports,Southern Africa and Indian Ocean,CHN,2022–24,4.76548e-4,0.8087167982149587
green,biofuels,exports,Southern Africa and Indian Ocean,EU,2019–21,0.005274441,13.082915149680034
green,biofuels,exports,Southern Africa and Indian Ocean,EU,2022–24,0.005466948,9.277581025558122
green,biofuels,exports,Southern Africa and Indian Ocean,GCC,2019–21,0.01248772933333333,30.975017690058593
green,biofuels,exports,Southern Africa and Indian Ocean,GCC,2022–24,0.02580527,43.79234690203826
green,biofuels,exports,Southern Africa and Indian Ocean,IND,2019–21,1.411336666666667e-4,0.35007307613512506
green,biofuels,exports,Southern Africa and Indian Ocean,IND,2022–24,0,0
green,biofuels,exports,Southern Africa and Indian Ocean,IRN,2019–21,0,0
green,biofuels,exports,Southern Africa and Indian Ocean,IRN,2022–24,0,0
green,biofuels,exports,Southern Africa and Indian Ocean,ISR,2019–21,1.676846666666667e-4,0.41593114149961663
green,biofuels,exports,Southern Africa and Indian Ocean,ISR,2022–24,5.084606666666667e-4,0.8628735874768336
green,biofuels,exports,Southern Africa and Indian Ocean,JPN,2019–21,0,0
green,biofuels,exports,Southern Africa and Indian Ocean,JPN,2022–24,0,0
green,biofuels,exports,Southern Africa and Indian Ocean,KOR,2019–21,0.007276135666666667,18.047991350090093
green,biofuels,exports,Southern Africa and Indian Ocean,KOR,2022–24,0.009704374,16.4686249233246
green,biofuels,exports,Southern Africa and Indian Ocean,RUS,2019–21,0,0
green,biofuels,exports,Southern Africa and Indian Ocean,RUS,2022–24,0,0
green,biofuels,exports,Southern Africa and Indian Ocean,TUR,2019–21,0.003894004,9.658829044540386
green,biofuels,exports,Southern Africa and Indian Ocean,TUR,2022–24,0.004681810666666667,7.945178517579149
green,biofuels,exports,Southern Africa and Indian Ocean,USA,2019–21,1.3794e-5,0.034215138926511145
green,biofuels,exports,Southern Africa and Indian Ocean,USA,2022–24,6.294e-6,0.010681114028313936
green,biofuels,exports,Southern Africa and Indian Ocean,other,2019–21,0.008689479,21.553699520371257
green,biofuels,exports,Southern Africa and Indian Ocean,other,2022–24,0.01227673233333333,20.83399713177978
green,biofuels,imports,Africa,CHN,2019–21,0.002313205333333333,1.8718508648529326
green,biofuels,imports,Africa,CHN,2022–24,0.00839939,3.8350883152646946
green,biofuels,imports,Africa,EU,2019–21,0.03867352533333333,31.29470211699544
green,biofuels,imports,Africa,EU,2022–24,0.05143241833333333,23.483594234339915
green,biofuels,imports,Africa,GCC,2019–21,0.02501484533333333,20.242068093405603
green,biofuels,imports,Africa,GCC,2022–24,0.04593754366666666,20.974682321929926
green,biofuels,imports,Africa,IND,2019–21,0.008328859,6.739731098545566
green,biofuels,imports,Africa,IND,2022–24,0.01180697566666667,5.390962250573902
green,biofuels,imports,Africa,IRN,2019–21,0,0
green,biofuels,imports,Africa,IRN,2022–24,0,0
green,biofuels,imports,Africa,ISR,2019–21,5.067666666666666e-6,0.004100767059497115
green,biofuels,imports,Africa,ISR,2022–24,9.96e-7,4.5476492483426014e-4
green,biofuels,imports,Africa,JPN,2019–21,3.2863e-5,0.02659281218369803
green,biofuels,imports,Africa,JPN,2022–24,1.5591e-5,0.007118714802300151
green,biofuels,imports,Africa,KOR,2019–21,2.662e-5,0.021540962794937817
green,biofuels,imports,Africa,KOR,2022–24,1.160666666666667e-6,5.299502905866447e-4
green,biofuels,imports,Africa,RUS,2019–21,0.002371565333333334,1.9190759057512268
green,biofuels,imports,Africa,RUS,2022–24,2.567656666666666e-4,0.11723696696956357
green,biofuels,imports,Africa,TUR,2019–21,0.001995147666666667,1.6144778985001378
green,biofuels,imports,Africa,TUR,2022–24,3.81929e-4,0.17438545479620898
green,biofuels,imports,Africa,USA,2019–21,0.023646422,19.13473690966939
green,biofuels,imports,Africa,USA,2022–24,0.044736985,20.426517691602836
green,biofuels,imports,Africa,other,2019–21,0.02117038533333333,17.131122570241565
green,biofuels,imports,Africa,other,2022–24,0.05604449733333333,25.589429334505247
green,biofuels,imports,North Africa,CHN,2019–21,6.00758e-4,1.1341290533136634
green,biofuels,imports,North Africa,CHN,2022–24,0.006934588333333333,7.337853863084915
green,biofuels,imports,North Africa,EU,2019–21,0.02695168733333333,50.88020740557626
green,biofuels,imports,North Africa,EU,2022–24,0.040357617,42.70452427361365
green,biofuels,imports,North Africa,GCC,2019–21,0.01368358666666667,25.832287197510713
green,biofuels,imports,North Africa,GCC,2022–24,0.040337386,42.683116784896484
green,biofuels,imports,North Africa,IND,2019–21,1.33421e-4,0.251876183791414
green,biofuels,imports,North Africa,IND,2022–24,1.087016666666667e-4,0.11502296983364822
green,biofuels,imports,North Africa,IRN,2019–21,0,0
green,biofuels,imports,North Africa,IRN,2022–24,0,0
green,biofuels,imports,North Africa,ISR,2019–21,0,0
green,biofuels,imports,North Africa,ISR,2022–24,0,0
green,biofuels,imports,North Africa,JPN,2019–21,3.196066666666667e-5,0.06033630951221661
green,biofuels,imports,North Africa,JPN,2022–24,1.5591e-5,0.016497659858110813
green,biofuels,imports,North Africa,KOR,2019–21,0,0
green,biofuels,imports,North Africa,KOR,2022–24,1.160666666666667e-6,0.0012281626499463763
green,biofuels,imports,North Africa,RUS,2019–21,0.002336923333333333,4.411714280458926
green,biofuels,imports,North Africa,RUS,2022–24,2.56144e-4,0.27103948346455875
green,biofuels,imports,North Africa,TUR,2019–21,0.001942987333333333,3.6680300303179854
green,biofuels,imports,North Africa,TUR,2022–24,3.28696e-4,0.3478105833315112
green,biofuels,imports,North Africa,USA,2019–21,0.006095767333333333,11.50777323809868
green,biofuels,imports,North Africa,USA,2022–24,0.001387726333333333,1.4684264654914139
green,biofuels,imports,North Africa,other,2019–21,0.001193776,2.253646301420159
green,biofuels,imports,North Africa,other,2022–24,0.004776701333333334,5.054479753775752
green,biofuels,imports,West Africa,CHN,2019–21,2.557093333333333e-4,0.8573039823250059
green,biofuels,imports,West Africa,CHN,2022–24,2.024856666666667e-4,0.31233632835629027
green,biofuels,imports,West Africa,EU,2019–21,0.006854339666666666,22.98020418668692
green,biofuels,imports,West Africa,EU,2022–24,0.005095257666666667,7.859489996670903
green,biofuels,imports,West Africa,GCC,2019–21,1.276476666666667e-4,0.42795799254294575
green,biofuels,imports,West Africa,GCC,2022–24,0.001470628333333333,2.268460091875131
green,biofuels,imports,West Africa,IND,2019–21,9.55218e-4,3.202511948678165
green,biofuels,imports,West Africa,IND,2022–24,0.001003430333333333,1.5478021295729327
green,biofuels,imports,West Africa,IRN,2019–21,0,0
green,biofuels,imports,West Africa,IRN,2022–24,0,0
green,biofuels,imports,West Africa,ISR,2019–21,0,0
green,biofuels,imports,West Africa,ISR,2022–24,0,0
green,biofuels,imports,West Africa,JPN,2019–21,0,0
green,biofuels,imports,West Africa,JPN,2022–24,0,0
green,biofuels,imports,West Africa,KOR,2019–21,1.462533333333333e-5,0.04903362871449349
green,biofuels,imports,West Africa,KOR,2022–24,0,0
green,biofuels,imports,West Africa,RUS,2019–21,5.899666666666667e-6,0.019779519432441894
green,biofuels,imports,West Africa,RUS,2022–24,0,0
green,biofuels,imports,West Africa,TUR,2019–21,2.624633333333333e-5,0.08799477826945261
green,biofuels,imports,West Africa,TUR,2022–24,8.085e-6,0.012471199845061988
green,biofuels,imports,West Africa,USA,2019–21,0.01468225933333333,49.2244816875221
green,biofuels,imports,West Africa,USA,2022–24,0.03738419466666667,57.66552414776754
green,biofuels,imports,West Africa,other,2019–21,0.006905203333333334,23.150732275828446
green,biofuels,imports,West Africa,other,2022–24,0.019665286,30.333916105912145
green,biofuels,imports,Central Africa,CHN,2019–21,5.324973333333333e-4,7.774151660613342
green,biofuels,imports,Central Africa,CHN,2022–24,1.155366666666667e-5,0.07320242543515326
green,biofuels,imports,Central Africa,EU,2019–21,0.001603791,23.414416721824082
green,biofuels,imports,Central Africa,EU,2022–24,4.72768e-4,2.995392308484452
green,biofuels,imports,Central Africa,GCC,2019–21,8.652266666666666e-5,1.2631806595852022
green,biofuels,imports,Central Africa,GCC,2022–24,1.700253333333333e-4,1.0772568695727538
green,biofuels,imports,Central Africa,IND,2019–21,4.1977e-4,6.128398093841463
green,biofuels,imports,Central Africa,IND,2022–24,0.005392322,34.16500237679262
green,biofuels,imports,Central Africa,IRN,2019–21,0,0
green,biofuels,imports,Central Africa,IRN,2022–24,0,0
green,biofuels,imports,Central Africa,ISR,2019–21,5.34e-7,0.0077960897208265035
green,biofuels,imports,Central Africa,ISR,2022–24,0,0
green,biofuels,imports,Central Africa,JPN,2019–21,6.553333333333333e-7,0.009567485887106682
green,biofuels,imports,Central Africa,JPN,2022–24,0,0
green,biofuels,imports,Central Africa,KOR,2019–21,6.78e-7,0.009898406050038146
green,biofuels,imports,Central Africa,KOR,2022–24,0,0
green,biofuels,imports,Central Africa,RUS,2019–21,7.86e-6,0.11475143296946874
green,biofuels,imports,Central Africa,RUS,2022–24,0,0
green,biofuels,imports,Central Africa,TUR,2019–21,0,0
green,biofuels,imports,Central Africa,TUR,2022–24,0,0
green,biofuels,imports,Central Africa,USA,2019–21,8.63354e-4,12.604466750626303
green,biofuels,imports,Central Africa,USA,2022–24,2.139476666666667e-4,1.3555426660677727
green,biofuels,imports,Central Africa,other,2019–21,0.003333925333333333,48.673372698882154
green,biofuels,imports,Central Africa,other,2022–24,0.009522558,60.33360335364721
green,biofuels,imports,East Africa and HoA,CHN,2019–21,1.69978e-4,2.5328585314264367
green,biofuels,imports,East Africa and HoA,CHN,2022–24,2.54976e-4,1.3737853068218941
green,biofuels,imports,East Africa and HoA,EU,2019–21,2.023783333333333e-4,3.0156590156325906
green,biofuels,imports,East Africa and HoA,EU,2022–24,2.529373333333333e-4,1.3628011737577062
green,biofuels,imports,East Africa and HoA,GCC,2019–21,0.001438676333333333,21.437854456721674
green,biofuels,imports,East Africa and HoA,GCC,2022–24,0.003810893666666667,20.532715726685176
green,biofuels,imports,East Africa and HoA,IND,2019–21,1.475376666666667e-4,2.1984729654626864
green,biofuels,imports,East Africa and HoA,IND,2022–24,1.611903333333333e-4,0.8684774705660793
green,biofuels,imports,East Africa and HoA,IRN,2019–21,0,0
green,biofuels,imports,East Africa and HoA,IRN,2022–24,0,0
green,biofuels,imports,East Africa and HoA,ISR,2019–21,0,0
green,biofuels,imports,East Africa and HoA,ISR,2022–24,0,0
green,biofuels,imports,East Africa and HoA,JPN,2019–21,2.47e-7,0.003680570763641941
green,biofuels,imports,East Africa and HoA,JPN,2022–24,0,0
green,biofuels,imports,East Africa and HoA,KOR,2019–21,1.028366666666667e-5,0.153237906382075
green,biofuels,imports,East Africa and HoA,KOR,2022–24,0,0
green,biofuels,imports,East Africa and HoA,RUS,2019–21,2.088233333333333e-5,0.31116965807000896
green,biofuels,imports,East Africa and HoA,RUS,2022–24,0,0
green,biofuels,imports,East Africa and HoA,TUR,2019–21,1.4168e-5,0.21111873109019846
green,biofuels,imports,East Africa and HoA,TUR,2022–24,3.9994e-5,0.21548369086123723
green,biofuels,imports,East Africa and HoA,USA,2019–21,8.098636666666667e-4,12.067856413235612
green,biofuels,imports,East Africa and HoA,USA,2022–24,0.003499392,18.85437575462036
green,biofuels,imports,East Africa and HoA,other,2019–21,0.003896900666666667,58.06809175121508
green,biofuels,imports,East Africa and HoA,other,2022–24,0.010540722,56.79236087668757
green,biofuels,imports,Southern Africa and Indian Ocean,CHN,2019–21,7.542626666666667e-4,2.7709884106113747
green,biofuels,imports,Southern Africa and Indian Ocean,CHN,2022–24,9.957863333333334e-4,3.9301213414319456
green,biofuels,imports,Southern Africa and Indian Ocean,EU,2019–21,0.003061329,11.246622105210708
green,biofuels,imports,Southern Africa and Indian Ocean,EU,2022–24,0.005253838333333333,20.73559504391663
green,biofuels,imports,Southern Africa and Indian Ocean,GCC,2019–21,0.009678412,35.55627060748341
green,biofuels,imports,Southern Africa and Indian Ocean,GCC,2022–24,1.486103333333333e-4,0.586528076395219
green,biofuels,imports,Southern Africa and Indian Ocean,IND,2019–21,0.006672912333333334,24.514752695381592
green,biofuels,imports,Southern Africa and Indian Ocean,IND,2022–24,0.005141331333333333,20.291557857464827
green,biofuels,imports,Southern Africa and Indian Ocean,IRN,2019–21,0,0
green,biofuels,imports,Southern Africa and Indian Ocean,IRN,2022–24,0,0
green,biofuels,imports,Southern Africa and Indian Ocean,ISR,2019–21,4.533666666666667e-6,0.01665565372130545
green,biofuels,imports,Southern Africa and Indian Ocean,ISR,2022–24,9.96e-7,0.003930964630698437
green,biofuels,imports,Southern Africa and Indian Ocean,JPN,2019–21,0,0
green,biofuels,imports,Southern Africa and Indian Ocean,JPN,2022–24,0,0
green,biofuels,imports,Southern Africa and Indian Ocean,KOR,2019–21,1.033e-6,0.00379500557917253
green,biofuels,imports,Southern Africa and Indian Ocean,KOR,2022–24,0,0
green,biofuels,imports,Southern Africa and Indian Ocean,RUS,2019–21,0,0
green,biofuels,imports,Southern Africa and Indian Ocean,RUS,2022–24,6.216666666666667e-7,0.0024535639344888172
green,biofuels,imports,Southern Africa and Indian Ocean,TUR,2019–21,1.1746e-5,0.0431521157143858
green,biofuels,imports,Southern Africa and Indian Ocean,TUR,2022–24,5.154e-6,0.02034155793837324
green,biofuels,imports,Southern Africa and Indian Ocean,USA,2019–21,0.001195177666666667,4.390809209198845
green,biofuels,imports,Southern Africa and Indian Ocean,USA,2022–24,0.002251724333333333,8.886996699213203
green,biofuels,imports,Southern Africa and Indian Ocean,other,2019–21,0.00584058,21.45695419709922
green,biofuels,imports,Southern Africa and Indian Ocean,other,2022–24,0.01153923,45.542474895074626
green,solar,exports,Africa,CHN,2019–21,0.003406305666666667,7.374933971287985
green,solar,exports,Africa,CHN,2022–24,2.69585e-4,0.36076427721766635
green,solar,exports,Africa,EU,2019–21,0.005126643333333333,11.09960754481431
green,solar,exports,Africa,EU,2022–24,0.006078789666666667,8.134763285988535
green,solar,exports,Africa,GCC,2019–21,0.002169924666666666,4.6980666755593825
green,solar,exports,Africa,GCC,2022–24,0.002065550666666667,2.7641630406605304
green,solar,exports,Africa,IND,2019–21,0.001572283,3.404122954275464
green,solar,exports,Africa,IND,2022–24,2.5257e-5,0.03379944488634976
green,solar,exports,Africa,IRN,2019–21,0,0
green,solar,exports,Africa,IRN,2022–24,0,0
green,solar,exports,Africa,ISR,2019–21,2.163503333333333e-4,0.4684163956903102
green,solar,exports,Africa,ISR,2022–24,4.788866666666667e-5,0.06408561387657977
green,solar,exports,Africa,JPN,2019–21,1.699066666666667e-4,0.3678620096283111
green,solar,exports,Africa,JPN,2022–24,1.797433333333333e-5,0.024053628256280605
green,solar,exports,Africa,KOR,2019–21,6.611866666666666e-5,0.1431523910810509
green,solar,exports,Africa,KOR,2022–24,1.2494e-5,0.01671973173417484
green,solar,exports,Africa,RUS,2019–21,4.9275e-5,0.10668445729676113
green,solar,exports,Africa,RUS,2022–24,4.517e-6,0.006044743736454919
green,solar,exports,Africa,TUR,2019–21,3.85068e-4,0.8337041218132769
green,solar,exports,Africa,TUR,2022–24,2.389086666666667e-4,0.3197125672831812
green,solar,exports,Africa,USA,2019–21,3.718426666666667e-4,0.8050701794645112
green,solar,exports,Africa,USA,2022–24,9.999383333333333e-4,1.3381383611374444
green,solar,exports,Africa,other,2019–21,0.032653891,70.69837929908863
green,solar,exports,Africa,other,2022–24,0.064965176,86.9377553052228
green,solar,exports,North Africa,CHN,2019–21,1.961333333333333e-4,1.7743921319761737
green,solar,exports,North Africa,CHN,2022–24,2.352966666666667e-4,2.913256967968453
green,solar,exports,North Africa,EU,2019–21,0.00214191,19.377574361324374
green,solar,exports,North Africa,EU,2022–24,0.002086264333333333,25.830472620836353
green,solar,exports,North Africa,GCC,2019–21,0.001850207,16.738576189635832
green,solar,exports,North Africa,GCC,2022–24,2.728186666666667e-4,3.3778246539483323
green,solar,exports,North Africa,IND,2019–21,0.001483065,13.417091437164741
green,solar,exports,North Africa,IND,2022–24,2.069866666666667e-5,0.25627449699382204
green,solar,exports,North Africa,IRN,2019–21,0,0
green,solar,exports,North Africa,IRN,2022–24,0,0
green,solar,exports,North Africa,ISR,2019–21,5.343333333333333e-7,0.004834042466957523
green,solar,exports,North Africa,ISR,2022–24,0,0
green,solar,exports,North Africa,JPN,2019–21,2.865666666666667e-6,0.025925304484362966
green,solar,exports,North Africa,JPN,2022–24,1.116566666666667e-5,0.13824444128127514
green,solar,exports,North Africa,KOR,2019–21,1.086333333333333e-5,0.09827912913171906
green,solar,exports,North Africa,KOR,2022–24,1.0831e-5,0.13410086367592533
green,solar,exports,North Africa,RUS,2019–21,4.455833333333333e-5,0.40311330428605546
green,solar,exports,North Africa,RUS,2022–24,6.043333333333334e-7,0.007482376691732148
green,solar,exports,North Africa,TUR,2019–21,3.846863333333333e-4,3.4802059983621536
green,solar,exports,North Africa,TUR,2022–24,2.215123333333333e-4,2.742590270046114
green,solar,exports,North Africa,USA,2019–21,2.299823333333333e-4,2.08061952461007
green,solar,exports,North Africa,USA,2022–24,2.192196666666667e-4,2.714204287207872
green,solar,exports,North Africa,other,2019–21,0.004708745,42.59938857655753
green,solar,exports,North Africa,other,2022–24,0.004998345,61.885549021350116
green,solar,exports,West Africa,CHN,2019–21,3.451466666666667e-5,2.8892696825637336
green,solar,exports,West Africa,CHN,2022–24,5.023666666666666e-6,0.1951541531344378
green,solar,exports,West Africa,EU,2019–21,3.585643333333333e-4,30.01590794875637
green,solar,exports,West Africa,EU,2022–24,1.123806666666667e-4,4.365646705331475
green,solar,exports,West Africa,GCC,2019–21,0,0
green,solar,exports,West Africa,GCC,2022–24,0,0
green,solar,exports,West Africa,IND,2019–21,0,0
green,solar,exports,West Africa,IND,2022–24,0,0
green,solar,exports,West Africa,IRN,2019–21,0,0
green,solar,exports,West Africa,IRN,2022–24,0,0
green,solar,exports,West Africa,ISR,2019–21,5.498666666666667e-6,0.46030086420817573
green,solar,exports,West Africa,ISR,2022–24,4.036666666666666e-6,0.15681220851025426
green,solar,exports,West Africa,JPN,2019–21,0,0
green,solar,exports,West Africa,JPN,2022–24,0,0
green,solar,exports,West Africa,KOR,2019–21,4.141466666666667e-5,3.466878065754157
green,solar,exports,West Africa,KOR,2022–24,0,0
green,solar,exports,West Africa,RUS,2019–21,0,0
green,solar,exports,West Africa,RUS,2022–24,0,0
green,solar,exports,West Africa,TUR,2019–21,0,0
green,solar,exports,West Africa,TUR,2022–24,3.179666666666667e-6,0.12352036804123168
green,solar,exports,West Africa,USA,2019–21,1.242e-6,0.10396950897427633
green,solar,exports,West Africa,USA,2022–24,1.112466666666667e-5,0.43215942583164557
green,solar,exports,West Africa,other,2019–21,7.533466666666666e-4,63.06367392974329
green,solar,exports,West Africa,other,2022–24,0.002438459,94.72670713915097
green,solar,exports,Central Africa,CHN,2019–21,2.037166666666667e-5,4.287598481819012
green,solar,exports,Central Africa,CHN,2022–24,1.395666666666667e-6,0.1737000601955547
green,solar,exports,Central Africa,EU,2019–21,4.223933333333333e-5,8.890058159521253
green,solar,exports,Central Africa,EU,2022–24,2.657123333333334e-4,33.069678739934055
green,solar,exports,Central Africa,GCC,2019–21,0,0
green,solar,exports,Central Africa,GCC,2022–24,0,0
green,solar,exports,Central Africa,IND,2019–21,6.484266666666667e-5,13.647352654361264
green,solar,exports,Central Africa,IND,2022–24,3.576666666666667e-7,0.04451401112725822
green,solar,exports,Central Africa,IRN,2019–21,0,0
green,solar,exports,Central Africa,IRN,2022–24,0,0
green,solar,exports,Central Africa,ISR,2019–21,0,0
green,solar,exports,Central Africa,ISR,2022–24,4.019933333333333e-5,5.003076154636613
green,solar,exports,Central Africa,JPN,2019–21,1.660666666666667e-6,0.34951837742652897
green,solar,exports,Central Africa,JPN,2022–24,4.929666666666667e-6,0.6135300191621825
green,solar,exports,Central Africa,KOR,2019–21,0,0
green,solar,exports,Central Africa,KOR,2022–24,0,0
green,solar,exports,Central Africa,RUS,2019–21,0,0
green,solar,exports,Central Africa,RUS,2022–24,0,0
green,solar,exports,Central Africa,TUR,2019–21,0,0
green,solar,exports,Central Africa,TUR,2022–24,0,0
green,solar,exports,Central Africa,USA,2019–21,4.394333333333333e-6,0.9248696847880229
green,solar,exports,Central Africa,USA,2022–24,2.474666666666667e-6,0.30798883374535413
green,solar,exports,Central Africa,other,2019–21,3.416213333333333e-4,71.90060264208391
green,solar,exports,Central Africa,other,2022–24,4.88423e-4,60.78751218119899
green,solar,exports,East Africa and HoA,CHN,2019–21,1.922666666666667e-6,0.049262425844804066
green,solar,exports,East Africa and HoA,CHN,2022–24,1.005666666666667e-6,0.022010235598524847
green,solar,exports,East Africa and HoA,EU,2019–21,1.051506666666667e-4,2.6941627527037335
green,solar,exports,East Africa and HoA,EU,2022–24,4.47e-5,0.9783137533185885
green,solar,exports,East Africa and HoA,GCC,2019–21,1.451133333333333e-5,0.3718083298765082
green,solar,exports,East Africa and HoA,GCC,2022–24,3.7e-7,0.008097899076686302
green,solar,exports,East Africa and HoA,IND,2019–21,0,0
green,solar,exports,East Africa and HoA,IND,2022–24,3.187666666666667e-6,0.06976595393725325
green,solar,exports,East Africa and HoA,IRN,2019–21,0,0
green,solar,exports,East Africa and HoA,IRN,2022–24,0,0
green,solar,exports,East Africa and HoA,ISR,2019–21,0,0
green,solar,exports,East Africa and HoA,ISR,2022–24,0,0
green,solar,exports,East Africa and HoA,JPN,2019–21,5.166666666666667e-7,0.013237995849418564
green,solar,exports,East Africa and HoA,JPN,2022–24,0,0
green,solar,exports,East Africa and HoA,KOR,2019–21,1.697333333333333e-6,0.04348895152596085
green,solar,exports,East Africa and HoA,KOR,2022–24,1.663e-6,0.03639677341764681
green,solar,exports,East Africa and HoA,RUS,2019–21,0,0
green,solar,exports,East Africa and HoA,RUS,2022–24,0,0
green,solar,exports,East Africa and HoA,TUR,2019–21,0,0
green,solar,exports,East Africa and HoA,TUR,2022–24,1.126966666666667e-5,0.2466503332285471
green,solar,exports,East Africa and HoA,USA,2019–21,1.615166666666667e-5,0.4138368315377915
green,solar,exports,East Africa and HoA,USA,2022–24,4.463333333333333e-7,0.009768546724038702
green,solar,exports,East Africa and HoA,other,2019–21,0.003762956666666667,96.41420271266179
green,solar,exports,East Africa and HoA,other,2022–24,0.004506444,98.62899650469872
green,solar,exports,Southern Africa and Indian Ocean,CHN,2019–21,0.003153363333333333,10.667150510178681
green,solar,exports,Southern Africa and Indian Ocean,CHN,2022–24,2.686333333333333e-5,0.045761790432463964
green,solar,exports,Southern Africa and Indian Ocean,EU,2019–21,0.002478779,8.385176676269529
green,solar,exports,Southern Africa and Indian Ocean,EU,2022–24,0.003569732333333334,6.081052597269784
green,solar,exports,Southern Africa and Indian Ocean,GCC,2019–21,3.052063333333334e-4,1.0324474379185926
green,solar,exports,Southern Africa and Indian Ocean,GCC,2022–24,0.001792362,3.0532954792075437
green,solar,exports,Southern Africa and Indian Ocean,IND,2019–21,2.437533333333333e-5,0.0824565144948226
green,solar,exports,Southern Africa and Indian Ocean,IND,2022–24,1.013e-6,0.0017256493500962652
green,solar,exports,Southern Africa and Indian Ocean,IRN,2019–21,0,0
green,solar,exports,Southern Africa and Indian Ocean,IRN,2022–24,0,0
green,solar,exports,Southern Africa and Indian Ocean,ISR,2019–21,2.103173333333333e-4,0.71145834222489
green,solar,exports,Southern Africa and Indian Ocean,ISR,2022–24,3.652666666666667e-6,0.006222331549310588
green,solar,exports,Southern Africa and Indian Ocean,JPN,2019–21,1.648636666666667e-4,0.5576983557217517
green,solar,exports,Southern Africa and Indian Ocean,JPN,2022–24,1.879e-6,0.0032008836414914926
green,solar,exports,Southern Africa and Indian Ocean,KOR,2019–21,1.214333333333333e-5,0.041078287107819196
green,solar,exports,Southern Africa and Indian Ocean,KOR,2022–24,0,0
green,solar,exports,Southern Africa and Indian Ocean,RUS,2019–21,4.716666666666667e-6,0.015955469738557285
green,solar,exports,Southern Africa and Indian Ocean,RUS,2022–24,3.912666666666666e-6,0.006665242537489291
green,solar,exports,Southern Africa and Indian Ocean,TUR,2019–21,3.816666666666667e-7,0.0012910963145334338
green,solar,exports,Southern Africa and Indian Ocean,TUR,2022–24,2.947e-6,0.005020225700625561
green,solar,exports,Southern Africa and Indian Ocean,USA,2019–21,1.200723333333333e-4,0.4061789005522182
green,solar,exports,Southern Africa and Indian Ocean,USA,2022–24,7.66673e-4,1.3060303693843573
green,solar,exports,Southern Africa and Indian Ocean,other,2019–21,0.02308722133333333,78.0991084094786
green,solar,exports,Southern Africa and Indian Ocean,other,2022–24,0.052533505,89.49102543092684
green,solar,imports,Africa,CHN,2019–21,0.6968275996666666,80.6353431580074
green,solar,imports,Africa,CHN,2022–24,1.469782226333333,85.43984012503132
green,solar,imports,Africa,EU,2019–21,0.06561077666666666,7.592333446480636
green,solar,imports,Africa,EU,2022–24,0.08830785366666667,5.133419607261955
green,solar,imports,Africa,GCC,2019–21,0.006524915333333333,0.7550487197004834
green,solar,imports,Africa,GCC,2022–24,0.017837881,1.0369330051101664
green,solar,imports,Africa,IND,2019–21,0.01371467733333333,1.5870320199769492
green,solar,imports,Africa,IND,2022–24,0.01103548266666667,0.6415031137604195
green,solar,imports,Africa,IRN,2019–21,2.1289e-5,0.0024635158270309493
green,solar,imports,Africa,IRN,2022–24,4.5e-8,2.6158928423144816e-6
green,solar,imports,Africa,ISR,2019–21,7.857333333333333e-5,0.009092331732314581
green,solar,imports,Africa,ISR,2022–24,1.60962e-4,0.009356874304102748
green,solar,imports,Africa,JPN,2019–21,0.002548475333333333,0.29490390898889757
green,solar,imports,Africa,JPN,2022–24,0.004648428666666667,0.2702175839365063
green,solar,imports,Africa,KOR,2019–21,0.01385687933333333,1.603487319786027
green,solar,imports,Africa,KOR,2022–24,0.016149006,0.9387570934643028
green,solar,imports,Africa,RUS,2019–21,3.597366666666666e-5,0.0041627928596772515
green,solar,imports,Africa,RUS,2022–24,0.01291599166666667,0.7508188922717074
green,solar,imports,Africa,TUR,2019–21,0.004931236666666667,0.5706317617158474
green,solar,imports,Africa,TUR,2022–24,0.005316447,0.30905012564098444
green,solar,imports,Africa,USA,2019–21,0.004121407666666667,0.4769201473286687
green,solar,imports,Africa,USA,2022–24,0.005442034666666666,0.3163506562702358
green,solar,imports,Africa,other,2019–21,0.055899628,6.468580877596056
green,solar,imports,Africa,other,2022–24,0.08865759333333334,5.15375030705544
green,solar,imports,North Africa,CHN,2019–21,0.169250067,75.8986343175111
green,solar,imports,North Africa,CHN,2022–24,0.3131486543333333,82.08570424121142
green,solar,imports,North Africa,EU,2019–21,0.03290611166666667,14.756442821375776
green,solar,imports,North Africa,EU,2022–24,0.04506375633333334,11.812569280398362
green,solar,imports,North Africa,GCC,2019–21,9.09868e-4,0.4080219277502867
green,solar,imports,North Africa,GCC,2022–24,0.001969974,0.5163895833151064
green,solar,imports,North Africa,IND,2019–21,2.598273333333333e-4,0.11651717549016227
green,solar,imports,North Africa,IND,2022–24,2.170266666666667e-5,0.005688923303975915
green,solar,imports,North Africa,IRN,2019–21,0,0
green,solar,imports,North Africa,IRN,2022–24,0,0
green,solar,imports,North Africa,ISR,2019–21,0,0
green,solar,imports,North Africa,ISR,2022–24,2.125266666666667e-5,0.005570964735745168
green,solar,imports,North Africa,JPN,2019–21,0.001917171333333333,0.8597378336794503
green,solar,imports,North Africa,JPN,2022–24,0.003947337666666667,1.0347162210739957
green,solar,imports,North Africa,KOR,2019–21,0.001740071,0.7803188196995268
green,solar,imports,North Africa,KOR,2022–24,0.001269307333333333,0.3327237237439726
green,solar,imports,North Africa,RUS,2019–21,4.489e-6,0.0020130507212815893
green,solar,imports,North Africa,RUS,2022–24,1.294666666666667e-6,3.3937116963572e-4
green,solar,imports,North Africa,TUR,2019–21,0.004206645666666666,1.886431520039965
green,solar,imports,North Africa,TUR,2022–24,0.004259601666666666,1.1165700307406758
green,solar,imports,North Africa,USA,2019–21,5.565123333333334e-4,0.24956283226080797
green,solar,imports,North Africa,USA,2022–24,5.00539e-4,0.13120636396366653
green,solar,imports,North Africa,other,2019–21,0.01124411466666667,5.04231970147165
green,solar,imports,North Africa,other,2022–24,0.01128645933333333,2.9585212963434495
green,solar,imports,West Africa,CHN,2019–21,0.1393235666666667,83.74321431054996
green,solar,imports,West Africa,CHN,2022–24,0.308959794,89.76311881815641
green,solar,imports,West Africa,EU,2019–21,0.01415824433333333,8.510095727768446
green,solar,imports,West Africa,EU,2022–24,0.02113760666666667,6.141179323648356
green,solar,imports,West Africa,GCC,2019–21,7.67427e-4,0.46127733639249646
green,solar,imports,West Africa,GCC,2022–24,0.001273099666666667,0.36987788982781156
green,solar,imports,West Africa,IND,2019–21,0.002595356,1.5599905954185664
green,solar,imports,West Africa,IND,2022–24,8.123536666666667e-4,0.23601581862578866
green,solar,imports,West Africa,IRN,2019–21,2.1289e-5,0.012796178938791385
green,solar,imports,West Africa,IRN,2022–24,0,0
green,solar,imports,West Africa,ISR,2019–21,1.390933333333333e-5,0.008360482796403258
green,solar,imports,West Africa,ISR,2022–24,4.4879e-5,0.013038845466863697
green,solar,imports,West Africa,JPN,2019–21,4.14773e-4,0.24930760143639064
green,solar,imports,West Africa,JPN,2022–24,6.31184e-4,0.18337999146943773
green,solar,imports,West Africa,KOR,2019–21,2.717653333333334e-4,0.1633499851892349
green,solar,imports,West Africa,KOR,2022–24,5.081803333333334e-4,0.14764332618000883
green,solar,imports,West Africa,RUS,2019–21,2.841666666666667e-6,0.0017080405444626578
green,solar,imports,West Africa,RUS,2022–24,0,0
green,solar,imports,West Africa,TUR,2019–21,4.039616666666667e-4,0.24280923345761035
green,solar,imports,West Africa,TUR,2022–24,4.549073333333333e-4,0.13216574391310829
green,solar,imports,West Africa,USA,2019–21,9.818333333333333e-4,0.5901505482363353
green,solar,imports,West Africa,USA,2022–24,0.001569679,0.4560440721402247
green,solar,imports,West Africa,other,2019–21,0.00741501,4.456939959271338
green,solar,imports,West Africa,other,2022–24,0.008802901,2.5575361705719803
green,solar,imports,Central Africa,CHN,2019–21,0.01383199933333333,66.5668783724288
green,solar,imports,Central Africa,CHN,2022–24,0.04789812433333333,84.91659522342525
green,solar,imports,Central Africa,EU,2019–21,0.00239623,11.531922979345993
green,solar,imports,Central Africa,EU,2022–24,0.003941463,6.98765604744538
green,solar,imports,Central Africa,GCC,2019–21,2.524566666666667e-4,1.2149546728078795
green,solar,imports,Central Africa,GCC,2022–24,5.501836666666666e-4,0.975397771230887
green,solar,imports,Central Africa,IND,2019–21,0.001229903,5.91894211660257
green,solar,imports,Central Africa,IND,2022–24,4.29231e-4,0.7609658121618871
green,solar,imports,Central Africa,IRN,2019–21,0,0
green,solar,imports,Central Africa,IRN,2022–24,0,0
green,solar,imports,Central Africa,ISR,2019–21,2.0648e-5,0.09936906961248965
green,solar,imports,Central Africa,ISR,2022–24,1.060333333333333e-5,0.01879820926639317
green,solar,imports,Central Africa,JPN,2019–21,1.356666666666667e-5,0.06528995759441318
green,solar,imports,Central Africa,JPN,2022–24,6.07e-6,0.010761250887803199
green,solar,imports,Central Africa,KOR,2019–21,8.350033333333333e-5,0.401847657674646
green,solar,imports,Central Africa,KOR,2022–24,3.144663333333333e-4,0.5575043012796621
green,solar,imports,Central Africa,RUS,2019–21,7.293333333333334e-6,0.03509936786648059
green,solar,imports,Central Africa,RUS,2022–24,0,0
green,solar,imports,Central Africa,TUR,2019–21,4.285866666666666e-5,0.20625851566730383
green,solar,imports,Central Africa,TUR,2022–24,1.64126e-4,0.2909721685686306
green,solar,imports,Central Africa,USA,2019–21,1.37844e-4,0.6633780526764831
green,solar,imports,Central Africa,USA,2022–24,1.531173333333333e-4,0.2714553606707399
green,solar,imports,Central Africa,other,2019–21,0.002762801666666667,13.296059237722899
green,solar,imports,Central Africa,other,2022–24,0.002938697,5.20989385506336
green,solar,imports,East Africa and HoA,CHN,2019–21,0.096904726,84.53631349812376
green,solar,imports,East Africa and HoA,CHN,2022–24,0.1292874716666667,83.55743520099959
green,solar,imports,East Africa and HoA,EU,2019–21,0.003374070666666667,2.943421930135346
green,solar,imports,East Africa and HoA,EU,2022–24,0.002966892333333333,1.9174782420527319
green,solar,imports,East Africa and HoA,GCC,2019–21,0.004120211,3.5943288129664395
green,solar,imports,East Africa and HoA,GCC,2022–24,0.01121826666666667,7.250273966871992
green,solar,imports,East Africa and HoA,IND,2019–21,0.004084110333333333,3.562835846619012
green,solar,imports,East Africa and HoA,IND,2022–24,0.004971872333333334,3.213280412747462
green,solar,imports,East Africa and HoA,IRN,2019–21,0,0
green,solar,imports,East Africa and HoA,IRN,2022–24,0,0
green,solar,imports,East Africa and HoA,ISR,2019–21,8.249e-6,0.007196140774868121
green,solar,imports,East Africa and HoA,ISR,2022–24,1.003566666666667e-5,0.00648596926205519
green,solar,imports,East Africa and HoA,JPN,2019–21,1.050936666666667e-4,0.09168006059890883
green,solar,imports,East Africa and HoA,JPN,2022–24,1.7148e-5,0.011082612107389216
green,solar,imports,East Africa and HoA,KOR,2019–21,5.576333333333334e-6,0.004864599305886321
green,solar,imports,East Africa and HoA,KOR,2022–24,2.136533333333333e-5,0.013808240137532445
green,solar,imports,East Africa and HoA,RUS,2019–21,0,0
green,solar,imports,East Africa and HoA,RUS,2022–24,0,0
green,solar,imports,East Africa and HoA,TUR,2019–21,2.67258e-4,0.23314658639952773
green,solar,imports,East Africa and HoA,TUR,2022–24,3.33854e-4,0.21576710884653136
green,solar,imports,East Africa and HoA,USA,2019–21,8.8187e-4,0.7693127245887925
green,solar,imports,East Africa and HoA,USA,2022–24,8.277096666666667e-4,0.5349419858410948
green,solar,imports,East Africa and HoA,other,2019–21,0.004879722,4.256899800487456
green,solar,imports,East Africa and HoA,other,2022–24,0.00507425,3.279446261133644
green,solar,imports,Southern Africa and Indian Ocean,CHN,2019–21,0.2775172406666667,81.76783458608804
green,solar,imports,Southern Africa and Indian Ocean,CHN,2022–24,0.670488182,85.58317865331799
green,solar,imports,Southern Africa and Indian Ocean,EU,2019–21,0.01277612,3.76436312317907
green,solar,imports,Southern Africa and Indian Ocean,EU,2022–24,0.01519813533333333,1.9399368495207434
green,solar,imports,Southern Africa and Indian Ocean,GCC,2019–21,4.749526666666666e-4,0.13994031863003484
green,solar,imports,Southern Africa and Indian Ocean,GCC,2022–24,0.002826357,0.36076492108708913
green,solar,imports,Southern Africa and Indian Ocean,IND,2019–21,0.005545480666666667,1.6339235168347264
green,solar,imports,Southern Africa and Indian Ocean,IND,2022–24,0.004800323,0.6127280270282696
green,solar,imports,Southern Africa and Indian Ocean,IRN,2019–21,0,0
green,solar,imports,Southern Africa and Indian Ocean,IRN,2022–24,4.5e-8,5.743938734179374e-6
green,solar,imports,Southern Africa and Indian Ocean,ISR,2019–21,3.5767e-5,0.010538408830438802
green,solar,imports,Southern Africa and Indian Ocean,ISR,2022–24,7.419133333333333e-5,0.009470010517194368
green,solar,imports,Southern Africa and Indian Ocean,JPN,2019–21,9.787066666666666e-5,0.028836667817846967
green,solar,imports,Southern Africa and Indian Ocean,JPN,2022–24,4.6689e-5,0.005959527901335573
green,solar,imports,Southern Africa and Indian Ocean,KOR,2019–21,0.01175596633333333,3.4637844778019184
green,solar,imports,Southern Africa and Indian Ocean,KOR,2022–24,0.01403568666666667,1.7915583178993704
green,solar,imports,Southern Africa and Indian Ocean,RUS,2019–21,2.134966666666667e-5,0.006290477695275672
green,solar,imports,Southern Africa and Indian Ocean,RUS,2022–24,0.012914697,1.6484717408553369
green,solar,imports,Southern Africa and Indian Ocean,TUR,2019–21,1.051266666666667e-5,0.003097457970516389
green,solar,imports,Southern Africa and Indian Ocean,TUR,2022–24,1.03958e-4,0.013269519620618208
green,solar,imports,Southern Africa and Indian Ocean,USA,2019–21,0.001563348,0.4606257267383018
green,solar,imports,Southern Africa and Indian Ocean,USA,2022–24,0.002390989666666667,0.3051932924308733
green,solar,imports,Southern Africa and Indian Ocean,other,2019–21,0.02959797966666667,8.720765238413849
green,solar,imports,Southern Africa and Indian Ocean,other,2022–24,0.060555286,7.729463395882444
green,wind,exports,Africa,CHN,2019–21,4.652666666666667e-6,0.33020734835550447
green,wind,exports,Africa,CHN,2022–24,0,0
green,wind,exports,Africa,EU,2019–21,0.001243622,88.26188343098634
green,wind,exports,Africa,EU,2022–24,3.470233333333333e-4,13.843036636237969
green,wind,exports,Africa,GCC,2019–21,0,0
green,wind,exports,Africa,GCC,2022–24,0,0
green,wind,exports,Africa,IND,2019–21,2.597e-6,0.18431332934788183
green,wind,exports,Africa,IND,2022–24,8.1765e-5,3.261670849881365
green,wind,exports,Africa,IRN,2019–21,0,0
green,wind,exports,Africa,IRN,2022–24,0,0
green,wind,exports,Africa,ISR,2019–21,0,0
green,wind,exports,Africa,ISR,2022–24,0,0
green,wind,exports,Africa,JPN,2019–21,0,0
green,wind,exports,Africa,JPN,2022–24,3.534366666666666e-5,1.4098869601246293
green,wind,exports,Africa,KOR,2019–21,0,0
green,wind,exports,Africa,KOR,2022–24,0,0
green,wind,exports,Africa,RUS,2019–21,0,0
green,wind,exports,Africa,RUS,2022–24,0,0
green,wind,exports,Africa,TUR,2019–21,0,0
green,wind,exports,Africa,TUR,2022–24,1.865e-5,0.7439633259987459
green,wind,exports,Africa,USA,2019–21,3.820333333333333e-6,0.2711352929862757
green,wind,exports,Africa,USA,2022–24,2.785533333333333e-5,1.1111713905346057
green,wind,exports,Africa,other,2019–21,1.543216666666667e-4,10.952460598323983
green,wind,exports,Africa,other,2022–24,0.001996206666666667,79.63027083722271
green,wind,exports,North Africa,CHN,2019–21,0,0
green,wind,exports,North Africa,CHN,2022–24,0,0
green,wind,exports,North Africa,EU,2019–21,0.001065990666666667,95.64549008723615
green,wind,exports,North Africa,EU,2022–24,9.664066666666666e-5,6.066075239569821
green,wind,exports,North Africa,GCC,2019–21,0,0
green,wind,exports,North Africa,GCC,2022–24,0,0
green,wind,exports,North Africa,IND,2019–21,0,0
green,wind,exports,North Africa,IND,2022–24,0,0
green,wind,exports,North Africa,IRN,2019–21,0,0
green,wind,exports,North Africa,IRN,2022–24,0,0
green,wind,exports,North Africa,ISR,2019–21,0,0
green,wind,exports,North Africa,ISR,2022–24,0,0
green,wind,exports,North Africa,JPN,2019–21,0,0
green,wind,exports,North Africa,JPN,2022–24,3.4836e-5,2.1866343055613684
green,wind,exports,North Africa,KOR,2019–21,0,0
green,wind,exports,North Africa,KOR,2022–24,0,0
green,wind,exports,North Africa,RUS,2019–21,0,0
green,wind,exports,North Africa,RUS,2022–24,0,0
green,wind,exports,North Africa,TUR,2019–21,0,0
green,wind,exports,North Africa,TUR,2022–24,1.865e-5,1.1706490354437797
green,wind,exports,North Africa,USA,2019–21,0,0
green,wind,exports,North Africa,USA,2022–24,0,0
green,wind,exports,North Africa,other,2019–21,4.8532e-5,4.35450991276385
green,wind,exports,North Africa,other,2022–24,0.001443006666666667,90.57664141942506
green,wind,exports,West Africa,CHN,2019–21,0,0
green,wind,exports,West Africa,CHN,2022–24,0,0
green,wind,exports,West Africa,EU,2019–21,3.363333333333333e-7,0.9112255034769259
green,wind,exports,West Africa,EU,2022–24,8.066866666666666e-5,70.02062953350635
green,wind,exports,West Africa,GCC,2019–21,0,0
green,wind,exports,West Africa,GCC,2022–24,0,0
green,wind,exports,West Africa,IND,2019–21,0,0
green,wind,exports,West Africa,IND,2022–24,0,0
green,wind,exports,West Africa,IRN,2019–21,0,0
green,wind,exports,West Africa,IRN,2022–24,0,0
green,wind,exports,West Africa,ISR,2019–21,0,0
green,wind,exports,West Africa,ISR,2022–24,0,0
green,wind,exports,West Africa,JPN,2019–21,0,0
green,wind,exports,West Africa,JPN,2022–24,0,0
green,wind,exports,West Africa,KOR,2019–21,0,0
green,wind,exports,West Africa,KOR,2022–24,0,0
green,wind,exports,West Africa,RUS,2019–21,0,0
green,wind,exports,West Africa,RUS,2022–24,0,0
green,wind,exports,West Africa,TUR,2019–21,0,0
green,wind,exports,West Africa,TUR,2022–24,0,0
green,wind,exports,West Africa,USA,2019–21,0,0
green,wind,exports,West Africa,USA,2022–24,1.324833333333333e-5,11.499590592006848
green,wind,exports,West Africa,other,2019–21,3.657366666666667e-5,99.08877449652309
green,wind,exports,West Africa,other,2022–24,2.129e-5,18.479779874486795
green,wind,exports,Central Africa,CHN,2019–21,0,0
green,wind,exports,Central Africa,CHN,2022–24,0,0
green,wind,exports,Central Africa,EU,2019–21,4.266666666666666e-8,0.4520891463285416
green,wind,exports,Central Africa,EU,2022–24,7.366666666666667e-6,100
green,wind,exports,Central Africa,GCC,2019–21,0,0
green,wind,exports,Central Africa,GCC,2022–24,0,0
green,wind,exports,Central Africa,IND,2019–21,0,0
green,wind,exports,Central Africa,IND,2022–24,0,0
green,wind,exports,Central Africa,IRN,2019–21,0,0
green,wind,exports,Central Africa,IRN,2022–24,0,0
green,wind,exports,Central Africa,ISR,2019–21,0,0
green,wind,exports,Central Africa,ISR,2022–24,0,0
green,wind,exports,Central Africa,JPN,2019–21,0,0
green,wind,exports,Central Africa,JPN,2022–24,0,0
green,wind,exports,Central Africa,KOR,2019–21,0,0
green,wind,exports,Central Africa,KOR,2022–24,0,0
green,wind,exports,Central Africa,RUS,2019–21,0,0
green,wind,exports,Central Africa,RUS,2022–24,0,0
green,wind,exports,Central Africa,TUR,2019–21,0,0
green,wind,exports,Central Africa,TUR,2022–24,0,0
green,wind,exports,Central Africa,USA,2019–21,0,0
green,wind,exports,Central Africa,USA,2022–24,0,0
green,wind,exports,Central Africa,other,2019–21,9.395e-6,99.54791085367147
green,wind,exports,Central Africa,other,2022–24,0,0
green,wind,exports,East Africa and HoA,CHN,2019–21,0,0
green,wind,exports,East Africa and HoA,CHN,2022–24,0,0
green,wind,exports,East Africa and HoA,EU,2019–21,0,0
green,wind,exports,East Africa and HoA,EU,2022–24,5.629366666666667e-5,82.94907562034618
green,wind,exports,East Africa and HoA,GCC,2019–21,0,0
green,wind,exports,East Africa and HoA,GCC,2022–24,0,0
green,wind,exports,East Africa and HoA,IND,2019–21,0,0
green,wind,exports,East Africa and HoA,IND,2022–24,1.563333333333333e-6,2.3035816027819793
green,wind,exports,East Africa and HoA,IRN,2019–21,0,0
green,wind,exports,East Africa and HoA,IRN,2022–24,0,0
green,wind,exports,East Africa and HoA,ISR,2019–21,0,0
green,wind,exports,East Africa and HoA,ISR,2022–24,0,0
green,wind,exports,East Africa and HoA,JPN,2019–21,0,0
green,wind,exports,East Africa and HoA,JPN,2022–24,0,0
green,wind,exports,East Africa and HoA,KOR,2019–21,0,0
green,wind,exports,East Africa and HoA,KOR,2022–24,0,0
green,wind,exports,East Africa and HoA,RUS,2019–21,0,0
green,wind,exports,East Africa and HoA,RUS,2022–24,0,0
green,wind,exports,East Africa and HoA,TUR,2019–21,0,0
green,wind,exports,East Africa and HoA,TUR,2022–24,0,0
green,wind,exports,East Africa and HoA,USA,2019–21,0,0
green,wind,exports,East Africa and HoA,USA,2022–24,0,0
green,wind,exports,East Africa and HoA,other,2019–21,1.727333333333333e-6,100
green,wind,exports,East Africa and HoA,other,2022–24,1.000833333333333e-5,14.747342776871838
green,wind,exports,Southern Africa and Indian Ocean,CHN,2019–21,4.652666666666667e-6,1.8881349695907192
green,wind,exports,Southern Africa and Indian Ocean,CHN,2022–24,0,0
green,wind,exports,Southern Africa and Indian Ocean,EU,2019–21,1.772523333333333e-4,71.93215267406876
green,wind,exports,Southern Africa and Indian Ocean,EU,2022–24,1.060536666666667e-4,14.663047310485
green,wind,exports,Southern Africa and Indian Ocean,GCC,2019–21,0,0
green,wind,exports,Southern Africa and Indian Ocean,GCC,2022–24,0,0
green,wind,exports,Southern Africa and Indian Ocean,IND,2019–21,2.597e-6,1.0539088370885008
green,wind,exports,Southern Africa and Indian Ocean,IND,2022–24,8.020166666666667e-5,11.088733371278197
green,wind,exports,Southern Africa and Indian Ocean,IRN,2019–21,0,0
green,wind,exports,Southern Africa and Indian Ocean,IRN,2022–24,0,0
green,wind,exports,Southern Africa and Indian Ocean,ISR,2019–21,0,0
green,wind,exports,Southern Africa and Indian Ocean,ISR,2022–24,0,0
green,wind,exports,Southern Africa and Indian Ocean,JPN,2019–21,0,0
green,wind,exports,Southern Africa and Indian Ocean,JPN,2022–24,5.076666666666666e-7,0.07019031576424717
green,wind,exports,Southern Africa and Indian Ocean,KOR,2019–21,0,0
green,wind,exports,Southern Africa and Indian Ocean,KOR,2022–24,0,0
green,wind,exports,Southern Africa and Indian Ocean,RUS,2019–21,0,0
green,wind,exports,Southern Africa and Indian Ocean,RUS,2022–24,0,0
green,wind,exports,Southern Africa and Indian Ocean,TUR,2019–21,0,0
green,wind,exports,Southern Africa and Indian Ocean,TUR,2022–24,0,0
green,wind,exports,Southern Africa and Indian Ocean,USA,2019–21,3.820333333333333e-6,1.5503592840291756
green,wind,exports,Southern Africa and Indian Ocean,USA,2022–24,1.4607e-5,2.0195730972456176
green,wind,exports,Southern Africa and Indian Ocean,other,2019–21,5.809366666666667e-5,23.57544423522282
green,wind,exports,Southern Africa and Indian Ocean,other,2022–24,5.219016666666667e-4,72.15845590522694
green,wind,imports,Africa,CHN,2019–21,0.051938939,27.267440333821746
green,wind,imports,Africa,CHN,2022–24,0.1649239726666667,73.86315451179276
green,wind,imports,Africa,EU,2019–21,0.11959222,62.7847581414646
green,wind,imports,Africa,EU,2022–24,0.053196156,23.824528517773096
green,wind,imports,Africa,GCC,2019–21,1.010473333333333e-4,0.05304887211035371
green,wind,imports,Africa,GCC,2022–24,1.83401e-4,0.0821383100442089
green,wind,imports,Africa,IND,2019–21,0.01541080233333333,8.090522086338488
green,wind,imports,Africa,IND,2022–24,0.003031529666666667,1.3577064665344463
green,wind,imports,Africa,IRN,2019–21,0,0
green,wind,imports,Africa,IRN,2022–24,0,0
green,wind,imports,Africa,ISR,2019–21,0,0
green,wind,imports,Africa,ISR,2022–24,0,0
green,wind,imports,Africa,JPN,2019–21,4.62e-7,2.4254552897635517e-4
green,wind,imports,Africa,JPN,2022–24,0,0
green,wind,imports,Africa,KOR,2019–21,2.128666666666667e-6,0.0011175293997424277
green,wind,imports,Africa,KOR,2022–24,3.1432e-5,0.01407719347936802
green,wind,imports,Africa,RUS,2019–21,0,0
green,wind,imports,Africa,RUS,2022–24,0,0
green,wind,imports,Africa,TUR,2019–21,2.214633333333333e-5,0.01162661067796541
green,wind,imports,Africa,TUR,2022–24,5.3672e-5,0.02403764088905066
green,wind,imports,Africa,USA,2019–21,6.160333333333333e-5,0.032341153831255555
green,wind,imports,Africa,USA,2022–24,2.232646666666667e-4,0.09999172530457097
green,wind,imports,Africa,other,2019–21,0.003350352666666667,1.7589027268268596
green,wind,imports,Africa,other,2022–24,0.001639714666666667,0.7343656341824928
green,wind,imports,North Africa,CHN,2019–21,4.1621e-5,0.13928567819106186
green,wind,imports,North Africa,CHN,2022–24,0.07587235433333334,60.50133286724929
green,wind,imports,North Africa,EU,2019–21,0.02983206533333333,99.83372460520889
green,wind,imports,North Africa,EU,2022–24,0.04900563833333333,39.07755945138038
green,wind,imports,North Africa,GCC,2019–21,0,0
green,wind,imports,North Africa,GCC,2022–24,0,0
green,wind,imports,North Africa,IND,2019–21,0,0
green,wind,imports,North Africa,IND,2022–24,1.848233333333333e-5,0.014737987386694164
green,wind,imports,North Africa,IRN,2019–21,0,0
green,wind,imports,North Africa,IRN,2022–24,0,0
green,wind,imports,North Africa,ISR,2019–21,0,0
green,wind,imports,North Africa,ISR,2022–24,0,0
green,wind,imports,North Africa,JPN,2019–21,0,0
green,wind,imports,North Africa,JPN,2022–24,0,0
green,wind,imports,North Africa,KOR,2019–21,4.383333333333334e-7,0.001466893049352061
green,wind,imports,North Africa,KOR,2022–24,0,0
green,wind,imports,North Africa,RUS,2019–21,0,0
green,wind,imports,North Africa,RUS,2022–24,0,0
green,wind,imports,North Africa,TUR,2019–21,1.029666666666667e-6,0.0034458042809494428
green,wind,imports,North Africa,TUR,2022–24,2.3028e-5,0.01836274497488376
green,wind,imports,North Africa,USA,2019–21,0,0
green,wind,imports,North Africa,USA,2022–24,1.143376666666667e-4,0.09117393668678427
green,wind,imports,North Africa,other,2019–21,6.597e-6,0.02207701926975409
green,wind,imports,North Africa,other,2022–24,3.722466666666667e-4,0.29683301232198034
green,wind,imports,West Africa,CHN,2019–21,0.003494945,21.60108216016941
green,wind,imports,West Africa,CHN,2022–24,1.196723333333333e-4,21.552576491514746
green,wind,imports,West Africa,EU,2019–21,0.012529435,77.44023292369471
green,wind,imports,West Africa,EU,2022–24,2.591433333333334e-4,46.67082489630942
green,wind,imports,West Africa,GCC,2019–21,9.065e-6,0.056027722834532646
green,wind,imports,West Africa,GCC,2022–24,4.626666666666667e-7,0.08332467869271505
green,wind,imports,West Africa,IND,2019–21,2.5917e-5,0.1601842793935557
green,wind,imports,West Africa,IND,2022–24,3.027666666666667e-6,0.5452723750475006
green,wind,imports,West Africa,IRN,2019–21,0,0
green,wind,imports,West Africa,IRN,2022–24,0,0
green,wind,imports,West Africa,ISR,2019–21,0,0
green,wind,imports,West Africa,ISR,2022–24,0,0
green,wind,imports,West Africa,JPN,2019–21,4.62e-7,0.002855466955273478
green,wind,imports,West Africa,JPN,2022–24,0,0
green,wind,imports,West Africa,KOR,2019–21,0,0
green,wind,imports,West Africa,KOR,2022–24,1.954666666666667e-6,0.3520287578199432
green,wind,imports,West Africa,RUS,2019–21,0,0
green,wind,imports,West Africa,RUS,2022–24,0,0
green,wind,imports,West Africa,TUR,2019–21,3.893333333333333e-7,0.0024063386751510983
green,wind,imports,West Africa,TUR,2022–24,1.394666666666667e-5,2.511746798633428
green,wind,imports,West Africa,USA,2019–21,3.435533333333333e-5,0.2123387858673999
green,wind,imports,West Africa,USA,2022–24,0,0
green,wind,imports,West Africa,other,2019–21,8.492166666666666e-5,0.524872322409991
green,wind,imports,West Africa,other,2022–24,1.570503333333333e-4,28.284226001982262
green,wind,imports,Central Africa,CHN,2019–21,2.495233333333333e-5,11.25997659467574
green,wind,imports,Central Africa,CHN,2022–24,9.214e-6,4.619966706556402
green,wind,imports,Central Africa,EU,2019–21,1.280546666666667e-4,57.78588039217457
green,wind,imports,Central Africa,EU,2022–24,1.401236666666667e-4,70.25902700245355
green,wind,imports,Central Africa,GCC,2019–21,4.368233333333333e-5,19.712066377258928
green,wind,imports,Central Africa,GCC,2022–24,2.694e-6,1.3507912206927442
green,wind,imports,Central Africa,IND,2019–21,0,0
green,wind,imports,Central Africa,IND,2022–24,5.689e-6,2.852506033600973
green,wind,imports,Central Africa,IRN,2019–21,0,0
green,wind,imports,Central Africa,IRN,2022–24,0,0
green,wind,imports,Central Africa,ISR,2019–21,0,0
green,wind,imports,Central Africa,ISR,2022–24,0,0
green,wind,imports,Central Africa,JPN,2019–21,0,0
green,wind,imports,Central Africa,JPN,2022–24,0,0
green,wind,imports,Central Africa,KOR,2019–21,0,0
green,wind,imports,Central Africa,KOR,2022–24,0,0
green,wind,imports,Central Africa,RUS,2019–21,0,0
green,wind,imports,Central Africa,RUS,2022–24,0,0
green,wind,imports,Central Africa,TUR,2019–21,3.566666666666667e-6,1.6094920924299723
green,wind,imports,Central Africa,TUR,2022–24,0,0
green,wind,imports,Central Africa,USA,2019–21,1.1171e-5,5.041019485383706
green,wind,imports,Central Africa,USA,2022–24,1.384666666666667e-6,0.6942819513434373
green,wind,imports,Central Africa,other,2019–21,1.0175e-5,4.5915650580770935
green,wind,imports,Central Africa,other,2022–24,4.033333333333334e-5,20.223427085352892
green,wind,imports,East Africa and HoA,CHN,2019–21,0.02182814566666667,95.57325149579225
green,wind,imports,East Africa and HoA,CHN,2022–24,3.396263333333333e-4,56.66331874037888
green,wind,imports,East Africa and HoA,EU,2019–21,9.08538e-4,3.9779801772206156
green,wind,imports,East Africa and HoA,EU,2022–24,5.268166666666667e-5,8.789418773302012
green,wind,imports,East Africa and HoA,GCC,2019–21,2.432133333333333e-5,0.10648952700225527
green,wind,imports,East Africa and HoA,GCC,2022–24,2.9377e-5,4.901263981207122
green,wind,imports,East Africa and HoA,IND,2019–21,0,0
green,wind,imports,East Africa and HoA,IND,2022–24,8.514666666666667e-6,1.4205885231752133
green,wind,imports,East Africa and HoA,IRN,2019–21,0,0
green,wind,imports,East Africa and HoA,IRN,2022–24,0,0
green,wind,imports,East Africa and HoA,ISR,2019–21,0,0
green,wind,imports,East Africa and HoA,ISR,2022–24,0,0
green,wind,imports,East Africa and HoA,JPN,2019–21,0,0
green,wind,imports,East Africa and HoA,JPN,2022–24,0,0
green,wind,imports,East Africa and HoA,KOR,2019–21,0,0
green,wind,imports,East Africa and HoA,KOR,2022–24,0,0
green,wind,imports,East Africa and HoA,RUS,2019–21,0,0
green,wind,imports,East Africa and HoA,RUS,2022–24,0,0
green,wind,imports,East Africa and HoA,TUR,2019–21,0,0
green,wind,imports,East Africa and HoA,TUR,2022–24,2.197333333333334e-6,0.3666034898516681
green,wind,imports,East Africa and HoA,USA,2019–21,0,0
green,wind,imports,East Africa and HoA,USA,2022–24,5.058666666666667e-6,0.8439888595250171
green,wind,imports,East Africa and HoA,other,2019–21,7.817366666666667e-5,0.34227879998486804
green,wind,imports,East Africa and HoA,other,2022–24,1.619203333333333e-4,27.014817632560078
green,wind,imports,Southern Africa and Indian Ocean,CHN,2019–21,0.026549275,21.87688092409634
green,wind,imports,Southern Africa and Indian Ocean,CHN,2022–24,0.08858310566666666,91.77410696752571
green,wind,imports,Southern Africa and Indian Ocean,EU,2019–21,0.076194127,62.78475941412614
green,wind,imports,Southern Africa and Indian Ocean,EU,2022–24,0.003738569,3.873242292978036
green,wind,imports,Southern Africa and Indian Ocean,GCC,2019–21,2.397866666666667e-5,0.019758672708963424
green,wind,imports,Southern Africa and Indian Ocean,GCC,2022–24,1.508673333333333e-4,0.1563019797402379
green,wind,imports,Southern Africa and Indian Ocean,IND,2019–21,0.01538488533333333,12.67730679908244
green,wind,imports,Southern Africa and Indian Ocean,IND,2022–24,0.002995816,3.1037333357175667
green,wind,imports,Southern Africa and Indian Ocean,IRN,2019–21,0,0
green,wind,imports,Southern Africa and Indian Ocean,IRN,2022–24,0,0
green,wind,imports,Southern Africa and Indian Ocean,ISR,2019–21,0,0
green,wind,imports,Southern Africa and Indian Ocean,ISR,2022–24,0,0
green,wind,imports,Southern Africa and Indian Ocean,JPN,2019–21,0,0
green,wind,imports,Southern Africa and Indian Ocean,JPN,2022–24,0,0
green,wind,imports,Southern Africa and Indian Ocean,KOR,2019–21,1.690333333333333e-6,0.0013928523869433033
green,wind,imports,Southern Africa and Indian Ocean,KOR,2022–24,2.947733333333333e-5,0.03053918602301519
green,wind,imports,Southern Africa and Indian Ocean,RUS,2019–21,0,0
green,wind,imports,Southern Africa and Indian Ocean,RUS,2022–24,0,0
green,wind,imports,Southern Africa and Indian Ocean,TUR,2019–21,1.716066666666667e-5,0.014140569233803033
green,wind,imports,Southern Africa and Indian Ocean,TUR,2022–24,1.45e-5,0.015022328930716944
green,wind,imports,Southern Africa and Indian Ocean,USA,2019–21,1.6077e-5,0.013247616540063591
green,wind,imports,Southern Africa and Indian Ocean,USA,2022–24,1.024836666666667e-4,0.1061754034960427
green,wind,imports,Southern Africa and Indian Ocean,other,2019–21,0.003170485333333333,2.612513151825322
green,wind,imports,Southern Africa and Indian Ocean,other,2022–24,9.08164e-4,0.9408785055886638
hitech,aerospace,exports,Africa,CHN,2019–21,0.003555777,0.44184487908088454
hitech,aerospace,exports,Africa,CHN,2022–24,0.0033575443333333332,0.5726685278243774
hitech,aerospace,exports,Africa,EU,2019–21,0.282834112,35.145287237245014
hitech,aerospace,exports,Africa,EU,2022–24,0.20155131866666667,34.37693906108819
hitech,aerospace,exports,Africa,GCC,2019–21,0.023558066666666665,2.9273520577113668
hitech,aerospace,exports,Africa,GCC,2022–24,0.021938459,3.7418612447010022
hitech,aerospace,exports,Africa,IND,2019–21,0.0044508383333333335,0.55306621455739
hitech,aerospace,exports,Africa,IND,2022–24,6.966083333333333e-4,0.11881471370599718
hitech,aerospace,exports,Africa,IRN,2019–21,0,0
hitech,aerospace,exports,Africa,IRN,2022–24,0.0012438216666666667,0.2121483596372657
hitech,aerospace,exports,Africa,ISR,2019–21,0.0058337676666666664,0.7249105805184936
hitech,aerospace,exports,Africa,ISR,2022–24,0.0035484336666666665,0.6052269403558506
hitech,aerospace,exports,Africa,JPN,2019–21,0.016837952666666666,2.0923030774913585
hitech,aerospace,exports,Africa,JPN,2022–24,1.3494066666666667e-4,0.0230157118571599
hitech,aerospace,exports,Africa,KOR,2019–21,1.4192166666666665e-4,0.017635347111838267
hitech,aerospace,exports,Africa,KOR,2022–24,4.0234466666666665e-4,0.06862459734351183
hitech,aerospace,exports,Africa,RUS,2019–21,0.0037066626666666666,0.4605941029898563
hitech,aerospace,exports,Africa,RUS,2022–24,1.27781e-4,0.02179454681430171
hitech,aerospace,exports,Africa,TUR,2019–21,0.0015570166666666666,0.1934766552599489
hitech,aerospace,exports,Africa,TUR,2022–24,0.001919979,0.32747491566020137
hitech,aerospace,exports,Africa,USA,2019–21,0.09569848433333333,11.891602099480815
hitech,aerospace,exports,Africa,USA,2022–24,0.05648917666666667,9.634890988198768
hitech,aerospace,exports,Africa,other,2019–21,0.366582266,45.551927748553034
hitech,aerospace,exports,Africa,other,2022–24,0.2948876286666667,50.296540392813384
hitech,aerospace,exports,North Africa,CHN,2019–21,0.003171680666666667,1.7026595892433383
hitech,aerospace,exports,North Africa,CHN,2022–24,0.0029029563333333335,1.724015795967657
hitech,aerospace,exports,North Africa,EU,2019–21,0.086481658,46.426119071475306
hitech,aerospace,exports,North Africa,EU,2022–24,0.11429811466666667,67.8796828157557
hitech,aerospace,exports,North Africa,GCC,2019–21,0.012095686,6.493350977234698
hitech,aerospace,exports,North Africa,GCC,2022–24,3.304056666666667e-4,0.19622223795439717
hitech,aerospace,exports,North Africa,IND,2019–21,4.6466666666666665e-6,0.0024944792334129617
hitech,aerospace,exports,North Africa,IND,2022–24,1.34362e-4,0.07979527894304289
hitech,aerospace,exports,North Africa,IRN,2019–21,0,0
hitech,aerospace,exports,North Africa,IRN,2022–24,0,0
hitech,aerospace,exports,North Africa,ISR,2019–21,5.343666666666667e-6,0.002868651118424906
hitech,aerospace,exports,North Africa,ISR,2022–24,4.7133333333333335e-7,2.7991675331185567e-4
hitech,aerospace,exports,North Africa,JPN,2019–21,0.016722080666666667,8.97694755289592
hitech,aerospace,exports,North Africa,JPN,2022–24,3.6414e-5,0.021625647783093165
hitech,aerospace,exports,North Africa,KOR,2019–21,7.493166666666667e-5,0.0402257144386705
hitech,aerospace,exports,North Africa,KOR,2022–24,1.0884966666666667e-4,0.06464394333609134
hitech,aerospace,exports,North Africa,RUS,2019–21,6.672783333333334e-4,0.35821634406163816
hitech,aerospace,exports,North Africa,RUS,2022–24,2.1317333333333333e-5,0.012659997318104521
hitech,aerospace,exports,North Africa,TUR,2019–21,5.90188e-4,0.31683178833777526
hitech,aerospace,exports,North Africa,TUR,2022–24,3.232963333333333e-4,0.19200012726512192
hitech,aerospace,exports,North Africa,USA,2019–21,0.045266235333333335,24.300362413296426
hitech,aerospace,exports,North Africa,USA,2022–24,0.009293888,5.519480101705832
hitech,aerospace,exports,North Africa,other,2019–21,0.021198296666666668,11.379923418664392
hitech,aerospace,exports,North Africa,other,2022–24,0.04093332,24.309594137217637
hitech,aerospace,exports,West Africa,CHN,2019–21,3.302956666666667e-4,0.23281587812056462
hitech,aerospace,exports,West Africa,CHN,2022–24,1.21745e-4,0.2473208733704601
hitech,aerospace,exports,West Africa,EU,2019–21,0.020659081666666666,14.561990134261901
hitech,aerospace,exports,West Africa,EU,2022–24,0.015014251,30.500945996330884
hitech,aerospace,exports,West Africa,GCC,2019–21,3.3153333333333332e-6,0.002336882736161778
hitech,aerospace,exports,West Africa,GCC,2022–24,2.2596966666666666e-4,0.4590497787607848
hitech,aerospace,exports,West Africa,IND,2019–21,9e-7,6.343840124308064e-4
hitech,aerospace,exports,West Africa,IND,2022–24,6.441333333333333e-6,0.013085352052817422
hitech,aerospace,exports,West Africa,IRN,2019–21,0,0
hitech,aerospace,exports,West Africa,IRN,2022–24,0,0
hitech,aerospace,exports,West Africa,ISR,2019–21,1.26761e-4,0.08935016866637939
hitech,aerospace,exports,West Africa,ISR,2022–24,0.0011652973333333334,2.3672623451991304
hitech,aerospace,exports,West Africa,JPN,2019–21,0,0
hitech,aerospace,exports,West Africa,JPN,2022–24,6.503333333333333e-7,0.0013211302967836259
hitech,aerospace,exports,West Africa,KOR,2019–21,1.4163e-5,0.009983089742286124
hitech,aerospace,exports,West Africa,KOR,2022–24,0,0
hitech,aerospace,exports,West Africa,RUS,2019–21,0.0012987493333333332,0.9154509035798165
hitech,aerospace,exports,West Africa,RUS,2022–24,0,0
hitech,aerospace,exports,West Africa,TUR,2019–21,1.3693e-5,0.009651800313572259
hitech,aerospace,exports,West Africa,TUR,2022–24,0.0010211636666666666,2.074459648397728
hitech,aerospace,exports,West Africa,USA,2019–21,0.0072330856666666665,5.098393230528616
hitech,aerospace,exports,West Africa,USA,2022–24,0.007971458,16.19374885700391
hitech,aerospace,exports,West Africa,other,2019–21,0.112189861,79.07939352803827
hitech,aerospace,exports,West Africa,other,2022–24,0.023698549333333332,48.1428060185875
hitech,aerospace,exports,Central Africa,CHN,2019–21,3.91e-7,5.979501748051007e-4
hitech,aerospace,exports,Central Africa,CHN,2022–24,3.82e-7,9.98999596921969e-4
hitech,aerospace,exports,Central Africa,EU,2019–21,0.030871134,47.21074161568207
hitech,aerospace,exports,Central Africa,EU,2022–24,0.021604883666666668,56.5007070014294
hitech,aerospace,exports,Central Africa,GCC,2019–21,9.2698e-5,0.1417615992431796
hitech,aerospace,exports,Central Africa,GCC,2022–24,3.4607e-5,0.09050361008031041
hitech,aerospace,exports,Central Africa,IND,2019–21,0,0
hitech,aerospace,exports,Central Africa,IND,2022–24,4.703333333333333e-6,0.012300073571177121
hitech,aerospace,exports,Central Africa,IRN,2019–21,0,0
hitech,aerospace,exports,Central Africa,IRN,2022–24,0,0
hitech,aerospace,exports,Central Africa,ISR,2019–21,0,0
hitech,aerospace,exports,Central Africa,ISR,2022–24,0,0
hitech,aerospace,exports,Central Africa,JPN,2019–21,3.684466666666667e-5,0.056345971544677756
hitech,aerospace,exports,Central Africa,JPN,2022–24,0,0
hitech,aerospace,exports,Central Africa,KOR,2019–21,0,0
hitech,aerospace,exports,Central Africa,KOR,2022–24,0,0
hitech,aerospace,exports,Central Africa,RUS,2019–21,1.2674e-5,0.019382149655958688
hitech,aerospace,exports,Central Africa,RUS,2022–24,0,0
hitech,aerospace,exports,Central Africa,TUR,2019–21,0,0
hitech,aerospace,exports,Central Africa,TUR,2022–24,0,0
hitech,aerospace,exports,Central Africa,USA,2019–21,0.0017408183333333333,2.6622062064465237
hitech,aerospace,exports,Central Africa,USA,2022–24,3.0495733333333334e-4,0.7975189871162265
hitech,aerospace,exports,Central Africa,other,2019–21,0.03263550366666667,49.90896450725278
hitech,aerospace,exports,Central Africa,other,2022–24,0.016288720333333333,42.59797132820597
hitech,aerospace,exports,East Africa and HoA,CHN,2019–21,1.1967333333333333e-5,0.012009043262483022
hitech,aerospace,exports,East Africa and HoA,CHN,2022–24,7.788e-6,0.014228768587166348
hitech,aerospace,exports,East Africa and HoA,EU,2019–21,0.015580074,15.63437546922346
hitech,aerospace,exports,East Africa and HoA,EU,2022–24,0.022199705666666666,40.559126172856374
hitech,aerospace,exports,East Africa and HoA,GCC,2019–21,1.6834366666666667e-4,0.16893039741226293
hitech,aerospace,exports,East Africa and HoA,GCC,2022–24,1.2976333333333333e-5,0.023707915268352968
hitech,aerospace,exports,East Africa and HoA,IND,2019–21,0.0024132416666666667,2.4216525746053112
hitech,aerospace,exports,East Africa and HoA,IND,2022–24,8.9124e-5,0.16283060754527653
hitech,aerospace,exports,East Africa and HoA,IRN,2019–21,0,0
hitech,aerospace,exports,East Africa and HoA,IRN,2022–24,0,0
hitech,aerospace,exports,East Africa and HoA,ISR,2019–21,0.001757656,1.763781985228917
hitech,aerospace,exports,East Africa and HoA,ISR,2022–24,6.89161e-4,1.259105340048812
hitech,aerospace,exports,East Africa and HoA,JPN,2019–21,0,0
hitech,aerospace,exports,East Africa and HoA,JPN,2022–24,1.1007e-5,0.0201099198560529
hitech,aerospace,exports,East Africa and HoA,KOR,2019–21,0,0
hitech,aerospace,exports,East Africa and HoA,KOR,2022–24,5.021333333333333e-6,0.009174035695817234
hitech,aerospace,exports,East Africa and HoA,RUS,2019–21,9.631163333333333e-4,0.9664730973598145
hitech,aerospace,exports,East Africa and HoA,RUS,2022–24,3.298166666666667e-5,0.060257897100546756
hitech,aerospace,exports,East Africa and HoA,TUR,2019–21,3.051e-6,0.003061633696771965
hitech,aerospace,exports,East Africa and HoA,TUR,2022–24,0,0
hitech,aerospace,exports,East Africa and HoA,USA,2019–21,0.005909927666666667,5.930525627581639
hitech,aerospace,exports,East Africa and HoA,USA,2022–24,0.0017979313333333334,3.284841920597771
hitech,aerospace,exports,East Africa and HoA,other,2019–21,0.07284530133333333,73.09919017162933
hitech,aerospace,exports,East Africa and HoA,other,2022–24,0.029888485,54.60661742244384
hitech,aerospace,exports,Southern Africa and Indian Ocean,CHN,2019–21,4.1442333333333335e-5,0.01330129341429669
hitech,aerospace,exports,Southern Africa and Indian Ocean,CHN,2022–24,3.24673e-4,0.11775602390376959
hitech,aerospace,exports,Southern Africa and Indian Ocean,EU,2019–21,0.12924216433333333,41.48144689318693
hitech,aerospace,exports,Southern Africa and Indian Ocean,EU,2022–24,0.028434363666666667,10.312892071778306
hitech,aerospace,exports,Southern Africa and Indian Ocean,GCC,2019–21,0.011198023666666666,3.594107437255909
hitech,aerospace,exports,Southern Africa and Indian Ocean,GCC,2022–24,0.021334500333333332,7.737834471073912
hitech,aerospace,exports,Southern Africa and Indian Ocean,IND,2019–21,0.00203205,0.6522049100160444
hitech,aerospace,exports,Southern Africa and Indian Ocean,IND,2022–24,4.6197766666666667e-4,0.16755521142505753
hitech,aerospace,exports,Southern Africa and Indian Ocean,IRN,2019–21,0,0
hitech,aerospace,exports,Southern Africa and Indian Ocean,IRN,2022–24,0.0012438216666666667,0.4511231112905185
hitech,aerospace,exports,Southern Africa and Indian Ocean,ISR,2019–21,0.003944007,1.2658648805578847
hitech,aerospace,exports,Southern Africa and Indian Ocean,ISR,2022–24,0.001693504,0.6142189141232238
hitech,aerospace,exports,Southern Africa and Indian Ocean,JPN,2019–21,7.902733333333333e-5,0.025364540648839654
hitech,aerospace,exports,Southern Africa and Indian Ocean,JPN,2022–24,8.686933333333333e-5,0.03150673844916125
hitech,aerospace,exports,Southern Africa and Indian Ocean,KOR,2019–21,5.2827e-5,0.016955305618177496
hitech,aerospace,exports,Southern Africa and Indian Ocean,KOR,2022–24,2.8847366666666667e-4,0.10462684605005056
hitech,aerospace,exports,Southern Africa and Indian Ocean,RUS,2019–21,7.648446666666666e-4,0.24548384488550226
hitech,aerospace,exports,Southern Africa and Indian Ocean,RUS,2022–24,7.3482e-5,0.02665127112047136
hitech,aerospace,exports,Southern Africa and Indian Ocean,TUR,2019–21,9.500846666666667e-4,0.30493830591321913
hitech,aerospace,exports,Southern Africa and Indian Ocean,TUR,2022–24,5.75519e-4,0.208735648240148
hitech,aerospace,exports,Southern Africa and Indian Ocean,USA,2019–21,0.03554841733333333,11.409587523977983
hitech,aerospace,exports,Southern Africa and Indian Ocean,USA,2022–24,0.037120942,13.463437161336007
hitech,aerospace,exports,Southern Africa and Indian Ocean,other,2019–21,0.12771330333333333,40.990745064525214
hitech,aerospace,exports,Southern Africa and Indian Ocean,other,2022–24,0.184078554,66.76366253120938
hitech,aerospace,imports,Africa,CHN,2019–21,0.041533252,0.9004022375226147
hitech,aerospace,imports,Africa,CHN,2022–24,0.15844612966666666,3.619513797560106
hitech,aerospace,imports,Africa,EU,2019–21,2.133083724,46.2432693185853
hitech,aerospace,imports,Africa,EU,2022–24,2.1388499346666667,48.85948849443674
hitech,aerospace,imports,Africa,GCC,2019–21,0.051958551666666665,1.126413028748653
hitech,aerospace,imports,Africa,GCC,2022–24,0.057116830333333334,1.3047662060242282
hitech,aerospace,imports,Africa,IND,2019–21,0.005806057,0.12586991054742933
hitech,aerospace,imports,Africa,IND,2022–24,0.006923217666666667,0.15815269152190367
hitech,aerospace,imports,Africa,IRN,2019–21,0,0
hitech,aerospace,imports,Africa,IRN,2022–24,1.1413833333333333e-4,0.002607354772247406
hitech,aerospace,imports,Africa,ISR,2019–21,0.014525637666666667,0.3149023018113159
hitech,aerospace,imports,Africa,ISR,2022–24,0.020531102666666665,0.46900867529840784
hitech,aerospace,imports,Africa,JPN,2019–21,0.008695181666666666,0.18850344365840377
hitech,aerospace,imports,Africa,JPN,2022–24,0.004175273333333333,0.09537916432782442
hitech,aerospace,imports,Africa,KOR,2019–21,0.010510633666666666,0.22786075290341318
hitech,aerospace,imports,Africa,KOR,2022–24,5.34694e-4,0.012214449886179528
hitech,aerospace,imports,Africa,RUS,2019–21,0.07154837333333333,1.5511021251222206
hitech,aerospace,imports,Africa,RUS,2022–24,0.037774991,0.8629248402270883
hitech,aerospace,imports,Africa,TUR,2019–21,0.08712444,1.888776749745115
hitech,aerospace,imports,Africa,TUR,2022–24,0.122407291,2.7962492970231465
hitech,aerospace,imports,Africa,USA,2019–21,0.6391726716666667,13.856668476910365
hitech,aerospace,imports,Africa,USA,2022–24,0.735160115,16.79386038179871
hitech,aerospace,imports,Africa,other,2019–21,1.5487856786666667,33.576231654445174
hitech,aerospace,imports,Africa,other,2022–24,1.0955191396666666,25.025834647123425
hitech,aerospace,imports,North Africa,CHN,2019–21,0.0012328086666666667,0.08045646568762016
hitech,aerospace,imports,North Africa,CHN,2022–24,0.0043818143333333335,0.22175082271991067
hitech,aerospace,imports,North Africa,EU,2019–21,0.830300477,54.18768024951572
hitech,aerospace,imports,North Africa,EU,2022–24,1.2651020156666666,64.02311724269025
hitech,aerospace,imports,North Africa,GCC,2019–21,0.010986489666666667,0.7170083669865722
hitech,aerospace,imports,North Africa,GCC,2022–24,0.01798301,0.9100676019394053
hitech,aerospace,imports,North Africa,IND,2019–21,0.0036917393333333335,0.24093300690615765
hitech,aerospace,imports,North Africa,IND,2022–24,2.0120466666666666e-4,0.010182380396404758
hitech,aerospace,imports,North Africa,IRN,2019–21,0,0
hitech,aerospace,imports,North Africa,IRN,2022–24,0,0
hitech,aerospace,imports,North Africa,ISR,2019–21,0.006322944333333334,0.41265264233992976
hitech,aerospace,imports,North Africa,ISR,2022–24,0.001161025,0.0587560835222634
hitech,aerospace,imports,North Africa,JPN,2019–21,0.002896876,0.18905805158353067
hitech,aerospace,imports,North Africa,JPN,2022–24,0.0021823013333333334,0.11043989527536455
hitech,aerospace,imports,North Africa,KOR,2019–21,2.8160133333333335e-4,0.01837807327732507
hitech,aerospace,imports,North Africa,KOR,2022–24,7.727733333333333e-5,0.0039107800880352475
hitech,aerospace,imports,North Africa,RUS,2019–21,0.048320489,3.1535272831503405
hitech,aerospace,imports,North Africa,RUS,2022–24,0.0011405306666666666,0.0577189251828078
hitech,aerospace,imports,North Africa,TUR,2019–21,0.061907118,4.040227855190115
hitech,aerospace,imports,North Africa,TUR,2022–24,0.006847262666666667,0.34651996050174866
hitech,aerospace,imports,North Africa,USA,2019–21,0.264655716,17.27215593881279
hitech,aerospace,imports,North Africa,USA,2022–24,0.38454138866666665,19.460516311247236
hitech,aerospace,imports,North Africa,other,2019–21,0.301671727,19.68792206654989
hitech,aerospace,imports,North Africa,other,2022–24,0.2923903213333333,14.79701999643657
hitech,aerospace,imports,West Africa,CHN,2019–21,0.023991385333333334,4.006142584282405
hitech,aerospace,imports,West Africa,CHN,2022–24,0.020116016666666667,4.720714684133353
hitech,aerospace,imports,West Africa,EU,2019–21,0.16368479633333333,27.33250389169798
hitech,aerospace,imports,West Africa,EU,2022–24,0.162586702,38.15494112450428
hitech,aerospace,imports,West Africa,GCC,2019–21,8.971026666666666e-4,0.14980048652769073
hitech,aerospace,imports,West Africa,GCC,2022–24,0.0010463033333333333,0.24554063518494834
hitech,aerospace,imports,West Africa,IND,2019–21,1.5770766666666665e-4,0.026334427567354102
hitech,aerospace,imports,West Africa,IND,2022–24,2.2717433333333334e-4,0.05331200649688955
hitech,aerospace,imports,West Africa,IRN,2019–21,0,0
hitech,aerospace,imports,West Africa,IRN,2022–24,1.1413833333333333e-4,0.026785347970108765
hitech,aerospace,imports,West Africa,ISR,2019–21,8.610926666666667e-4,0.14378744507736754
hitech,aerospace,imports,West Africa,ISR,2022–24,0.004182173,0.981449052257001
hitech,aerospace,imports,West Africa,JPN,2019–21,2.607973333333333e-4,0.043548602484506795
hitech,aerospace,imports,West Africa,JPN,2022–24,9.878633333333333e-5,0.023182626167292504
hitech,aerospace,imports,West Africa,KOR,2019–21,0.009630851,1.608184011799129
hitech,aerospace,imports,West Africa,KOR,2022–24,4.321133333333333e-5,0.010140594888533151
hitech,aerospace,imports,West Africa,RUS,2019–21,0.010430947333333333,1.7417861338925738
hitech,aerospace,imports,West Africa,RUS,2022–24,4.4683333333333335e-6,0.0010486035645030384
hitech,aerospace,imports,West Africa,TUR,2019–21,8.321566666666666e-5,0.013895563815133165
hitech,aerospace,imports,West Africa,TUR,2022–24,0.09867836133333334,23.15728790006389
hitech,aerospace,imports,West Africa,USA,2019–21,0.077568854,12.95264466415075
hitech,aerospace,imports,West Africa,USA,2022–24,0.04066860966666667,9.543882669119597
hitech,aerospace,imports,West Africa,other,2019–21,0.31129823866666667,51.98137218870511
hitech,aerospace,imports,West Africa,other,2022–24,0.09835632733333333,23.081714755649603
hitech,aerospace,imports,Central Africa,CHN,2019–21,0.0019561656666666665,1.44390208467459
hitech,aerospace,imports,Central Africa,CHN,2022–24,0.012574416333333333,9.437308940661296
hitech,aerospace,imports,Central Africa,EU,2019–21,0.07235726066666667,53.40897312443512
hitech,aerospace,imports,Central Africa,EU,2022–24,0.07463170233333333,56.01233592211046
hitech,aerospace,imports,Central Africa,GCC,2019–21,0.004608595333333333,3.4017366333602563
hitech,aerospace,imports,Central Africa,GCC,2022–24,0.006909394,5.185615303503008
hitech,aerospace,imports,Central Africa,IND,2019–21,2.4101e-5,0.01778964058910261
hitech,aerospace,imports,Central Africa,IND,2022–24,2.7262666666666666e-5,0.02046108551357297
hitech,aerospace,imports,Central Africa,IRN,2019–21,0,0
hitech,aerospace,imports,Central Africa,IRN,2022–24,0,0
hitech,aerospace,imports,Central Africa,ISR,2019–21,5.84877e-4,0.4317145188511915
hitech,aerospace,imports,Central Africa,ISR,2022–24,7.50363e-4,0.5631599321130663
hitech,aerospace,imports,Central Africa,JPN,2019–21,1.7992e-5,0.01328041216045534
hitech,aerospace,imports,Central Africa,JPN,2022–24,1.6075e-5,0.012064555300191428
hitech,aerospace,imports,Central Africa,KOR,2019–21,2.287e-6,0.0016881004119031436
hitech,aerospace,imports,Central Africa,KOR,2022–24,1.37e-7,1.0282078234066722e-4
hitech,aerospace,imports,Central Africa,RUS,2019–21,0.007154447333333334,5.280903144004962
hitech,aerospace,imports,Central Africa,RUS,2022–24,2.2804333333333335e-5,0.017115032073654664
hitech,aerospace,imports,Central Africa,TUR,2019–21,3.1451933333333335e-4,0.23215575695299612
hitech,aerospace,imports,Central Africa,TUR,2022–24,0.013391182666666666,10.05030568068211
hitech,aerospace,imports,Central Africa,USA,2019–21,0.012413805666666666,9.162986645905368
hitech,aerospace,imports,Central Africa,USA,2022–24,0.007251329333333333,5.442243467614323
hitech,aerospace,imports,Central Africa,other,2019–21,0.036043672,26.604869938654048
hitech,aerospace,imports,Central Africa,other,2022–24,0.017666879333333333,13.259287259645976
hitech,aerospace,imports,East Africa and HoA,CHN,2019–21,0.008281852,0.5741760862118684
hitech,aerospace,imports,East Africa and HoA,CHN,2022–24,0.05154796466666667,4.896400125272623
hitech,aerospace,imports,East Africa and HoA,EU,2019–21,0.6424120656666666,44.53806293565358
hitech,aerospace,imports,East Africa and HoA,EU,2022–24,0.4545327336666667,43.17482074137323
hitech,aerospace,imports,East Africa and HoA,GCC,2019–21,0.012457551333333334,0.8636749447293643
hitech,aerospace,imports,East Africa and HoA,GCC,2022–24,0.015729748333333335,1.4941257566206947
hitech,aerospace,imports,East Africa and HoA,IND,2019–21,9.7518e-5,0.00676086744549516
hitech,aerospace,imports,East Africa and HoA,IND,2022–24,2.0323466666666667e-4,0.01930470492407039
hitech,aerospace,imports,East Africa and HoA,IRN,2019–21,0,0
hitech,aerospace,imports,East Africa and HoA,IRN,2022–24,0,0
hitech,aerospace,imports,East Africa and HoA,ISR,2019–21,0.003527634333333333,0.2445688808614241
hitech,aerospace,imports,East Africa and HoA,ISR,2022–24,0.008177437333333334,0.7767523983198915
hitech,aerospace,imports,East Africa and HoA,JPN,2019–21,0.005043789333333333,0.34968304421408425
hitech,aerospace,imports,East Africa and HoA,JPN,2022–24,0.0015139413333333334,0.14380514501637037
hitech,aerospace,imports,East Africa and HoA,KOR,2019–21,3.46791e-4,0.024042822681871162
hitech,aerospace,imports,East Africa and HoA,KOR,2022–24,2.99647e-4,0.028462648677306957
hitech,aerospace,imports,East Africa and HoA,RUS,2019–21,0.005365383333333334,0.37197897322479584
hitech,aerospace,imports,East Africa and HoA,RUS,2022–24,5.066766666666667e-5,0.004812783026802303
hitech,aerospace,imports,East Africa and HoA,TUR,2019–21,0.02001823,1.3878524941388726
hitech,aerospace,imports,East Africa and HoA,TUR,2022–24,0.0016851703333333333,0.16006971923325422
hitech,aerospace,imports,East Africa and HoA,USA,2019–21,0.08799338133333333,6.10053105350371
hitech,aerospace,imports,East Africa and HoA,USA,2022–24,0.12365030066666667,11.745203745469528
hitech,aerospace,imports,East Africa and HoA,other,2019–21,0.6568446803333333,45.53866789733493
hitech,aerospace,imports,East Africa and HoA,other,2022–24,0.395381872,37.556242232066225
hitech,aerospace,imports,Southern Africa and Indian Ocean,CHN,2019–21,0.006071040333333333,0.6717650267781398
hitech,aerospace,imports,Southern Africa and Indian Ocean,CHN,2022–24,0.06982591766666667,8.845350266221171
hitech,aerospace,imports,Southern Africa and Indian Ocean,EU,2019–21,0.4243291243333333,46.95232611212427
hitech,aerospace,imports,Southern Africa and Indian Ocean,EU,2022–24,0.181996781,23.054838791445494
hitech,aerospace,imports,Southern Africa and Indian Ocean,GCC,2019–21,0.023008812666666666,2.545941849915213
hitech,aerospace,imports,Southern Africa and Indian Ocean,GCC,2022–24,0.015448374666666667,1.9569565218290896
hitech,aerospace,imports,Southern Africa and Indian Ocean,IND,2019–21,0.001834991,0.20304308826356215
hitech,aerospace,imports,Southern Africa and Indian Ocean,IND,2022–24,0.006264341333333334,0.7935490879621038
hitech,aerospace,imports,Southern Africa and Indian Ocean,IRN,2019–21,0,0
hitech,aerospace,imports,Southern Africa and Indian Ocean,IRN,2022–24,0,0
hitech,aerospace,imports,Southern Africa and Indian Ocean,ISR,2019–21,0.0032290893333333332,0.35730108241344344
hitech,aerospace,imports,Southern Africa and Indian Ocean,ISR,2022–24,0.006260104333333333,0.7930123567549768
hitech,aerospace,imports,Southern Africa and Indian Ocean,JPN,2019–21,4.75727e-4,0.05263953842300023
hitech,aerospace,imports,Southern Africa and Indian Ocean,JPN,2022–24,3.6416933333333334e-4,0.04613194379953445
hitech,aerospace,imports,Southern Africa and Indian Ocean,KOR,2019–21,2.4910333333333335e-4,0.027563464941652325
hitech,aerospace,imports,Southern Africa and Indian Ocean,KOR,2022–24,1.1442133333333333e-4,0.014494571716091226
hitech,aerospace,imports,Southern Africa and Indian Ocean,RUS,2019–21,2.771063333333333e-4,0.030662017250979473
hitech,aerospace,imports,Southern Africa and Indian Ocean,RUS,2022–24,0.03655652,4.630876825103039
hitech,aerospace,imports,Southern Africa and Indian Ocean,TUR,2019–21,0.004801357,0.5312736428330558
hitech,aerospace,imports,Southern Africa and Indian Ocean,TUR,2022–24,0.001805314,0.22869208460307677
hitech,aerospace,imports,Southern Africa and Indian Ocean,USA,2019–21,0.19654091466666668,21.747395101155938
hitech,aerospace,imports,Southern Africa and Indian Ocean,USA,2022–24,0.17904848666666667,22.68135718264313
hitech,aerospace,imports,Southern Africa and Indian Ocean,other,2019–21,0.24292736066666668,26.88008907590075
hitech,aerospace,imports,Southern Africa and Indian Ocean,other,2022–24,0.29172373966666665,36.9547403679223
hitech,all,exports,Africa,CHN,2019–21,0.348223831,5.96699487496641
hitech,all,exports,Africa,CHN,2022–24,0.379364562,4.980753975400665
hitech,all,exports,Africa,EU,2019–21,1.8695827993333334,32.03626515138579
hitech,all,exports,Africa,EU,2022–24,2.469262905,32.41945153113207
hitech,all,exports,Africa,GCC,2019–21,0.173415247,2.971559663560287
hitech,all,exports,Africa,GCC,2022–24,0.33700205533333333,4.424568067113488
hitech,all,exports,Africa,IND,2019–21,0.05097041966666667,0.8734044193715367
hitech,all,exports,Africa,IND,2022–24,0.050512337666666664,0.663186685950995
hitech,all,exports,Africa,IRN,2019–21,0.001627411,0.027886526515366376
hitech,all,exports,Africa,IRN,2022–24,0.002240297666666667,0.02941332066048603
hitech,all,exports,Africa,ISR,2019–21,0.019343844,0.33146673988015984
hitech,all,exports,Africa,ISR,2022–24,0.021468699333333334,0.28186689074869786
hitech,all,exports,Africa,JPN,2019–21,0.06148984,1.0536601101907486
hitech,all,exports,Africa,JPN,2022–24,0.04707380666666667,0.6180415177847908
hitech,all,exports,Africa,KOR,2019–21,0.065915737,1.1295001371076001
hitech,all,exports,Africa,KOR,2022–24,0.08123739466666667,1.0665821665155766
hitech,all,exports,Africa,RUS,2019–21,0.05083208,0.871033897860605
hitech,all,exports,Africa,RUS,2022–24,0.010495108,0.13779239320002515
hitech,all,exports,Africa,TUR,2019–21,0.040200485,0.6888560362951266
hitech,all,exports,Africa,TUR,2022–24,0.11962782733333334,1.5706179128008386
hitech,all,exports,Africa,USA,2019–21,0.438183327,7.508497218574138
hitech,all,exports,Africa,USA,2022–24,0.6376739093333333,8.372149581334073
hitech,all,exports,Africa,other,2019–21,2.716047559666667,46.540875224292236
hitech,all,exports,Africa,other,2022–24,3.460650226333333,45.435575957358296
hitech,all,exports,North Africa,CHN,2019–21,0.09154745366666667,3.908519821570585
hitech,all,exports,North Africa,CHN,2022–24,0.07186927833333333,1.8669783261393897
hitech,all,exports,North Africa,EU,2019–21,1.2196405183333334,52.07123683039329
hitech,all,exports,North Africa,EU,2022–24,1.8895387943333333,49.08534017912504
hitech,all,exports,North Africa,GCC,2019–21,0.07889305466666667,3.3682539011043358
hitech,all,exports,North Africa,GCC,2022–24,0.18701779333333332,4.858239498890414
hitech,all,exports,North Africa,IND,2019–21,0.009014626333333333,0.3848697511148198
hitech,all,exports,North Africa,IND,2022–24,0.008414384666666667,0.21858399255944871
hitech,all,exports,North Africa,IRN,2019–21,8.975686666666667e-4,0.03832072640338991
hitech,all,exports,North Africa,IRN,2022–24,2.8832833333333334e-4,0.007490025802799236
hitech,all,exports,North Africa,ISR,2019–21,0.0032341643333333335,0.1380791589144176
hitech,all,exports,North Africa,ISR,2022–24,0.009643320333333334,0.250508568777465
hitech,all,exports,North Africa,JPN,2019–21,0.029840929,1.2740262871237897
hitech,all,exports,North Africa,JPN,2022–24,0.012827460333333334,0.3332243063673371
hitech,all,exports,North Africa,KOR,2019–21,0.018074234666666668,0.7716599602169698
hitech,all,exports,North Africa,KOR,2022–24,0.016215108333333332,0.42122665645711166
hitech,all,exports,North Africa,RUS,2019–21,0.008057562666666667,0.3440089498380092
hitech,all,exports,North Africa,RUS,2022–24,0.00700788,0.1820466321020158
hitech,all,exports,North Africa,TUR,2019–21,0.020521042666666666,0.8761237894611862
hitech,all,exports,North Africa,TUR,2022–24,0.06262333466666667,1.6267925773649203
hitech,all,exports,North Africa,USA,2019–21,0.21285011266666667,9.087406050749749
hitech,all,exports,North Africa,USA,2022–24,0.35898886566666666,9.325604028142553
hitech,all,exports,North Africa,other,2019–21,0.6496825226666667,27.737494773109468
hitech,all,exports,North Africa,other,2022–24,1.2250626486666667,31.823965208271503
hitech,all,exports,West Africa,CHN,2019–21,0.003276218,0.7197447814229689
hitech,all,exports,West Africa,CHN,2022–24,0.003974907666666667,0.9517267359790166
hitech,all,exports,West Africa,EU,2019–21,0.11625296366666667,25.539345649171498
hitech,all,exports,West Africa,EU,2022–24,0.175097084,41.924137667960174
hitech,all,exports,West Africa,GCC,2019–21,0.003581257,0.7867580962818949
hitech,all,exports,West Africa,GCC,2022–24,0.004571875,1.0946608162858122
hitech,all,exports,West Africa,IND,2019–21,0.0014484933333333333,0.3182161619259242
hitech,all,exports,West Africa,IND,2022–24,0.0011749626666666666,0.28132562500039654
hitech,all,exports,West Africa,IRN,2019–21,0,0
hitech,all,exports,West Africa,IRN,2022–24,0,0
hitech,all,exports,West Africa,ISR,2019–21,4.076013333333333e-4,0.08954499748420608
hitech,all,exports,West Africa,ISR,2022–24,0.002032575333333333,0.4866669743921419
hitech,all,exports,West Africa,JPN,2019–21,1.5689933333333332e-4,0.034468852919863555
hitech,all,exports,West Africa,JPN,2022–24,0.0023761863333333333,0.5689390176445895
hitech,all,exports,West Africa,KOR,2019–21,0.029896480333333333,6.5678888592978515
hitech,all,exports,West Africa,KOR,2022–24,0.023841975333333335,5.7085716867265335
hitech,all,exports,West Africa,RUS,2019–21,0.0013936113333333333,0.3061592618374517
hitech,all,exports,West Africa,RUS,2022–24,3.6927333333333335e-5,0.008841646993831841
hitech,all,exports,West Africa,TUR,2019–21,2.7023966666666667e-4,0.05936832952410858
hitech,all,exports,West Africa,TUR,2022–24,0.0015315033333333334,0.36669346581240936
hitech,all,exports,West Africa,USA,2019–21,0.014095862666666667,3.0966875812257264
hitech,all,exports,West Africa,USA,2022–24,0.023532077666666668,5.63437175064814
hitech,all,exports,West Africa,other,2019–21,0.284412003,62.481817428908506
hitech,all,exports,West Africa,other,2022–24,0.179482127,42.97406461255695
hitech,all,exports,Central Africa,CHN,2019–21,0.0034380636666666666,2.605353127567849
hitech,all,exports,Central Africa,CHN,2022–24,0.001055707,1.1365832726813896
hitech,all,exports,Central Africa,EU,2019–21,0.04726623433333333,35.81819401503371
hitech,all,exports,Central Africa,EU,2022–24,0.03227464433333333,34.74716079462187
hitech,all,exports,Central Africa,GCC,2019–21,0.00296188,2.244502740393501
hitech,all,exports,Central Africa,GCC,2022–24,0.003770894,4.059777043682211
hitech,all,exports,Central Africa,IND,2019–21,4.7876866666666666e-4,0.3628092915134563
hitech,all,exports,Central Africa,IND,2022–24,0.0037899513333333333,4.0802943333171005
hitech,all,exports,Central Africa,IRN,2019–21,0,0
hitech,all,exports,Central Africa,IRN,2022–24,0,0
hitech,all,exports,Central Africa,ISR,2019–21,1.1050266666666666e-4,0.08373855056724881
hitech,all,exports,Central Africa,ISR,2022–24,1.6870233333333333e-4,0.181626388883456
hitech,all,exports,Central Africa,JPN,2019–21,2.4914433333333335e-4,0.18880074105641637
hitech,all,exports,Central Africa,JPN,2022–24,2.27313e-4,0.24472713874495927
hitech,all,exports,Central Africa,KOR,2019–21,0.0012087223333333333,0.9159657344461941
hitech,all,exports,Central Africa,KOR,2022–24,0.001189086,1.2801802558660904
hitech,all,exports,Central Africa,RUS,2019–21,5.014713333333333e-4,0.38001329624949337
hitech,all,exports,Central Africa,RUS,2022–24,0,0
hitech,all,exports,Central Africa,TUR,2019–21,3.755166666666667e-5,0.028456527185327093
hitech,all,exports,Central Africa,TUR,2022–24,2.0583e-4,0.22159835543006765
hitech,all,exports,Central Africa,USA,2019–21,0.0076108136666666664,5.767449097011912
hitech,all,exports,Central Africa,USA,2022–24,0.004619390333333333,4.973275523277552
hitech,all,exports,Central Africa,other,2019–21,0.06809837033333334,51.60471687897489
hitech,all,exports,Central Africa,other,2022–24,0.045582745,49.07477689349531
hitech,all,exports,East Africa and HoA,CHN,2019–21,0.00741889,2.5820981892471266
hitech,all,exports,East Africa and HoA,CHN,2022–24,0.004874413333333333,1.7832271205060441
hitech,all,exports,East Africa and HoA,EU,2019–21,0.027036612333333335,9.409923553156407
hitech,all,exports,East Africa and HoA,EU,2022–24,0.04637439433333333,16.965339624920702
hitech,all,exports,East Africa and HoA,GCC,2019–21,0.008988769333333334,3.1284848567858674
hitech,all,exports,East Africa and HoA,GCC,2022–24,0.004866956666666667,1.7804992167934797
hitech,all,exports,East Africa and HoA,IND,2019–21,0.004192782333333333,1.4592716256484923
hitech,all,exports,East Africa and HoA,IND,2022–24,0.0011777826666666666,0.4308731840403214
hitech,all,exports,East Africa and HoA,IRN,2019–21,2.7819e-5,0.009682228679312649
hitech,all,exports,East Africa and HoA,IRN,2022–24,0,0
hitech,all,exports,East Africa and HoA,ISR,2019–21,0.0019096463333333332,0.6646404434359339
hitech,all,exports,East Africa and HoA,ISR,2022–24,0.001117074,0.40866387731012455
hitech,all,exports,East Africa and HoA,JPN,2019–21,1.7337633333333334e-4,0.060342546709589474
hitech,all,exports,East Africa and HoA,JPN,2022–24,5.573403333333333e-4,0.2038941570579185
hitech,all,exports,East Africa and HoA,KOR,2019–21,4.5726133333333336e-4,0.15914694257668288
hitech,all,exports,East Africa and HoA,KOR,2022–24,2.2164833333333334e-4,0.08108654153558933
hitech,all,exports,East Africa and HoA,RUS,2019–21,0.0011586393333333333,0.4032571617304608
hitech,all,exports,East Africa and HoA,RUS,2022–24,9.2245e-5,0.0337463761241175
hitech,all,exports,East Africa and HoA,TUR,2019–21,0.001235129,0.4298789110482315
hitech,all,exports,East Africa and HoA,TUR,2022–24,0.006011835,2.1993348702491624
hitech,all,exports,East Africa and HoA,USA,2019–21,0.017192863333333332,5.983868379363129
hitech,all,exports,East Africa and HoA,USA,2022–24,0.040321977333333335,14.75115847101531
hitech,all,exports,East Africa and HoA,other,2019–21,0.21752842366666666,75.70940516161878
hitech,all,exports,East Africa and HoA,other,2022–24,0.167732202,61.36217656044723
hitech,all,exports,Southern Africa and Indian Ocean,CHN,2019–21,0.24254320566666668,9.260536186159754
hitech,all,exports,Southern Africa and Indian Ocean,CHN,2022–24,0.2975902556666667,9.975445917466173
hitech,all,exports,Southern Africa and Indian Ocean,EU,2019–21,0.45938647066666666,17.53982356812539
hitech,all,exports,Southern Africa and Indian Ocean,EU,2022–24,0.325977988,10.927023743750462
hitech,all,exports,Southern Africa and Indian Ocean,GCC,2019–21,0.078990286,3.0159261721947264
hitech,all,exports,Southern Africa and Indian Ocean,GCC,2022–24,0.13677453633333334,4.5847838230561555
hitech,all,exports,Southern Africa and Indian Ocean,IND,2019–21,0.035835749,1.3682438535454977
hitech,all,exports,Southern Africa and Indian Ocean,IND,2022–24,0.03595525633333333,1.2052468391423028
hitech,all,exports,Southern Africa and Indian Ocean,IRN,2019–21,7.020233333333333e-4,0.02680393566990481
hitech,all,exports,Southern Africa and Indian Ocean,IRN,2022–24,0.0019519693333333334,0.0654314586799833
hitech,all,exports,Southern Africa and Indian Ocean,ISR,2019–21,0.013681929333333334,0.5223894082687426
hitech,all,exports,Southern Africa and Indian Ocean,ISR,2022–24,0.008507027333333333,0.28516186086794154
hitech,all,exports,Southern Africa and Indian Ocean,JPN,2019–21,0.031069491,1.1862634737601594
hitech,all,exports,Southern Africa and Indian Ocean,JPN,2022–24,0.031085506666666665,1.0420092212888312
hitech,all,exports,Southern Africa and Indian Ocean,KOR,2019–21,0.016279038333333332,0.6215495632926461
hitech,all,exports,Southern Africa and Indian Ocean,KOR,2022–24,0.03976957666666667,1.3331056835517712
hitech,all,exports,Southern Africa and Indian Ocean,RUS,2019–21,0.039720795333333336,1.516578712301284
hitech,all,exports,Southern Africa and Indian Ocean,RUS,2022–24,0.0033580556666666667,0.11256451463987334
hitech,all,exports,Southern Africa and Indian Ocean,TUR,2019–21,0.018136522,0.6924701016069931
hitech,all,exports,Southern Africa and Indian Ocean,TUR,2022–24,0.049255324333333336,1.6510749753338045
hitech,all,exports,Southern Africa and Indian Ocean,USA,2019–21,0.18643367466666666,7.118219559372616
hitech,all,exports,Southern Africa and Indian Ocean,USA,2022–24,0.21021159833333333,7.0464485663371494
hitech,all,exports,Southern Africa and Indian Ocean,other,2019–21,1.49632624,57.13119546570229
hitech,all,exports,Southern Africa and Indian Ocean,other,2022–24,1.8427905036666667,61.77170339588556
hitech,all,imports,Africa,CHN,2019–21,12.486746922666667,25.085309284219985
hitech,all,imports,Africa,CHN,2022–24,15.887512780333333,29.34320558119393
hitech,all,imports,Africa,EU,2019–21,15.136252119666667,30.408045280113722
hitech,all,imports,Africa,EU,2022–24,16.344481886666667,30.187197879849514
hitech,all,imports,Africa,GCC,2019–21,4.516930716333333,9.074309324627269
hitech,all,imports,Africa,GCC,2022–24,3.474701859666667,6.417548952518713
hitech,all,imports,Africa,IND,2019–21,2.024832556,4.0677969394746265
hitech,all,imports,Africa,IND,2022–24,2.2994965806666667,4.24702103045854
hitech,all,imports,Africa,IRN,2019–21,0.001071793,0.0021531836162112404
hitech,all,imports,Africa,IRN,2022–24,0.003580393,0.006612753633187851
hitech,all,imports,Africa,ISR,2019–21,0.12512649933333334,0.2513734726000263
hitech,all,imports,Africa,ISR,2022–24,0.14131671,0.2610027970344747
hitech,all,imports,Africa,JPN,2019–21,0.36180651033333333,0.7268529000360108
hitech,all,imports,Africa,JPN,2022–24,0.28949294966666667,0.534674700428282
hitech,all,imports,Africa,KOR,2019–21,0.5047982626666667,1.0141168571410384
hitech,all,imports,Africa,KOR,2022–24,0.5680147746666667,1.0490864452258115
hitech,all,imports,Africa,RUS,2019–21,0.5341762463333334,1.0731358963663253
hitech,all,imports,Africa,RUS,2022–24,0.177928813,0.3286229764762002
hitech,all,imports,Africa,TUR,2019–21,0.343123322,0.6893192204748247
hitech,all,imports,Africa,TUR,2022–24,0.5216633566666666,0.9634783827078396
hitech,all,imports,Africa,USA,2019–21,2.9553128456666666,5.937089717947481
hitech,all,imports,Africa,USA,2022–24,3.2197111266666667,5.946597608329687
hitech,all,imports,Africa,other,2019–21,10.786951844666667,21.670497923382484
hitech,all,imports,Africa,other,2022–24,11.215851865,20.714950892143822
hitech,all,imports,North Africa,CHN,2019–21,4.187911853666667,21.559856404280154
hitech,all,imports,North Africa,CHN,2022–24,3.993752343666667,21.108766786144393
hitech,all,imports,North Africa,EU,2019–21,7.20842067,37.109786446621534
hitech,all,imports,North Africa,EU,2022–24,7.978129407666667,42.16798102746152
hitech,all,imports,North Africa,GCC,2019–21,2.048180266,10.544269785998003
hitech,all,imports,North Africa,GCC,2022–24,1.3911808393333334,7.353012747875823
hitech,all,imports,North Africa,IND,2019–21,0.43345112,2.23145668581644
hitech,all,imports,North Africa,IND,2022–24,0.3907035056666667,2.065042715211251
hitech,all,imports,North Africa,IRN,2019–21,2.8097666666666667e-5,1.4465004990453148e-4
hitech,all,imports,North Africa,IRN,2022–24,2.17707e-4,0.0011506788341542435
hitech,all,imports,North Africa,ISR,2019–21,0.007465742666666666,0.03843450995839714
hitech,all,imports,North Africa,ISR,2022–24,0.022830467666666666,0.12066922936734303
hitech,all,imports,North Africa,JPN,2019–21,0.145926907,0.7512486581316572
hitech,all,imports,North Africa,JPN,2022–24,0.09814572133333334,0.5187440192601398
hitech,all,imports,North Africa,KOR,2019–21,0.20916878566666666,1.0768251913618065
hitech,all,imports,North Africa,KOR,2022–24,0.291694438,1.5417355245679618
hitech,all,imports,North Africa,RUS,2019–21,0.43695627,2.249501604935093
hitech,all,imports,North Africa,RUS,2022–24,0.09318244066666667,0.4925108618003416
hitech,all,imports,North Africa,TUR,2019–21,0.200681339,1.0331308306001046
hitech,all,imports,North Africa,TUR,2022–24,0.215742111,1.140293517266121
hitech,all,imports,North Africa,USA,2019–21,1.233508432,6.350244607967223
hitech,all,imports,North Africa,USA,2022–24,1.143096717,6.041777240249983
hitech,all,imports,North Africa,other,2019–21,3.312881901,17.055100624279685
hitech,all,imports,North Africa,other,2022–24,3.3011995553333335,17.448315651960968
hitech,all,imports,West Africa,CHN,2019–21,2.9400251526666668,31.07769459403407
hitech,all,imports,West Africa,CHN,2022–24,3.960845565666667,36.31751066461362
hitech,all,imports,West Africa,EU,2019–21,2.085884768666667,22.048957554044346
hitech,all,imports,West Africa,EU,2022–24,2.202361508,20.193740510219072
hitech,all,imports,West Africa,GCC,2019–21,0.796382488,8.41820408225163
hitech,all,imports,West Africa,GCC,2022–24,0.58962534,5.406351805077812
hitech,all,imports,West Africa,IND,2019–21,0.5294216726666666,5.596280371844414
hitech,all,imports,West Africa,IND,2022–24,0.5522045773333333,5.063235941383213
hitech,all,imports,West Africa,IRN,2019–21,3.37181e-4,0.0035641899632751434
hitech,all,imports,West Africa,IRN,2022–24,0.0024836946666666666,0.022773321011602843
hitech,all,imports,West Africa,ISR,2019–21,0.032960637333333334,0.34841219631776
hitech,all,imports,West Africa,ISR,2022–24,0.027319307333333334,0.2504942995072807
hitech,all,imports,West Africa,JPN,2019–21,0.030136799,0.3185626607698546
hitech,all,imports,West Africa,JPN,2022–24,0.026382771666666666,0.2419070815766485
hitech,all,imports,West Africa,KOR,2019–21,0.08095002366666666,0.8556865952696582
hitech,all,imports,West Africa,KOR,2022–24,0.05795142166666667,0.5313641593734909
hitech,all,imports,West Africa,RUS,2019–21,0.03262493933333333,0.3448636824860449
hitech,all,imports,West Africa,RUS,2022–24,0.010153153666666666,0.09309559296250013
hitech,all,imports,West Africa,TUR,2019–21,0.05107430933333333,0.5398837440635048
hitech,all,imports,West Africa,TUR,2022–24,0.18632739133333334,1.708460203678503
hitech,all,imports,West Africa,USA,2019–21,0.4563001796666667,4.82334568261135
hitech,all,imports,West Africa,USA,2022–24,0.476227928,4.36659611368003
hitech,all,imports,West Africa,other,2019–21,2.4241439646666665,25.624544646344088
hitech,all,imports,West Africa,other,2022–24,2.814276637333333,25.804470306916222
hitech,all,imports,Central Africa,CHN,2019–21,0.518429259,25.955950253392384
hitech,all,imports,Central Africa,CHN,2022–24,0.9959185963333334,37.39676230405152
hitech,all,imports,Central Africa,EU,2019–21,0.581508407,29.114103847332146
hitech,all,imports,Central Africa,EU,2022–24,0.732630177,27.510277132001764
hitech,all,imports,Central Africa,GCC,2019–21,0.13005165366666666,6.511234067796733
hitech,all,imports,Central Africa,GCC,2022–24,0.09697795566666667,3.6415240865583143
hitech,all,imports,Central Africa,IND,2019–21,0.12265392166666667,6.140855350842547
hitech,all,imports,Central Africa,IND,2022–24,0.144261465,5.417020764650502
hitech,all,imports,Central Africa,IRN,2019–21,1.5983033333333334e-4,0.008002149008690736
hitech,all,imports,Central Africa,IRN,2022–24,7.1571e-5,0.0026874924162651553
hitech,all,imports,Central Africa,ISR,2019–21,0.017914745,0.8969289868383181
hitech,all,imports,Central Africa,ISR,2022–24,0.011655943333333333,0.43768089467451515
hitech,all,imports,Central Africa,JPN,2019–21,0.009890228333333334,0.4951693411553608
hitech,all,imports,Central Africa,JPN,2022–24,0.005248678333333334,0.19708797161208544
hitech,all,imports,Central Africa,KOR,2019–21,0.036165662,1.8106889367388184
hitech,all,imports,Central Africa,KOR,2022–24,0.055756825,2.09366984312813
hitech,all,imports,Central Africa,RUS,2019–21,0.024987052666666665,1.2510148390272386
hitech,all,imports,Central Africa,RUS,2022–24,8.02198e-4,0.030122550213676973
hitech,all,imports,Central Africa,TUR,2019–21,0.007574875,0.3792476509811836
hitech,all,imports,Central Africa,TUR,2022–24,0.032390685,1.2162708400767561
hitech,all,imports,Central Africa,USA,2019–21,0.08977324333333334,4.494634123352381
hitech,all,imports,Central Africa,USA,2022–24,0.098971004,3.7163630895215705
hitech,all,imports,Central Africa,other,2019–21,0.45823375033333336,22.942170453534196
hitech,all,imports,Central Africa,other,2022–24,0.488429393,18.3405330310949
hitech,all,imports,East Africa and HoA,CHN,2019–21,1.424528743,21.631555287845185
hitech,all,imports,East Africa and HoA,CHN,2022–24,2.392808485,32.680482512033734
hitech,all,imports,East Africa and HoA,EU,2019–21,1.5921381286666667,24.176713966198555
hitech,all,imports,East Africa and HoA,EU,2022–24,1.6071732143333333,21.950438764358342
hitech,all,imports,East Africa and HoA,GCC,2019–21,1.166654031,17.715712159108012
hitech,all,imports,East Africa and HoA,GCC,2022–24,0.9544570136666667,13.035776134679434
hitech,all,imports,East Africa and HoA,IND,2019–21,0.47029741133333336,7.1414946907726025
hitech,all,imports,East Africa and HoA,IND,2022–24,0.619086449,8.455354449305862
hitech,all,imports,East Africa and HoA,IRN,2019–21,3.57774e-4,0.005432819870840278
hitech,all,imports,East Africa and HoA,IRN,2022–24,4.0027233333333334e-4,0.005466836594551335
hitech,all,imports,East Africa and HoA,ISR,2019–21,0.020985580333333333,0.31866730907234253
hitech,all,imports,East Africa and HoA,ISR,2022–24,0.032751192,0.44730899447820177
hitech,all,imports,East Africa and HoA,JPN,2019–21,0.043545355333333334,0.6612388595530532
hitech,all,imports,East Africa and HoA,JPN,2022–24,0.025982467333333332,0.35486315542152047
hitech,all,imports,East Africa and HoA,KOR,2019–21,0.07428565,1.1280320969055495
hitech,all,imports,East Africa and HoA,KOR,2022–24,0.07618765633333334,1.0405552245583654
hitech,all,imports,East Africa and HoA,RUS,2019–21,0.021149356666666667,0.3211542626187341
hitech,all,imports,East Africa and HoA,RUS,2022–24,0.008056160333333333,0.11002936864278123
hitech,all,imports,East Africa and HoA,TUR,2019–21,0.060398141333333336,0.9171494362294432
hitech,all,imports,East Africa and HoA,TUR,2022–24,0.05859100766666667,0.8002238429929902
hitech,all,imports,East Africa and HoA,USA,2019–21,0.30492547,4.630311740208374
hitech,all,imports,East Africa and HoA,USA,2022–24,0.35221689533333334,4.810505379156501
hitech,all,imports,East Africa and HoA,other,2019–21,1.4061542416666666,21.352537371617302
hitech,all,imports,East Africa and HoA,other,2022–24,1.1941164703333333,16.308995337777716
hitech,all,imports,Southern Africa and Indian Ocean,CHN,2019–21,3.4158519143333335,27.749622715710863
hitech,all,imports,Southern Africa and Indian Ocean,CHN,2022–24,4.544187789666666,31.704866842577285
hitech,all,imports,Southern Africa and Indian Ocean,EU,2019–21,3.6683001453333333,29.800456106966305
hitech,all,imports,Southern Africa and Indian Ocean,EU,2022–24,3.8241875796666664,26.681414502736338
hitech,all,imports,Southern Africa and Indian Ocean,GCC,2019–21,0.37566227766666666,3.051796955843487
hitech,all,imports,Southern Africa and Indian Ocean,GCC,2022–24,0.442460711,3.0870550634431613
hitech,all,imports,Southern Africa and Indian Ocean,IND,2019–21,0.46900843033333334,3.810120379524076
hitech,all,imports,Southern Africa and Indian Ocean,IND,2022–24,0.5932405836666667,4.139048512373248
hitech,all,imports,Southern Africa and Indian Ocean,IRN,2019–21,1.8891e-4,0.0015346629065587135
hitech,all,imports,Southern Africa and Indian Ocean,IRN,2022–24,4.07148e-4,0.002840677745443383
hitech,all,imports,Southern Africa and Indian Ocean,ISR,2019–21,0.045799794,0.3720673600118063
hitech,all,imports,Southern Africa and Indian Ocean,ISR,2022–24,0.046759799666666664,0.3262438285205648
hitech,all,imports,Southern Africa and Indian Ocean,JPN,2019–21,0.13230722066666667,1.0748344916998134
hitech,all,imports,Southern Africa and Indian Ocean,JPN,2022–24,0.133733311,0.9330593307155107
hitech,all,imports,Southern Africa and Indian Ocean,KOR,2019–21,0.10422814133333333,0.8467262840708577
hitech,all,imports,Southern Africa and Indian Ocean,KOR,2022–24,0.08642443366666666,0.6029845790215054
hitech,all,imports,Southern Africa and Indian Ocean,RUS,2019–21,0.018458627666666668,0.1499537937960497
hitech,all,imports,Southern Africa and Indian Ocean,RUS,2022–24,0.06573486033333334,0.4586331133856214
hitech,all,imports,Southern Africa and Indian Ocean,TUR,2019–21,0.023394657333333332,0.19005300312910092
hitech,all,imports,Southern Africa and Indian Ocean,TUR,2022–24,0.028612161666666667,0.19962748409798955
hitech,all,imports,Southern Africa and Indian Ocean,USA,2019–21,0.8708055206666667,7.074230752176596
hitech,all,imports,Southern Africa and Indian Ocean,USA,2022–24,1.1491985823333333,8.017975866096322
hitech,all,imports,Southern Africa and Indian Ocean,other,2019–21,3.185537987,25.878603494164487
hitech,all,imports,Southern Africa and Indian Ocean,other,2022–24,3.417829809,23.846250199287013
hitech,armament,exports,Africa,CHN,2019–21,9.34e-7,5.447404572038152e-4
hitech,armament,exports,Africa,CHN,2022–24,5.05017e-4,0.2189103914365762
hitech,armament,exports,Africa,EU,2019–21,0.016253118666666667,9.479369693220411
hitech,armament,exports,Africa,EU,2022–24,0.014350114333333334,6.220363167714399
hitech,armament,exports,Africa,GCC,2019–21,0.028231270666666666,16.46543392976944
hitech,armament,exports,Africa,GCC,2022–24,0.03338269,14.4704390844385
hitech,armament,exports,Africa,IND,2019–21,0.0045916333333333335,2.6779961898418394
hitech,armament,exports,Africa,IND,2022–24,0.009016082666666666,3.9082133587275867
hitech,armament,exports,Africa,IRN,2019–21,0,0
hitech,armament,exports,Africa,IRN,2022–24,0,0
hitech,armament,exports,Africa,ISR,2019–21,1.1843333333333332e-6,6.907433420575144e-4
hitech,armament,exports,Africa,ISR,2022–24,1.8856666666666666e-6,8.17382440826554e-4
hitech,armament,exports,Africa,JPN,2019–21,0,0
hitech,armament,exports,Africa,JPN,2022–24,0,0
hitech,armament,exports,Africa,KOR,2019–21,2.8634666666666665e-5,0.01670070814976322
hitech,armament,exports,Africa,KOR,2022–24,3.5535e-5,0.015403403766009334
hitech,armament,exports,Africa,RUS,2019–21,5.367333333333333e-5,0.03130410721590233
hitech,armament,exports,Africa,RUS,2022–24,5.414873333333334e-4,0.2347192353880123
hitech,armament,exports,Africa,TUR,2019–21,0.0025731293333333335,1.5007362414181458
hitech,armament,exports,Africa,TUR,2022–24,0.027656125666666666,11.988137617761662
hitech,armament,exports,Africa,USA,2019–21,0.008124467666666666,4.73846491571479
hitech,armament,exports,Africa,USA,2022–24,0.004021321666666667,1.7431276573707122
hitech,armament,exports,Africa,other,2019–21,0.11159975333333333,65.08875873087044
hitech,armament,exports,Africa,other,2022–24,0.14118550466666666,61.19986870095572
hitech,armament,exports,North Africa,CHN,2019–21,0,0
hitech,armament,exports,North Africa,CHN,2022–24,4.09442e-4,0.5904706202642632
hitech,armament,exports,North Africa,EU,2019–21,1.17584e-4,4.259713147531596
hitech,armament,exports,North Africa,EU,2022–24,0.0066616746666666666,9.607033895949597
hitech,armament,exports,North Africa,GCC,2019–21,0,0
hitech,armament,exports,North Africa,GCC,2022–24,0.009730981333333333,14.03338832770771
hitech,armament,exports,North Africa,IND,2019–21,0,0
hitech,armament,exports,North Africa,IND,2022–24,0,0
hitech,armament,exports,North Africa,IRN,2019–21,0,0
hitech,armament,exports,North Africa,IRN,2022–24,0,0
hitech,armament,exports,North Africa,ISR,2019–21,0,0
hitech,armament,exports,North Africa,ISR,2022–24,6.91e-7,9.965152539373242e-4
hitech,armament,exports,North Africa,JPN,2019–21,0,0
hitech,armament,exports,North Africa,JPN,2022–24,0,0
hitech,armament,exports,North Africa,KOR,2019–21,0,0
hitech,armament,exports,North Africa,KOR,2022–24,0,0
hitech,armament,exports,North Africa,RUS,2019–21,1.1229333333333333e-5,0.40680482751067154
hitech,armament,exports,North Africa,RUS,2022–24,5.414873333333334e-4,0.7808978111150667
hitech,armament,exports,North Africa,TUR,2019–21,0,0
hitech,armament,exports,North Africa,TUR,2022–24,0.023657342,34.11707984169627
hitech,armament,exports,North Africa,USA,2019–21,3.2293e-5,1.1698778462481105
hitech,armament,exports,North Africa,USA,2022–24,1.3003e-5,0.018752080820473263
hitech,armament,exports,North Africa,other,2019–21,0.0025992673333333333,94.16360417870962
hitech,armament,exports,North Africa,other,2022–24,0.028327016666666666,40.851380907192684
hitech,armament,exports,West Africa,CHN,2019–21,0,0
hitech,armament,exports,West Africa,CHN,2022–24,0,0
hitech,armament,exports,West Africa,EU,2019–21,4.3953933333333334e-4,2.4514059920944073
hitech,armament,exports,West Africa,EU,2022–24,0.0022327106666666665,14.32897081318045
hitech,armament,exports,West Africa,GCC,2019–21,0,0
hitech,armament,exports,West Africa,GCC,2022–24,0,0
hitech,armament,exports,West Africa,IND,2019–21,0,0
hitech,armament,exports,West Africa,IND,2022–24,0,0
hitech,armament,exports,West Africa,IRN,2019–21,0,0
hitech,armament,exports,West Africa,IRN,2022–24,0,0
hitech,armament,exports,West Africa,ISR,2019–21,0,0
hitech,armament,exports,West Africa,ISR,2022–24,0,0
hitech,armament,exports,West Africa,JPN,2019–21,0,0
hitech,armament,exports,West Africa,JPN,2022–24,0,0
hitech,armament,exports,West Africa,KOR,2019–21,0,0
hitech,armament,exports,West Africa,KOR,2022–24,0,0
hitech,armament,exports,West Africa,RUS,2019–21,0,0
hitech,armament,exports,West Africa,RUS,2022–24,0,0
hitech,armament,exports,West Africa,TUR,2019–21,0,0
hitech,armament,exports,West Africa,TUR,2022–24,1.3266666666666667e-6,0.0085142102061378
hitech,armament,exports,West Africa,USA,2019–21,6.8193333333333335e-6,0.038032897917567775
hitech,armament,exports,West Africa,USA,2022–24,2.2733e-5,0.14589462860512356
hitech,armament,exports,West Africa,other,2019–21,0.017483732666666668,97.51056110998803
hitech,armament,exports,West Africa,other,2022–24,0.013325023333333333,85.51662034800829
hitech,armament,exports,Central Africa,CHN,2019–21,0,0
hitech,armament,exports,Central Africa,CHN,2022–24,0,0
hitech,armament,exports,Central Africa,EU,2019–21,3.85707e-4,4.64353984210084
hitech,armament,exports,Central Africa,EU,2022–24,9.566333333333333e-5,1.0916059726544316
hitech,armament,exports,Central Africa,GCC,2019–21,0,0
hitech,armament,exports,Central Africa,GCC,2022–24,0,0
hitech,armament,exports,Central Africa,IND,2019–21,1.5547366666666666e-4,1.8717528216085577
hitech,armament,exports,Central Africa,IND,2022–24,0.0031879873333333334,36.377846062371596
hitech,armament,exports,Central Africa,IRN,2019–21,0,0
hitech,armament,exports,Central Africa,IRN,2022–24,0,0
hitech,armament,exports,Central Africa,ISR,2019–21,0,0
hitech,armament,exports,Central Africa,ISR,2022–24,0,0
hitech,armament,exports,Central Africa,JPN,2019–21,0,0
hitech,armament,exports,Central Africa,JPN,2022–24,0,0
hitech,armament,exports,Central Africa,KOR,2019–21,0,0
hitech,armament,exports,Central Africa,KOR,2022–24,1.4413333333333333e-6,0.01644692925104625
hitech,armament,exports,Central Africa,RUS,2019–21,0,0
hitech,armament,exports,Central Africa,RUS,2022–24,0,0
hitech,armament,exports,Central Africa,TUR,2019–21,0,0
hitech,armament,exports,Central Africa,TUR,2022–24,0,0
hitech,armament,exports,Central Africa,USA,2019–21,0,0
hitech,armament,exports,Central Africa,USA,2022–24,0,0
hitech,armament,exports,Central Africa,other,2019–21,0.007765133333333334,93.48470733629061
hitech,armament,exports,Central Africa,other,2022–24,0.005478448666666667,62.51410103572292
hitech,armament,exports,East Africa and HoA,CHN,2019–21,0,0
hitech,armament,exports,East Africa and HoA,CHN,2022–24,9.5575e-5,1.0931486979225544
hitech,armament,exports,East Africa and HoA,EU,2019–21,7.9995e-5,0.7979276788954288
hitech,armament,exports,East Africa and HoA,EU,2022–24,1.8934633333333333e-4,2.1656677765079078
hitech,armament,exports,East Africa and HoA,GCC,2019–21,3.04e-6,0.030323146994713463
hitech,armament,exports,East Africa and HoA,GCC,2022–24,1.3759166666666667e-4,1.5737185588455223
hitech,armament,exports,East Africa and HoA,IND,2019–21,0,0
hitech,armament,exports,East Africa and HoA,IND,2022–24,0,0
hitech,armament,exports,East Africa and HoA,IRN,2019–21,0,0
hitech,armament,exports,East Africa and HoA,IRN,2022–24,0,0
hitech,armament,exports,East Africa and HoA,ISR,2019–21,1.1843333333333332e-6,0.011813392683357122
hitech,armament,exports,East Africa and HoA,ISR,2022–24,0,0
hitech,armament,exports,East Africa and HoA,JPN,2019–21,0,0
hitech,armament,exports,East Africa and HoA,JPN,2022–24,0,0
hitech,armament,exports,East Africa and HoA,KOR,2019–21,0,0
hitech,armament,exports,East Africa and HoA,KOR,2022–24,0,0
hitech,armament,exports,East Africa and HoA,RUS,2019–21,0,0
hitech,armament,exports,East Africa and HoA,RUS,2022–24,0,0
hitech,armament,exports,East Africa and HoA,TUR,2019–21,1.471e-6,0.0146728122464551
hitech,armament,exports,East Africa and HoA,TUR,2022–24,0,0
hitech,armament,exports,East Africa and HoA,USA,2019–21,5.580286666666667e-4,5.5661793705912155
hitech,armament,exports,East Africa and HoA,USA,2022–24,1.90393e-4,2.1776391320279243
hitech,armament,exports,East Africa and HoA,other,2019–21,0.009381625666666667,93.57908359858882
hitech,armament,exports,East Africa and HoA,other,2022–24,0.008130186333333332,92.98982583469609
hitech,armament,exports,Southern Africa and Indian Ocean,CHN,2019–21,9.34e-7,7.052480347899812e-4
hitech,armament,exports,Southern Africa and Indian Ocean,CHN,2022–24,0,0
hitech,armament,exports,Southern Africa and Indian Ocean,EU,2019–21,0.015230293333333334,11.500143942835424
hitech,armament,exports,Southern Africa and Indian Ocean,EU,2022–24,0.005170719333333333,4.031256493519606
hitech,armament,exports,Southern Africa and Indian Ocean,GCC,2019–21,0.028228230666666666,21.314672594502085
hitech,armament,exports,Southern Africa and Indian Ocean,GCC,2022–24,0.023514117,18.332350053222076
hitech,armament,exports,Southern Africa and Indian Ocean,IND,2019–21,0.004436159666666667,3.3496711851512253
hitech,armament,exports,Southern Africa and Indian Ocean,IND,2022–24,0.005828095333333333,4.5437676351706795
hitech,armament,exports,Southern Africa and Indian Ocean,IRN,2019–21,0,0
hitech,armament,exports,Southern Africa and Indian Ocean,IRN,2022–24,0,0
hitech,armament,exports,Southern Africa and Indian Ocean,ISR,2019–21,0,0
hitech,armament,exports,Southern Africa and Indian Ocean,ISR,2022–24,1.1946666666666666e-6,9.313999556202474e-4
hitech,armament,exports,Southern Africa and Indian Ocean,JPN,2019–21,0,0
hitech,armament,exports,Southern Africa and Indian Ocean,JPN,2022–24,0,0
hitech,armament,exports,Southern Africa and Indian Ocean,KOR,2019–21,2.8634666666666665e-5,0.021621565731833884
hitech,armament,exports,Southern Africa and Indian Ocean,KOR,2022–24,3.409366666666667e-5,0.026580501914284186
hitech,armament,exports,Southern Africa and Indian Ocean,RUS,2019–21,4.2444e-5,0.03204876615484578
hitech,armament,exports,Southern Africa and Indian Ocean,RUS,2022–24,0,0
hitech,armament,exports,Southern Africa and Indian Ocean,TUR,2019–21,0.0025716583333333333,1.941816901214788
hitech,armament,exports,Southern Africa and Indian Ocean,TUR,2022–24,0.003997457,3.1165440338118144
hitech,armament,exports,Southern Africa and Indian Ocean,USA,2019–21,0.007527326666666666,5.6837605341422774
hitech,armament,exports,Southern Africa and Indian Ocean,USA,2022–24,0.0037951926666666665,2.9588523560019153
hitech,armament,exports,Southern Africa and Indian Ocean,other,2019–21,0.07436999433333333,56.155559262232735
hitech,armament,exports,Southern Africa and Indian Ocean,other,2022–24,0.08592482966666666,66.98971752640401
hitech,armament,imports,Africa,CHN,2019–21,0.137337584,13.636010233328896
hitech,armament,imports,Africa,CHN,2022–24,0.060662647666666666,3.991623729785786
hitech,armament,imports,Africa,EU,2019–21,0.2507225593333333,24.89380754503257
hitech,armament,imports,Africa,EU,2022–24,0.15968531333333333,10.507350247916348
hitech,armament,imports,Africa,GCC,2019–21,0.007518191666666667,0.7464681954998909
hitech,armament,imports,Africa,GCC,2022–24,0.017537942,1.1540028032319725
hitech,armament,imports,Africa,IND,2019–21,0.0031029763333333335,0.3080891319240821
hitech,armament,imports,Africa,IND,2022–24,0.03306757,2.1758578330381906
hitech,armament,imports,Africa,IRN,2019–21,0,0
hitech,armament,imports,Africa,IRN,2022–24,0,0
hitech,armament,imports,Africa,ISR,2019–21,0.005144655,0.5108038614320365
hitech,armament,imports,Africa,ISR,2022–24,0.006676875,0.43934074287789726
hitech,armament,imports,Africa,JPN,2019–21,0.0017055116666666666,0.16933729182048585
hitech,armament,imports,Africa,JPN,2022–24,0.0013389606666666667,0.08810408671386208
hitech,armament,imports,Africa,KOR,2019–21,0.004598926666666667,0.45661944285401007
hitech,armament,imports,Africa,KOR,2022–24,0.021950617666666665,1.4443584270039544
hitech,armament,imports,Africa,RUS,2019–21,0.043217526666666665,4.290993176972089
hitech,armament,imports,Africa,RUS,2022–24,0.013171775666666666,0.8667075100873304
hitech,armament,imports,Africa,TUR,2019–21,0.031234372333333333,3.1012065915542704
hitech,armament,imports,Africa,TUR,2022–24,0.041437829333333336,2.7266238655889454
hitech,armament,imports,Africa,USA,2019–21,0.28804809433333334,28.599795100663925
hitech,armament,imports,Africa,USA,2022–24,0.16755085833333333,11.024905898342562
hitech,armament,imports,Africa,other,2019–21,0.23453798666666667,23.286869428917743
hitech,armament,imports,Africa,other,2022–24,0.9966682583333333,65.58112485541315
hitech,armament,imports,North Africa,CHN,2019–21,0.0016808473333333332,0.4355582227917942
hitech,armament,imports,North Africa,CHN,2022–24,2.5823366666666666e-4,0.12117273167652858
hitech,armament,imports,North Africa,EU,2019–21,0.08318531166666666,21.55582234828079
hitech,armament,imports,North Africa,EU,2022–24,0.05423499566666667,25.44905419275833
hitech,armament,imports,North Africa,GCC,2019–21,0.0014686703333333334,0.3805767648065392
hitech,armament,imports,North Africa,GCC,2022–24,0.0019004776666666666,0.8917740019448863
hitech,armament,imports,North Africa,IND,2019–21,3.773333333333333e-7,9.7778443531122e-5
hitech,armament,imports,North Africa,IND,2022–24,0.004438506666666666,2.082710532313047
hitech,armament,imports,North Africa,IRN,2019–21,0,0
hitech,armament,imports,North Africa,IRN,2022–24,0,0
hitech,armament,imports,North Africa,ISR,2019–21,0,0
hitech,armament,imports,North Africa,ISR,2022–24,0,0
hitech,armament,imports,North Africa,JPN,2019–21,3.8035e-5,0.009856015281906957
hitech,armament,imports,North Africa,JPN,2022–24,2.300666666666667e-6,0.0010795573957325475
hitech,armament,imports,North Africa,KOR,2019–21,4.724176666666667e-4,0.12241766115707883
hitech,armament,imports,North Africa,KOR,2022–24,0.015682067333333334,7.3586026239100795
hitech,armament,imports,North Africa,RUS,2019–21,0.021213448333333332,5.497044063501432
hitech,armament,imports,North Africa,RUS,2022–24,0,0
hitech,armament,imports,North Africa,TUR,2019–21,0.0011025923333333333,0.28571491749827216
hitech,armament,imports,North Africa,TUR,2022–24,6.859003333333333e-4,0.32184965702061125
hitech,armament,imports,North Africa,USA,2019–21,0.242759195,62.906226784367846
hitech,armament,imports,North Africa,USA,2022–24,0.12211624566666666,57.301432692788744
hitech,armament,imports,North Africa,other,2019–21,0.033985568333333334,8.806685443870816
hitech,armament,imports,North Africa,other,2022–24,0.013793301000000001,6.472324010192035
hitech,armament,imports,West Africa,CHN,2019–21,0.07786802266666666,27.513936163722196
hitech,armament,imports,West Africa,CHN,2022–24,0.030207323666666668,3.0036754559298124
hitech,armament,imports,West Africa,EU,2019–21,0.078069052,27.58496799495344
hitech,armament,imports,West Africa,EU,2022–24,0.04062154566666667,4.0392171463882205
hitech,armament,imports,West Africa,GCC,2019–21,0.002296804,0.8115541716925297
hitech,armament,imports,West Africa,GCC,2022–24,0.006162643333333333,0.6127845263037642
hitech,armament,imports,West Africa,IND,2019–21,5.536173333333333e-4,0.1956154971812834
hitech,armament,imports,West Africa,IND,2022–24,0.025800035333333332,2.565435248352365
hitech,armament,imports,West Africa,IRN,2019–21,0,0
hitech,armament,imports,West Africa,IRN,2022–24,0,0
hitech,armament,imports,West Africa,ISR,2019–21,0.003195719,1.1291773638530234
hitech,armament,imports,West Africa,ISR,2022–24,0.0034032066666666665,0.3383990071057948
hitech,armament,imports,West Africa,JPN,2019–21,5.708e-5,0.020168683144147083
hitech,armament,imports,West Africa,JPN,2022–24,2.7628e-4,0.027471995338667548
hitech,armament,imports,West Africa,KOR,2019–21,0.0032281303333333332,1.1406296047829345
hitech,armament,imports,West Africa,KOR,2022–24,0.005658152333333334,0.5626202929158978
hitech,armament,imports,West Africa,RUS,2019–21,1.98076e-4,0.06998829857147999
hitech,armament,imports,West Africa,RUS,2022–24,0.003406914666666667,0.3387677133411929
hitech,armament,imports,West Africa,TUR,2019–21,0.017084688,6.036714416408759
hitech,armament,imports,West Africa,TUR,2022–24,0.022678427666666667,2.2550371331510632
hitech,armament,imports,West Africa,USA,2019–21,0.017893570666666667,6.322525527214519
hitech,armament,imports,West Africa,USA,2022–24,0.018319965666666667,1.821651988559491
hitech,armament,imports,West Africa,other,2019–21,0.08256826366666667,29.174722278475684
hitech,armament,imports,West Africa,other,2022–24,0.8491441846666666,84.43493949261372
hitech,armament,imports,Central Africa,CHN,2019–21,0.007815499,16.103947755906198
hitech,armament,imports,Central Africa,CHN,2022–24,0.006924632333333333,14.042311341838593
hitech,armament,imports,Central Africa,EU,2019–21,0.013740562333333333,28.312625713696914
hitech,armament,imports,Central Africa,EU,2022–24,0.011720351666666667,23.767446301361296
hitech,armament,imports,Central Africa,GCC,2019–21,6.415536666666666e-4,1.321930529401905
hitech,armament,imports,Central Africa,GCC,2022–24,6.634633333333334e-5,0.13454228675381474
hitech,armament,imports,Central Africa,IND,2019–21,0.0013890823333333334,2.8622240658788742
hitech,armament,imports,Central Africa,IND,2022–24,1.23015e-4,0.24945944370229736
hitech,armament,imports,Central Africa,IRN,2019–21,0,0
hitech,armament,imports,Central Africa,IRN,2022–24,0,0
hitech,armament,imports,Central Africa,ISR,2019–21,1.0386666666666667e-6,0.002140187560103486
hitech,armament,imports,Central Africa,ISR,2022–24,2.733943333333333e-4,0.5544104239701969
hitech,armament,imports,Central Africa,JPN,2019–21,7.376666666666666e-7,0.0015199727440657943
hitech,armament,imports,Central Africa,JPN,2022–24,1.1316766666666666e-4,0.22949025055280806
hitech,armament,imports,Central Africa,KOR,2019–21,4.4413333333333336e-6,0.0091514310175927
hitech,armament,imports,Central Africa,KOR,2022–24,2.3596033333333333e-4,0.4784988293227816
hitech,armament,imports,Central Africa,RUS,2019–21,0.009319894,19.203775224919564
hitech,armament,imports,Central Africa,RUS,2022–24,0,0
hitech,armament,imports,Central Africa,TUR,2019–21,8.410323333333333e-4,1.732959182392306
hitech,armament,imports,Central Africa,TUR,2022–24,0.001056153,2.141749704056517
hitech,armament,imports,Central Africa,USA,2019–21,3.89269e-4,0.8020943562264993
hitech,armament,imports,Central Africa,USA,2022–24,0.0012936103333333333,2.623284267129023
hitech,armament,imports,Central Africa,other,2019–21,0.014388461666666666,29.647631580255972
hitech,armament,imports,Central Africa,other,2022–24,0.027505994,55.77880715131267
hitech,armament,imports,East Africa and HoA,CHN,2019–21,0.032713864,34.918391858019866
hitech,armament,imports,East Africa and HoA,CHN,2022–24,0.014683844666666666,14.412910204132967
hitech,armament,imports,East Africa and HoA,EU,2019–21,0.018023294,19.23785103662161
hitech,armament,imports,East Africa and HoA,EU,2022–24,0.017157132,16.84056243374791
hitech,armament,imports,East Africa and HoA,GCC,2019–21,0.001143736,1.220810291016806
hitech,armament,imports,East Africa and HoA,GCC,2022–24,0.007102190666666667,6.971146770822867
hitech,armament,imports,East Africa and HoA,IND,2019–21,8.907126666666666e-4,0.950736174961432
hitech,armament,imports,East Africa and HoA,IND,2022–24,0.001086289,1.0662456712225319
hitech,armament,imports,East Africa and HoA,IRN,2019–21,0,0
hitech,armament,imports,East Africa and HoA,IRN,2022–24,0,0
hitech,armament,imports,East Africa and HoA,ISR,2019–21,6.56545e-4,0.7007883746910378
hitech,armament,imports,East Africa and HoA,ISR,2022–24,8.51071e-4,0.8353677241075179
hitech,armament,imports,East Africa and HoA,JPN,2019–21,9.263053333333334e-4,0.9887273667674062
hitech,armament,imports,East Africa and HoA,JPN,2022–24,7.874033333333333e-5,0.07728748018923685
hitech,armament,imports,East Africa and HoA,KOR,2019–21,2.12557e-4,0.22688083004090034
hitech,armament,imports,East Africa and HoA,KOR,2022–24,1.4278566666666668e-4,0.14015110067022377
hitech,armament,imports,East Africa and HoA,RUS,2019–21,0.0032370573333333334,3.4551967457042116
hitech,armament,imports,East Africa and HoA,RUS,2022–24,5.1453666666666665e-5,0.0505042850952743
hitech,armament,imports,East Africa and HoA,TUR,2019–21,0.008377787,8.942350844554
hitech,armament,imports,East Africa and HoA,TUR,2022–24,0.005849058333333333,5.74113622493162
hitech,armament,imports,East Africa and HoA,USA,2019–21,0.012634181333333333,13.485575858682216
hitech,armament,imports,East Africa and HoA,USA,2022–24,0.004884888666666667,4.7947566395658425
hitech,armament,imports,East Africa and HoA,other,2019–21,0.014870588666666667,15.872690618940515
hitech,armament,imports,East Africa and HoA,other,2022–24,0.04999235,49.06993146551401
hitech,armament,imports,Southern Africa and Indian Ocean,CHN,2019–21,0.017259351,8.804412387847583
hitech,armament,imports,Southern Africa and Indian Ocean,CHN,2022–24,0.008588613333333333,5.734707073145181
hitech,armament,imports,Southern Africa and Indian Ocean,EU,2019–21,0.057704339333333333,29.43637915811322
hitech,armament,imports,Southern Africa and Indian Ocean,EU,2022–24,0.03595128833333333,24.00505174609271
hitech,armament,imports,Southern Africa and Indian Ocean,GCC,2019–21,0.0019674276666666666,1.0036324378937578
hitech,armament,imports,Southern Africa and Indian Ocean,GCC,2022–24,0.002306284,1.5399299810308795
hitech,armament,imports,Southern Africa and Indian Ocean,IND,2019–21,2.691866666666667e-4,0.13731862934147396
hitech,armament,imports,Southern Africa and Indian Ocean,IND,2022–24,0.001619724,1.0815066785336327
hitech,armament,imports,Southern Africa and Indian Ocean,IRN,2019–21,0,0
hitech,armament,imports,Southern Africa and Indian Ocean,IRN,2022–24,0,0
hitech,armament,imports,Southern Africa and Indian Ocean,ISR,2019–21,0.0012913523333333333,0.658750058485738
hitech,armament,imports,Southern Africa and Indian Ocean,ISR,2022–24,0.002149203,1.4350453521862483
hitech,armament,imports,Southern Africa and Indian Ocean,JPN,2019–21,6.833536666666667e-4,0.34859523327853215
hitech,armament,imports,Southern Africa and Indian Ocean,JPN,2022–24,8.68472e-4,0.5798878501025242
hitech,armament,imports,Southern Africa and Indian Ocean,KOR,2019–21,6.813803333333334e-4,0.34758858821723454
hitech,armament,imports,Southern Africa and Indian Ocean,KOR,2022–24,2.31652e-4,0.1546764665434809
hitech,armament,imports,Southern Africa and Indian Ocean,RUS,2019–21,0.009249051,4.718164616979751
hitech,armament,imports,Southern Africa and Indian Ocean,RUS,2022–24,0.009713407333333333,6.485743807165642
hitech,armament,imports,Southern Africa and Indian Ocean,TUR,2019–21,0.0038282726666666665,1.9528944796625491
hitech,armament,imports,Southern Africa and Indian Ocean,TUR,2022–24,0.01116829,7.457184201012261
hitech,armament,imports,Southern Africa and Indian Ocean,USA,2019–21,0.014371878333333333,7.331442742814505
hitech,armament,imports,Southern Africa and Indian Ocean,USA,2022–24,0.020936148,13.979285288585313
hitech,armament,imports,Southern Africa and Indian Ocean,other,2019–21,0.08872510433333333,45.26082166736566
hitech,armament,imports,Southern Africa and Indian Ocean,other,2022–24,0.05623242866666667,37.54698155560213
hitech,chemistry,exports,Africa,CHN,2019–21,0.224307519,16.253629227817363
hitech,chemistry,exports,Africa,CHN,2022–24,0.29098147533333335,17.746832405557118
hitech,chemistry,exports,Africa,EU,2019–21,0.24546621133333332,17.786816976782042
hitech,chemistry,exports,Africa,EU,2022–24,0.42887126766666667,26.15667029016287
hitech,chemistry,exports,Africa,GCC,2019–21,0.011899440666666667,0.8622497251838083
hitech,chemistry,exports,Africa,GCC,2022–24,0.017317294666666667,1.0561741973949488
hitech,chemistry,exports,Africa,IND,2019–21,0.008271161666666667,0.599339672663117
hitech,chemistry,exports,Africa,IND,2022–24,0.012540838666666667,0.7648602433797901
hitech,chemistry,exports,Africa,IRN,2019–21,9.226e-6,6.685285625928706e-4
hitech,chemistry,exports,Africa,IRN,2022–24,0,0
hitech,chemistry,exports,Africa,ISR,2019–21,0.003351382,0.24284571766308471
hitech,chemistry,exports,Africa,ISR,2022–24,0.008869293333333333,0.5409343057391549
hitech,chemistry,exports,Africa,JPN,2019–21,0.028885520333333334,2.0930842605886046
hitech,chemistry,exports,Africa,JPN,2022–24,0.027044484333333334,1.6494312237869142
hitech,chemistry,exports,Africa,KOR,2019–21,0.039313553,2.8487137521687225
hitech,chemistry,exports,Africa,KOR,2022–24,0.058801576,3.586282299446046
hitech,chemistry,exports,Africa,RUS,2019–21,0.03823578833333333,2.7706174522099047
hitech,chemistry,exports,Africa,RUS,2022–24,0.005164460333333333,0.31497816792571276
hitech,chemistry,exports,Africa,TUR,2019–21,0.009049951666666667,0.6557718598798634
hitech,chemistry,exports,Africa,TUR,2022–24,0.015098208333333333,0.9208330963643241
hitech,chemistry,exports,Africa,USA,2019–21,0.16367962233333333,11.860449018452986
hitech,chemistry,exports,Africa,USA,2022–24,0.14802068533333335,9.02771660002457
hitech,chemistry,exports,Africa,other,2019–21,0.6075763713333333,44.025813808027905
hitech,chemistry,exports,Africa,other,2022–24,0.6269152723333333,38.23528717021855
hitech,chemistry,exports,North Africa,CHN,2019–21,4.912506666666667e-4,0.1678299019678147
hitech,chemistry,exports,North Africa,CHN,2022–24,0.0015279573333333333,0.3290963462910882
hitech,chemistry,exports,North Africa,EU,2019–21,0.08080137033333333,27.60481966146629
hitech,chemistry,exports,North Africa,EU,2022–24,0.238981066,51.4725077314655
hitech,chemistry,exports,North Africa,GCC,2019–21,0.008286776333333334,2.8310778061421598
hitech,chemistry,exports,North Africa,GCC,2022–24,0.012728125666666666,2.7414244891876263
hitech,chemistry,exports,North Africa,IND,2019–21,0.001062062,0.36284075206087835
hitech,chemistry,exports,North Africa,IND,2022–24,0.0013370923333333334,0.2879872310268431
hitech,chemistry,exports,North Africa,IRN,2019–21,3.912e-6,0.0013364879094272804
hitech,chemistry,exports,North Africa,IRN,2022–24,0,0
hitech,chemistry,exports,North Africa,ISR,2019–21,0.0028887986666666665,0.9869234383357995
hitech,chemistry,exports,North Africa,ISR,2022–24,0.008310592,1.7899619335242873
hitech,chemistry,exports,North Africa,JPN,2019–21,3.863333333333333e-7,1.3198615260959595e-4
hitech,chemistry,exports,North Africa,JPN,2022–24,6.21e-7,1.3375296979066984e-4
hitech,chemistry,exports,North Africa,KOR,2019–21,1.0130333333333334e-5,0.003460906957686135
hitech,chemistry,exports,North Africa,KOR,2022–24,4.59952e-4,0.09906593552521444
hitech,chemistry,exports,North Africa,RUS,2019–21,0.00119055,0.406737137159675
hitech,chemistry,exports,North Africa,RUS,2022–24,0.004930229666666667,1.0618886629093893
hitech,chemistry,exports,North Africa,TUR,2019–21,0.002381884,0.8137421185220572
hitech,chemistry,exports,North Africa,TUR,2022–24,0.0020823273333333333,0.4484983331877929
hitech,chemistry,exports,North Africa,USA,2019–21,0.07879001766666667,26.917665131662016
hitech,chemistry,exports,North Africa,USA,2022–24,0.049175828,10.591647402439897
hitech,chemistry,exports,North Africa,other,2019–21,0.11680033566666667,39.90343467166358
hitech,chemistry,exports,North Africa,other,2022–24,0.144754965,31.177788181472575
hitech,chemistry,exports,West Africa,CHN,2019–21,6.227086666666667e-4,0.3365024187254035
hitech,chemistry,exports,West Africa,CHN,2022–24,0.0022864406666666666,1.1241994537905837
hitech,chemistry,exports,West Africa,EU,2019–21,0.06932443233333334,37.461882908752784
hitech,chemistry,exports,West Africa,EU,2022–24,0.11353879333333333,55.824868456113585
hitech,chemistry,exports,West Africa,GCC,2019–21,1.4148e-4,0.0764536688659171
hitech,chemistry,exports,West Africa,GCC,2022–24,3.384486666666667e-4,0.16640878188958824
hitech,chemistry,exports,West Africa,IND,2019–21,4.85414e-4,0.2623104411851872
hitech,chemistry,exports,West Africa,IND,2022–24,5.553596666666667e-4,0.2730598012124175
hitech,chemistry,exports,West Africa,IRN,2019–21,0,0
hitech,chemistry,exports,West Africa,IRN,2022–24,0,0
hitech,chemistry,exports,West Africa,ISR,2019–21,2.086e-6,0.001127243096227757
hitech,chemistry,exports,West Africa,ISR,2022–24,2.372e-5,0.011662673531252499
hitech,chemistry,exports,West Africa,JPN,2019–21,0,0
hitech,chemistry,exports,West Africa,JPN,2022–24,7.5044e-5,0.03689770963234875
hitech,chemistry,exports,West Africa,KOR,2019–21,0.027868796333333334,15.059879322592248
hitech,chemistry,exports,West Africa,KOR,2022–24,0.021729878,10.68416833844629
hitech,chemistry,exports,West Africa,RUS,2019–21,4.180766666666667e-5,0.022592235675643016
hitech,chemistry,exports,West Africa,RUS,2022–24,1.9233333333333333e-6,9.4566647379605e-4
hitech,chemistry,exports,West Africa,TUR,2019–21,5.8079e-5,0.03138502003154933
hitech,chemistry,exports,West Africa,TUR,2022–24,1.67059e-4,0.0821397376668428
hitech,chemistry,exports,West Africa,USA,2019–21,5.377413333333334e-4,0.29058734686304366
hitech,chemistry,exports,West Africa,USA,2022–24,4.3274033333333335e-4,0.2127702036876918
hitech,chemistry,exports,West Africa,other,2019–21,0.085970706,46.457279394211994
hitech,chemistry,exports,West Africa,other,2022–24,0.06423449066666667,31.582879177555608
hitech,chemistry,exports,Central Africa,CHN,2019–21,2.0154e-5,0.7824210328935951
hitech,chemistry,exports,Central Africa,CHN,2022–24,1.1895466666666667e-4,6.009568791412573
hitech,chemistry,exports,Central Africa,EU,2019–21,3.677653333333333e-4,14.277430384495585
hitech,chemistry,exports,Central Africa,EU,2022–24,4.6341666666666664e-5,2.3411728311797573
hitech,chemistry,exports,Central Africa,GCC,2019–21,7.164e-6,0.2781216770690541
hitech,chemistry,exports,Central Africa,GCC,2022–24,9.76e-7,0.04930734795680151
hitech,chemistry,exports,Central Africa,IND,2019–21,1.2734666666666667e-5,0.4943867741832375
hitech,chemistry,exports,Central Africa,IND,2022–24,2.1829866666666666e-4,11.028410159671271
hitech,chemistry,exports,Central Africa,IRN,2019–21,0,0
hitech,chemistry,exports,Central Africa,IRN,2022–24,0,0
hitech,chemistry,exports,Central Africa,ISR,2019–21,0,0
hitech,chemistry,exports,Central Africa,ISR,2022–24,0,0
hitech,chemistry,exports,Central Africa,JPN,2019–21,0,0
hitech,chemistry,exports,Central Africa,JPN,2022–24,0,0
hitech,chemistry,exports,Central Africa,KOR,2019–21,0,0
hitech,chemistry,exports,Central Africa,KOR,2022–24,0,0
hitech,chemistry,exports,Central Africa,RUS,2019–21,0,0
hitech,chemistry,exports,Central Africa,RUS,2022–24,0,0
hitech,chemistry,exports,Central Africa,TUR,2019–21,2.3646e-5,0.9179878805101692
hitech,chemistry,exports,Central Africa,TUR,2022–24,8.719333333333333e-6,0.44049918301025065
hitech,chemistry,exports,Central Africa,USA,2019–21,5.819633333333333e-5,2.259305112498096
hitech,chemistry,exports,Central Africa,USA,2022–24,7.807666666666666e-6,0.39444194371317
hitech,chemistry,exports,Central Africa,other,2019–21,0.0020861906666666667,80.99034713835026
hitech,chemistry,exports,Central Africa,other,2022–24,0.001578323,79.73659974305617
hitech,chemistry,exports,East Africa and HoA,CHN,2019–21,0.002927294333333333,5.363276006892909
hitech,chemistry,exports,East Africa and HoA,CHN,2022–24,0.0026336946666666665,3.879528815636587
hitech,chemistry,exports,East Africa and HoA,EU,2019–21,0.001999561333333333,3.663519312444994
hitech,chemistry,exports,East Africa and HoA,EU,2022–24,0.006456776333333333,9.511068294408846
hitech,chemistry,exports,East Africa and HoA,GCC,2019–21,9.862056666666667e-4,1.8068880637199878
hitech,chemistry,exports,East Africa and HoA,GCC,2022–24,0.0014895596666666666,2.194176007789575
hitech,chemistry,exports,East Africa and HoA,IND,2019–21,0.0014419033333333334,2.641799788926444
hitech,chemistry,exports,East Africa and HoA,IND,2022–24,7.75813e-4,1.1428009963109367
hitech,chemistry,exports,East Africa and HoA,IRN,2019–21,0,0
hitech,chemistry,exports,East Africa and HoA,IRN,2022–24,0,0
hitech,chemistry,exports,East Africa and HoA,ISR,2019–21,2.1865333333333332e-5,0.04006082214351379
hitech,chemistry,exports,East Africa and HoA,ISR,2022–24,1.8626266666666667e-4,0.2743717378314086
hitech,chemistry,exports,East Africa and HoA,JPN,2019–21,1.193e-6,0.0021857686818043147
hitech,chemistry,exports,East Africa and HoA,JPN,2022–24,0,0
hitech,chemistry,exports,East Africa and HoA,KOR,2019–21,0,0
hitech,chemistry,exports,East Africa and HoA,KOR,2022–24,5.238433333333333e-5,0.07716404381522035
hitech,chemistry,exports,East Africa and HoA,RUS,2019–21,5.0932333333333334e-5,0.09331626076380382
hitech,chemistry,exports,East Africa and HoA,RUS,2022–24,4.1815e-5,0.061595028261632406
hitech,chemistry,exports,East Africa and HoA,TUR,2019–21,8.759043333333333e-4,1.6047982062503665
hitech,chemistry,exports,East Africa and HoA,TUR,2022–24,0.001832688,2.69961662453078
hitech,chemistry,exports,East Africa and HoA,USA,2019–21,0.005885723333333333,10.783595751688933
hitech,chemistry,exports,East Africa and HoA,USA,2022–24,0.006747972,9.940010188896428
hitech,chemistry,exports,East Africa and HoA,other,2019–21,0.040389758,74.00056001848723
hitech,chemistry,exports,East Africa and HoA,other,2022–24,0.047670007,70.21966826251858
hitech,chemistry,exports,Southern Africa and Indian Ocean,CHN,2019–21,0.22024611133333333,26.060655302276754
hitech,chemistry,exports,Southern Africa and Indian Ocean,CHN,2022–24,0.284414428,31.528533679116457
hitech,chemistry,exports,Southern Africa and Indian Ocean,EU,2019–21,0.092973082,11.001054355621713
hitech,chemistry,exports,Southern Africa and Indian Ocean,EU,2022–24,0.06984829033333333,7.74297629585516
hitech,chemistry,exports,Southern Africa and Indian Ocean,GCC,2019–21,0.002477814666666667,0.2931878049515094
hitech,chemistry,exports,Southern Africa and Indian Ocean,GCC,2022–24,0.0027601846666666665,0.3059780610833879
hitech,chemistry,exports,Southern Africa and Indian Ocean,IND,2019–21,0.005269047666666667,0.6234608828323208
hitech,chemistry,exports,Southern Africa and Indian Ocean,IND,2022–24,0.009654275,1.070216924736856
hitech,chemistry,exports,Southern Africa and Indian Ocean,IRN,2019–21,5.314e-6,6.287798746498882e-4
hitech,chemistry,exports,Southern Africa and Indian Ocean,IRN,2022–24,0,0
hitech,chemistry,exports,Southern Africa and Indian Ocean,ISR,2019–21,4.38632e-4,0.05190119946884263
hitech,chemistry,exports,Southern Africa and Indian Ocean,ISR,2022–24,3.4871866666666667e-4,0.038656928566706134
hitech,chemistry,exports,Southern Africa and Indian Ocean,JPN,2019–21,0.028883941,3.417696801161981
hitech,chemistry,exports,Southern Africa and Indian Ocean,JPN,2022–24,0.026968819333333335,2.989606872675977
hitech,chemistry,exports,Southern Africa and Indian Ocean,KOR,2019–21,0.011434626333333333,1.3530039353672647
hitech,chemistry,exports,Southern Africa and Indian Ocean,KOR,2022–24,0.036559361666666665,4.052758763681633
hitech,chemistry,exports,Southern Africa and Indian Ocean,RUS,2019–21,0.03695249833333333,4.372410099742856
hitech,chemistry,exports,Southern Africa and Indian Ocean,RUS,2022–24,1.9049233333333333e-4,0.021116875080308784
hitech,chemistry,exports,Southern Africa and Indian Ocean,TUR,2019–21,0.005710438333333333,0.6756885019625988
hitech,chemistry,exports,Southern Africa and Indian Ocean,TUR,2022–24,0.011007414666666666,1.2202181389968036
hitech,chemistry,exports,Southern Africa and Indian Ocean,USA,2019–21,0.07840794366666666,9.27763210204783
hitech,chemistry,exports,Southern Africa and Indian Ocean,USA,2022–24,0.09165633733333334,10.160489883862216
hitech,chemistry,exports,Southern Africa and Indian Ocean,other,2019–21,0.362329381,42.872680234691686
hitech,chemistry,exports,Southern Africa and Indian Ocean,other,2022–24,0.36867748666666667,40.8694475763445
hitech,chemistry,imports,Africa,CHN,2019–21,1.9496090586666666,43.39577766709299
hitech,chemistry,imports,Africa,CHN,2022–24,2.887953935,52.48688000309302
hitech,chemistry,imports,Africa,EU,2019–21,0.826108878,18.38811583231827
hitech,chemistry,imports,Africa,EU,2022–24,0.8667317013333333,15.75234364074416
hitech,chemistry,imports,Africa,GCC,2019–21,0.15655160633333334,3.484636405266696
hitech,chemistry,imports,Africa,GCC,2022–24,0.21835250833333333,3.968429608371172
hitech,chemistry,imports,Africa,IND,2019–21,0.60604022,13.48967195629587
hitech,chemistry,imports,Africa,IND,2022–24,0.5377770563333333,9.773784644589306
hitech,chemistry,imports,Africa,IRN,2019–21,1.1374333333333334e-5,2.531779580375507e-4
hitech,chemistry,imports,Africa,IRN,2022–24,2.2151333333333333e-5,4.025875760982944e-4
hitech,chemistry,imports,Africa,ISR,2019–21,0.023672056,0.5269093691027065
hitech,chemistry,imports,Africa,ISR,2022–24,0.020146729666666665,0.3661550725077917
hitech,chemistry,imports,Africa,JPN,2019–21,0.028439873,0.6330348128523814
hitech,chemistry,imports,Africa,JPN,2022–24,0.03252658566666667,0.5911517417595715
hitech,chemistry,imports,Africa,KOR,2019–21,0.029484733,0.6562920459123511
hitech,chemistry,imports,Africa,KOR,2022–24,0.027004488,0.4907908343077382
hitech,chemistry,imports,Africa,RUS,2019–21,0.0026000093333333335,0.057872847102415394
hitech,chemistry,imports,Africa,RUS,2022–24,0.003514713333333333,0.06387786686491512
hitech,chemistry,imports,Africa,TUR,2019–21,0.055301577,1.230941623636525
hitech,chemistry,imports,Africa,TUR,2022–24,0.088596393,1.6101878190442362
hitech,chemistry,imports,Africa,USA,2019–21,0.103596718,2.3059290381237263
hitech,chemistry,imports,Africa,USA,2022–24,0.10293134266666666,1.8707171764852204
hitech,chemistry,imports,Africa,other,2019–21,0.7112077493333333,15.83056522433803
hitech,chemistry,imports,Africa,other,2022–24,0.716682069,13.02527900465678
hitech,chemistry,imports,North Africa,CHN,2019–21,0.30662580166666664,26.20683639705414
hitech,chemistry,imports,North Africa,CHN,2022–24,0.5122777186666667,34.18604199062005
hitech,chemistry,imports,North Africa,EU,2019–21,0.372822032,31.864526549082754
hitech,chemistry,imports,North Africa,EU,2022–24,0.39197238533333334,26.157656161672833
hitech,chemistry,imports,North Africa,GCC,2019–21,0.08708344733333333,7.442888513462771
hitech,chemistry,imports,North Africa,GCC,2022–24,0.15394285966666665,10.273132859298089
hitech,chemistry,imports,North Africa,IND,2019–21,0.172122793,14.711070796510157
hitech,chemistry,imports,North Africa,IND,2022–24,0.14492249233333335,9.671172935624728
hitech,chemistry,imports,North Africa,IRN,2019–21,0,0
hitech,chemistry,imports,North Africa,IRN,2022–24,0,0
hitech,chemistry,imports,North Africa,ISR,2019–21,3.19765e-4,0.02732982350133065
hitech,chemistry,imports,North Africa,ISR,2022–24,0.002316546666666667,0.1545910718623855
hitech,chemistry,imports,North Africa,JPN,2019–21,0.007688014,0.6570827504441044
hitech,chemistry,imports,North Africa,JPN,2022–24,0.008265844333333333,0.5516080266046696
hitech,chemistry,imports,North Africa,KOR,2019–21,0.017750258666666668,1.5170873499693984
hitech,chemistry,imports,North Africa,KOR,2022–24,0.018446299333333332,1.2309845628699072
hitech,chemistry,imports,North Africa,RUS,2019–21,0.001089477,0.09311592612937379
hitech,chemistry,imports,North Africa,RUS,2022–24,0.0016751066666666667,0.11178558964946143
hitech,chemistry,imports,North Africa,TUR,2019–21,0.03974083366666667,3.396588025286504
hitech,chemistry,imports,North Africa,TUR,2022–24,0.06896889466666667,4.6025299231401755
hitech,chemistry,imports,North Africa,USA,2019–21,0.014130812333333333,1.207738830079672
hitech,chemistry,imports,North Africa,USA,2022–24,0.015606188666666666,1.0414542769121622
hitech,chemistry,imports,North Africa,other,2019–21,0.15064895733333333,12.875735038479794
hitech,chemistry,imports,North Africa,other,2022–24,0.180105311,12.01904260174554
hitech,chemistry,imports,West Africa,CHN,2019–21,0.8915272456666666,68.43638762132191
hitech,chemistry,imports,West Africa,CHN,2022–24,1.1484448256666666,77.13134664601726
hitech,chemistry,imports,West Africa,EU,2019–21,0.08804637633333333,6.758712051357417
hitech,chemistry,imports,West Africa,EU,2022–24,0.08838395866666666,5.9360045876897845
hitech,chemistry,imports,West Africa,GCC,2019–21,0.016535569666666666,1.2693214489492788
hitech,chemistry,imports,West Africa,GCC,2022–24,0.009146350666666667,0.6142831837020779
hitech,chemistry,imports,West Africa,IND,2019–21,0.14661159733333334,11.25435947544403
hitech,chemistry,imports,West Africa,IND,2022–24,0.11433424733333333,7.678866470106271
hitech,chemistry,imports,West Africa,IRN,2019–21,1.0858333333333334e-5,8.335192362694884e-4
hitech,chemistry,imports,West Africa,IRN,2022–24,8.440666666666667e-6,5.668883450384516e-4
hitech,chemistry,imports,West Africa,ISR,2019–21,0.0075291536666666666,0.5779611125705865
hitech,chemistry,imports,West Africa,ISR,2022–24,0.0031799660000000002,0.2135714789138154
hitech,chemistry,imports,West Africa,JPN,2019–21,0.002161338666666667,0.1659110380438724
hitech,chemistry,imports,West Africa,JPN,2022–24,0.004226423666666666,0.2838532088098899
hitech,chemistry,imports,West Africa,KOR,2019–21,0.006520010666666667,0.5004961760259939
hitech,chemistry,imports,West Africa,KOR,2022–24,0.0029629123333333334,0.1989938159470836
hitech,chemistry,imports,West Africa,RUS,2019–21,4.032533333333333e-5,0.0030954972563910247
hitech,chemistry,imports,West Africa,RUS,2022–24,5.204333333333334e-6,3.4953114805644675e-4
hitech,chemistry,imports,West Africa,TUR,2019–21,0.002946902,0.2262133081566564
hitech,chemistry,imports,West Africa,TUR,2022–24,0.003872587,0.26008898611256087
hitech,chemistry,imports,West Africa,USA,2019–21,0.011467964,0.8803163709758391
hitech,chemistry,imports,West Africa,USA,2022–24,0.01201161,0.8067184717811368
hitech,chemistry,imports,West Africa,other,2019–21,0.12931204533333332,9.926392380661746
hitech,chemistry,imports,West Africa,other,2022–24,0.10237041366666666,6.875356731427022
hitech,chemistry,imports,Central Africa,CHN,2019–21,0.099791745,54.612204508255424
hitech,chemistry,imports,Central Africa,CHN,2022–24,0.19568099033333333,70.30560394577043
hitech,chemistry,imports,Central Africa,EU,2019–21,0.023652983,12.944372751737019
hitech,chemistry,imports,Central Africa,EU,2022–24,0.029259662,10.512611391913468
hitech,chemistry,imports,Central Africa,GCC,2019–21,0.004443949,2.432003284562838
hitech,chemistry,imports,Central Africa,GCC,2022–24,0.0012254173333333333,0.4402763168709271
hitech,chemistry,imports,Central Africa,IND,2019–21,0.017562526666666668,9.61129899073004
hitech,chemistry,imports,Central Africa,IND,2022–24,0.016347704333333334,5.873514971096835
hitech,chemistry,imports,Central Africa,IRN,2019–21,0,0
hitech,chemistry,imports,Central Africa,IRN,2022–24,0,0
hitech,chemistry,imports,Central Africa,ISR,2019–21,1.2075333333333333e-5,0.006608367991814891
hitech,chemistry,imports,Central Africa,ISR,2022–24,1.0711333333333334e-5,0.00384844106615389
hitech,chemistry,imports,Central Africa,JPN,2019–21,6.888263333333333e-4,0.3769683012023862
hitech,chemistry,imports,Central Africa,JPN,2022–24,2.6617266666666665e-4,0.09563233532280675
hitech,chemistry,imports,Central Africa,KOR,2019–21,1.4159533333333332e-4,0.0774897092080572
hitech,chemistry,imports,Central Africa,KOR,2022–24,1.2048666666666667e-4,0.04328927328598945
hitech,chemistry,imports,Central Africa,RUS,2019–21,4.151e-5,0.022716835036181427
hitech,chemistry,imports,Central Africa,RUS,2022–24,2.1781e-5,0.00782562658199084
hitech,chemistry,imports,Central Africa,TUR,2019–21,0.0012139476666666667,0.664347118434691
hitech,chemistry,imports,Central Africa,TUR,2022–24,6.77714e-4,0.24349371899303704
hitech,chemistry,imports,Central Africa,USA,2019–21,0.0029227336666666666,1.5995003266769534
hitech,chemistry,imports,Central Africa,USA,2022–24,0.00225062,0.8086181395693597
hitech,chemistry,imports,Central Africa,other,2019–21,0.03225602733333333,17.652489806164596
hitech,chemistry,imports,Central Africa,other,2022–24,0.032467891,11.665285839529
hitech,chemistry,imports,East Africa and HoA,CHN,2019–21,0.360169158,46.00133390854598
hitech,chemistry,imports,East Africa and HoA,CHN,2022–24,0.6100170136666667,59.843810017395846
hitech,chemistry,imports,East Africa and HoA,EU,2019–21,0.09028914633333333,11.531862394495302
hitech,chemistry,imports,East Africa and HoA,EU,2022–24,0.07973656966666667,7.82230662369408
hitech,chemistry,imports,East Africa and HoA,GCC,2019–21,0.035005597,4.470966268202775
hitech,chemistry,imports,East Africa and HoA,GCC,2022–24,0.03555053566666667,3.4875740426728163
hitech,chemistry,imports,East Africa and HoA,IND,2019–21,0.16421747566666667,20.97409720951414
hitech,chemistry,imports,East Africa and HoA,IND,2022–24,0.16489136266666668,16.176151090640843
hitech,chemistry,imports,East Africa and HoA,IRN,2019–21,0,0
hitech,chemistry,imports,East Africa and HoA,IRN,2022–24,1.3710666666666667e-5,0.0013450420444505657
hitech,chemistry,imports,East Africa and HoA,ISR,2019–21,0.0033322056666666667,0.42559420238942947
hitech,chemistry,imports,East Africa and HoA,ISR,2022–24,0.0026635256666666667,0.26129684976222084
hitech,chemistry,imports,East Africa and HoA,JPN,2019–21,0.004470746333333333,0.5710102887268163
hitech,chemistry,imports,East Africa and HoA,JPN,2022–24,0.006062005333333334,0.5946940615834556
hitech,chemistry,imports,East Africa and HoA,KOR,2019–21,0.0018047666666666667,0.23050744966993217
hitech,chemistry,imports,East Africa and HoA,KOR,2022–24,0.00135159,0.13259350701587136
hitech,chemistry,imports,East Africa and HoA,RUS,2019–21,3.80376e-4,0.04858218145040916
hitech,chemistry,imports,East Africa and HoA,RUS,2022–24,1.64863e-4,0.016173368659991267
hitech,chemistry,imports,East Africa and HoA,TUR,2019–21,0.008039189333333334,1.0267770703361776
hitech,chemistry,imports,East Africa and HoA,TUR,2022–24,0.011701945666666666,1.1479827572359311
hitech,chemistry,imports,East Africa and HoA,USA,2019–21,0.004384475666666667,0.5599916724580511
hitech,chemistry,imports,East Africa and HoA,USA,2022–24,0.00364495,0.3575764125196992
hitech,chemistry,imports,East Africa and HoA,other,2019–21,0.11086058966666666,14.159277354210978
hitech,chemistry,imports,East Africa and HoA,other,2022–24,0.10355048466666666,10.158496226774796
hitech,chemistry,imports,Southern Africa and Indian Ocean,CHN,2019–21,0.2914951083333333,27.65055677670182
hitech,chemistry,imports,Southern Africa and Indian Ocean,CHN,2022–24,0.4215333866666667,34.63380661683897
hitech,chemistry,imports,Southern Africa and Indian Ocean,EU,2019–21,0.2512983403333333,23.837583645938608
hitech,chemistry,imports,Southern Africa and Indian Ocean,EU,2022–24,0.27737912566666667,22.7898792877439
hitech,chemistry,imports,Southern Africa and Indian Ocean,GCC,2019–21,0.013483043333333333,1.278970536907744
hitech,chemistry,imports,Southern Africa and Indian Ocean,GCC,2022–24,0.018487345,1.5189476132648554
hitech,chemistry,imports,Southern Africa and Indian Ocean,IND,2019–21,0.10552582733333334,10.009937719956934
hitech,chemistry,imports,Southern Africa and Indian Ocean,IND,2022–24,0.09728124966666667,7.992771379373612
hitech,chemistry,imports,Southern Africa and Indian Ocean,IRN,2019–21,5.16e-7,4.8946575393171317e-5
hitech,chemistry,imports,Southern Africa and Indian Ocean,IRN,2022–24,0,0
hitech,chemistry,imports,Southern Africa and Indian Ocean,ISR,2019–21,0.012478856333333333,1.1837156634497157
hitech,chemistry,imports,Southern Africa and Indian Ocean,ISR,2022–24,0.01197598,0.9839642326958059
hitech,chemistry,imports,Southern Africa and Indian Ocean,JPN,2019–21,0.013430947666666667,1.2740288615663533
hitech,chemistry,imports,Southern Africa and Indian Ocean,JPN,2022–24,0.013706139666666667,1.126116710309571
hitech,chemistry,imports,Southern Africa and Indian Ocean,KOR,2019–21,0.0032681016666666666,0.3100046213566837
hitech,chemistry,imports,Southern Africa and Indian Ocean,KOR,2022–24,0.0041231996666666665,0.33876818400358627
hitech,chemistry,imports,Southern Africa and Indian Ocean,RUS,2019–21,0.001048321,0.0994413233774123
hitech,chemistry,imports,Southern Africa and Indian Ocean,RUS,2022–24,0.0016477583333333334,0.13538226217198537
hitech,chemistry,imports,Southern Africa and Indian Ocean,TUR,2019–21,0.0033607043333333335,0.3187886977241425
hitech,chemistry,imports,Southern Africa and Indian Ocean,TUR,2022–24,0.003375251666666667,0.277315669894815
hitech,chemistry,imports,Southern Africa and Indian Ocean,USA,2019–21,0.07069073233333334,6.705560580914716
hitech,chemistry,imports,Southern Africa and Indian Ocean,USA,2022–24,0.069417974,5.703483432855382
hitech,chemistry,imports,Southern Africa and Indian Ocean,other,2019–21,0.2881301296666667,27.331362625530474
hitech,chemistry,imports,Southern Africa and Indian Ocean,other,2022–24,0.2981879686666667,24.49956461084752
hitech,computers,exports,Africa,CHN,2019–21,0.0010133876666666667,0.32094162348451827
hitech,computers,exports,Africa,CHN,2022–24,7.117743333333334e-4,0.1918987948825276
hitech,computers,exports,Africa,EU,2019–21,0.044044100333333336,13.948842610637993
hitech,computers,exports,Africa,EU,2022–24,0.060982138,16.441164345946714
hitech,computers,exports,Africa,GCC,2019–21,0.013147974666666666,4.163986274801697
hitech,computers,exports,Africa,GCC,2022–24,0.023193292333333334,6.253056115807537
hitech,computers,exports,Africa,IND,2019–21,7.748913333333334e-4,0.24540942299220436
hitech,computers,exports,Africa,IND,2022–24,6.62461e-4,0.17860361297565863
hitech,computers,exports,Africa,IRN,2019–21,2.2511666666666667e-5,0.007129483696113313
hitech,computers,exports,Africa,IRN,2022–24,1.7166666666666666e-5,0.00462824028797993
hitech,computers,exports,Africa,ISR,2019–21,0.005948133666666667,1.8837842007315926
hitech,computers,exports,Africa,ISR,2022–24,7.06823e-4,0.19056388456723333
hitech,computers,exports,Africa,JPN,2019–21,3.60363e-4,0.11412758420889088
hitech,computers,exports,Africa,JPN,2022–24,3.54629e-4,0.09561018786908941
hitech,computers,exports,Africa,KOR,2019–21,0.0020342733333333332,0.6442578765131302
hitech,computers,exports,Africa,KOR,2022–24,8.214883333333334e-4,0.2214783728410963
hitech,computers,exports,Africa,RUS,2019–21,3.8369033333333333e-4,0.12151539094645515
hitech,computers,exports,Africa,RUS,2022–24,1.8164266666666667e-4,0.04897199463394812
hitech,computers,exports,Africa,TUR,2019–21,3.193926666666667e-4,0.10115220891351835
hitech,computers,exports,Africa,TUR,2022–24,0.004329805666666666,1.1673425840149787
hitech,computers,exports,Africa,USA,2019–21,0.009598119666666667,3.0397410680466965
hitech,computers,exports,Africa,USA,2022–24,0.008520079333333333,2.297066471494283
hitech,computers,exports,Africa,other,2019–21,0.23810767666666666,75.40911225502718
hitech,computers,exports,Africa,other,2022–24,0.27043000933333333,72.90961539467895
hitech,computers,exports,North Africa,CHN,2019–21,1.8887333333333334e-4,0.8563185775929105
hitech,computers,exports,North Africa,CHN,2022–24,2.7834966666666664e-4,0.6218802341462875
hitech,computers,exports,North Africa,EU,2019–21,0.011286408,51.170594991492955
hitech,computers,exports,North Africa,EU,2022–24,0.023633958,52.80225951355019
hitech,computers,exports,North Africa,GCC,2019–21,7.10267e-4,3.2202260447099493
hitech,computers,exports,North Africa,GCC,2022–24,0.001098718,2.454721844229766
hitech,computers,exports,North Africa,IND,2019–21,9.978833333333333e-5,0.4524228071390027
hitech,computers,exports,North Africa,IND,2022–24,5.214533333333333e-5,0.11650149429423737
hitech,computers,exports,North Africa,IRN,2019–21,4.085333333333333e-6,0.018522185039318614
hitech,computers,exports,North Africa,IRN,2022–24,3.2383333333333334e-6,0.0072349843838279936
hitech,computers,exports,North Africa,ISR,2019–21,9.870666666666667e-6,0.04475187201242679
hitech,computers,exports,North Africa,ISR,2022–24,6.336333333333333e-5,0.14156440365639356
hitech,computers,exports,North Africa,JPN,2019–21,1.1720933333333333e-4,0.531406566661678
hitech,computers,exports,North Africa,JPN,2022–24,8.984966666666667e-5,0.20073935210256835
hitech,computers,exports,North Africa,KOR,2019–21,2.06778e-4,0.9374951969794935
hitech,computers,exports,North Africa,KOR,2022–24,6.05e-6,0.013516723269838197
hitech,computers,exports,North Africa,RUS,2019–21,3.3037433333333335e-4,1.4978593017888855
hitech,computers,exports,North Africa,RUS,2022–24,1.0673066666666667e-4,0.2384543612791202
hitech,computers,exports,North Africa,TUR,2019–21,1.50041e-4,0.6802595868516002
hitech,computers,exports,North Africa,TUR,2022–24,9.144666666666667e-5,0.20430732021197856
hitech,computers,exports,North Africa,USA,2019–21,0.0014420323333333334,6.537921763384556
hitech,computers,exports,North Africa,USA,2022–24,0.0013517843333333333,3.0201148353998977
hitech,computers,exports,North Africa,other,2019–21,0.0075107053333333335,34.05222110634722
hitech,computers,exports,North Africa,other,2022–24,0.017983734666666668,40.1787049334759
hitech,computers,exports,West Africa,CHN,2019–21,4.191766666666667e-5,0.23272715293852891
hitech,computers,exports,West Africa,CHN,2022–24,9.055333333333333e-6,0.0631601580347784
hitech,computers,exports,West Africa,EU,2019–21,0.0017546626666666667,9.74189832721749
hitech,computers,exports,West Africa,EU,2022–24,0.002083418666666667,14.5316629874778
hitech,computers,exports,West Africa,GCC,2019–21,3.9877166666666666e-4,2.2139828391184007
hitech,computers,exports,West Africa,GCC,2022–24,2.875933333333333e-4,2.00593834753906
hitech,computers,exports,West Africa,IND,2019–21,2.8704333333333332e-5,0.159366641917056
hitech,computers,exports,West Africa,IND,2022–24,8.412066666666667e-5,0.5867342929387008
hitech,computers,exports,West Africa,IRN,2019–21,0,0
hitech,computers,exports,West Africa,IRN,2022–24,0,0
hitech,computers,exports,West Africa,ISR,2019–21,8.778833333333333e-5,0.487401387113275
hitech,computers,exports,West Africa,ISR,2022–24,1.5751466666666668e-4,1.09865102401481
hitech,computers,exports,West Africa,JPN,2019–21,3.481966666666667e-5,0.19331901162442083
hitech,computers,exports,West Africa,JPN,2022–24,1.3629666666666666e-5,0.09506573297077428
hitech,computers,exports,West Africa,KOR,2019–21,7.040566666666667e-5,0.3908927108078318
hitech,computers,exports,West Africa,KOR,2022–24,2.09194e-4,1.459109854221538
hitech,computers,exports,West Africa,RUS,2019–21,0,0
hitech,computers,exports,West Africa,RUS,2022–24,0,0
hitech,computers,exports,West Africa,TUR,2019–21,1.1734333333333334e-5,0.06514909357943774
hitech,computers,exports,West Africa,TUR,2022–24,2.4809666666666667e-5,0.17304525518554523
hitech,computers,exports,West Africa,USA,2019–21,6.533426666666666e-4,3.62736265631674
hitech,computers,exports,West Africa,USA,2022–24,7.472366666666666e-4,5.2119103978555215
hitech,computers,exports,West Africa,other,2019–21,0.014929359666666666,82.88790017936682
hitech,computers,exports,West Africa,other,2022–24,0.010720524666666667,74.77472194976147
hitech,computers,exports,Central Africa,CHN,2019–21,7.640433333333333e-5,0.9889704551478364
hitech,computers,exports,Central Africa,CHN,2022–24,2.3086666666666666e-6,0.058389862858854016
hitech,computers,exports,Central Africa,EU,2019–21,0.0024189753333333334,31.31098763680144
hitech,computers,exports,Central Africa,EU,2022–24,0.0012052503333333333,30.482703583852768
hitech,computers,exports,Central Africa,GCC,2019–21,6.473603333333333e-4,8.379370849401933
hitech,computers,exports,Central Africa,GCC,2022–24,3.337706666666667e-4,8.441592601635119
hitech,computers,exports,Central Africa,IND,2019–21,9.579333333333333e-6,0.12399398350023132
hitech,computers,exports,Central Africa,IND,2022–24,4.076266666666667e-5,1.0309528659086833
hitech,computers,exports,Central Africa,IRN,2019–21,0,0
hitech,computers,exports,Central Africa,IRN,2022–24,0,0
hitech,computers,exports,Central Africa,ISR,2019–21,2.6827e-5,0.3472461474731059
hitech,computers,exports,Central Africa,ISR,2022–24,8.559433333333333e-5,2.164817232816216
hitech,computers,exports,Central Africa,JPN,2019–21,4.9505333333333335e-5,0.6407923464931573
hitech,computers,exports,Central Africa,JPN,2022–24,1.3118566666666667e-4,3.3178947815682944
hitech,computers,exports,Central Africa,KOR,2019–21,7.53618e-4,9.754760024094649
hitech,computers,exports,Central Africa,KOR,2022–24,2.9844e-4,7.548023681026447
hitech,computers,exports,Central Africa,RUS,2019–21,2.0666666666666666e-7,0.0026750737619230087
hitech,computers,exports,Central Africa,RUS,2022–24,0,0
hitech,computers,exports,Central Africa,TUR,2019–21,6.380666666666666e-6,0.08259074508182296
hitech,computers,exports,Central Africa,TUR,2022–24,3.7133333333333335e-7,0.009391612362801527
hitech,computers,exports,Central Africa,USA,2019–21,9.344633333333333e-4,12.095604892640877
hitech,computers,exports,Central Africa,USA,2022–24,2.54584e-4,6.438835480533565
hitech,computers,exports,Central Africa,other,2019–21,0.0028023233333333334,36.273007845603026
hitech,computers,exports,Central Africa,other,2022–24,0.001601615,40.507398297437256
hitech,computers,exports,East Africa and HoA,CHN,2019–21,3.1392e-5,0.20209825005911594
hitech,computers,exports,East Africa and HoA,CHN,2022–24,1.1655666666666668e-05,0.06419230632252086
hitech,computers,exports,East Africa and HoA,EU,2019–21,0.0011460536666666667,7.37816770219058
hitech,computers,exports,East Africa and HoA,EU,2022–24,0.0021122463333333335,11.632965109213385
hitech,computers,exports,East Africa and HoA,GCC,2019–21,0.001120863,7.215992955402996
hitech,computers,exports,East Africa and HoA,GCC,2022–24,0.0010082193333333332,5.5526574443579175
hitech,computers,exports,East Africa and HoA,IND,2019–21,8.237333333333333e-6,0.05303104777714994
hitech,computers,exports,East Africa and HoA,IND,2022–24,5.3034e-5,0.29207894073056634
hitech,computers,exports,East Africa and HoA,IRN,2019–21,1.8426333333333333e-5,0.11862671131729814
hitech,computers,exports,East Africa and HoA,IRN,2022–24,0,0
hitech,computers,exports,East Africa and HoA,ISR,2019–21,3.552e-6,0.02286738609231587
hitech,computers,exports,East Africa and HoA,ISR,2022–24,3.1473333333333333e-6,0.017333593282158662
hitech,computers,exports,East Africa and HoA,JPN,2019–21,2.3737333333333334e-5,0.15281834632188418
hitech,computers,exports,East Africa and HoA,JPN,2022–24,2.0433333333333334e-6,0.011253434316843105
hitech,computers,exports,East Africa and HoA,KOR,2019–21,7.634333333333334e-6,0.04914899996924834
hitech,computers,exports,East Africa and HoA,KOR,2022–24,6.769666666666666e-6,0.03728319698870581
hitech,computers,exports,East Africa and HoA,RUS,2019–21,1.2446666666666667e-5,0.08013027371312637
hitech,computers,exports,East Africa and HoA,RUS,2022–24,3.483333333333333e-7,0.001918407644551557
hitech,computers,exports,East Africa and HoA,TUR,2019–21,8.977633333333334e-5,0.5779701791345102
hitech,computers,exports,East Africa and HoA,TUR,2022–24,0.004113634666666667,22.65539193710707
hitech,computers,exports,East Africa and HoA,USA,2019–21,1.8172633333333332e-4,1.1699341856627883
hitech,computers,exports,East Africa and HoA,USA,2022–24,3.1874933333333333e-4,1.7554770079302748
hitech,computers,exports,East Africa and HoA,other,2019–21,0.012889193666666666,82.97921396235898
hitech,computers,exports,East Africa and HoA,other,2022–24,0.010527572,57.979448622106
hitech,computers,exports,Southern Africa and Indian Ocean,CHN,2019–21,6.748003333333333e-4,0.2673239974412865
hitech,computers,exports,Southern Africa and Indian Ocean,CHN,2022–24,4.10405e-4,0.14166378449616535
hitech,computers,exports,Southern Africa and Indian Ocean,EU,2019–21,0.027438000666666667,10.86963899940281
hitech,computers,exports,Southern Africa and Indian Ocean,EU,2022–24,0.03194726466666667,11.027571342894516
hitech,computers,exports,Southern Africa and Indian Ocean,GCC,2019–21,0.010270712666666666,4.068770910443418
hitech,computers,exports,Southern Africa and Indian Ocean,GCC,2022–24,0.020464991,7.064114898064018
hitech,computers,exports,Southern Africa and Indian Ocean,IND,2019–21,6.28582e-4,0.24901447829699558
hitech,computers,exports,Southern Africa and Indian Ocean,IND,2022–24,4.3239833333333334e-4,0.14925545329573078
hitech,computers,exports,Southern Africa and Indian Ocean,IRN,2019–21,0,0
hitech,computers,exports,Southern Africa and Indian Ocean,IRN,2022–24,1.3928333333333334e-5,0.0048077884327044984
hitech,computers,exports,Southern Africa and Indian Ocean,ISR,2019–21,0.005820095666666666,2.305646814693397
hitech,computers,exports,Southern Africa and Indian Ocean,ISR,2022–24,3.972033333333333e-4,0.13710682719384962
hitech,computers,exports,Southern Africa and Indian Ocean,JPN,2019–21,1.3509133333333335e-4,0.05351680113723512
hitech,computers,exports,Southern Africa and Indian Ocean,JPN,2022–24,1.1792066666666666e-4,0.04070390933422063
hitech,computers,exports,Southern Africa and Indian Ocean,KOR,2019–21,9.958373333333332e-4,0.3945036829382186
hitech,computers,exports,Southern Africa and Indian Ocean,KOR,2022–24,3.010346666666667e-4,0.10391128310946902
hitech,computers,exports,Southern Africa and Indian Ocean,RUS,2019–21,4.0662666666666666e-5,0.01610862660108726
hitech,computers,exports,Southern Africa and Indian Ocean,RUS,2022–24,7.456366666666667e-5,0.02573792036137614
hitech,computers,exports,Southern Africa and Indian Ocean,TUR,2019–21,6.146033333333333e-5,0.024347679126922896
hitech,computers,exports,Southern Africa and Indian Ocean,TUR,2022–24,9.954333333333334e-5,0.0343604130587183
hitech,computers,exports,Southern Africa and Indian Ocean,USA,2019–21,0.006386555,2.530051228702172
hitech,computers,exports,Southern Africa and Indian Ocean,USA,2022–24,0.005847725,2.018520374246996
hitech,computers,exports,Southern Africa and Indian Ocean,other,2019–21,0.19997609466666666,79.22107678121645
hitech,computers,exports,Southern Africa and Indian Ocean,other,2022–24,0.229596563,79.25224600551223
hitech,computers,imports,Africa,CHN,2019–21,1.1993472113333334,25.379691709611357
hitech,computers,imports,Africa,CHN,2022–24,1.5441489713333334,28.75163252158438
hitech,computers,imports,Africa,EU,2019–21,1.484986063,31.424168177379276
hitech,computers,imports,Africa,EU,2022–24,1.6278696433333333,30.310488590844088
hitech,computers,imports,Africa,GCC,2019–21,0.919163415,19.450651056685544
hitech,computers,imports,Africa,GCC,2022–24,0.7459381536666667,13.889164890311234
hitech,computers,imports,Africa,IND,2019–21,0.011319432333333334,0.23953338969157134
hitech,computers,imports,Africa,IND,2022–24,0.018736177,0.3488625035304795
hitech,computers,imports,Africa,IRN,2019–21,2.10699e-4,0.004458655185914452
hitech,computers,imports,Africa,IRN,2022–24,1.81156e-4,0.0033730752911635895
hitech,computers,imports,Africa,ISR,2019–21,0.009511705666666667,0.20127962542572683
hitech,computers,imports,Africa,ISR,2022–24,0.010218008333333334,0.1902565271593009
hitech,computers,imports,Africa,JPN,2019–21,0.013404999333333334,0.2836666039931202
hitech,computers,imports,Africa,JPN,2022–24,0.011563672,0.21531241746516946
hitech,computers,imports,Africa,KOR,2019–21,0.023525836666666668,0.49783621971062847
hitech,computers,imports,Africa,KOR,2022–24,0.061437828666666666,1.1439556063187273
hitech,computers,imports,Africa,RUS,2019–21,0.039214797333333336,0.8298343110069384
hitech,computers,imports,Africa,RUS,2022–24,9.137666666666667e-5,0.001701408600997068
hitech,computers,imports,Africa,TUR,2019–21,0.005967078333333333,0.12627086391332865
hitech,computers,imports,Africa,TUR,2022–24,0.014527801,0.27050369067567004
hitech,computers,imports,Africa,USA,2019–21,0.23653401366666665,5.005356488070865
hitech,computers,imports,Africa,USA,2022–24,0.30471823866666664,5.673770460892395
hitech,computers,imports,Africa,other,2019–21,0.7824324786666667,16.557252899325732
hitech,computers,imports,Africa,other,2022–24,1.0312169536666667,19.200978307326398
hitech,computers,imports,North Africa,CHN,2019–21,0.21318810866666665,15.507431927095098
hitech,computers,imports,North Africa,CHN,2022–24,0.308051712,22.62644433154585
hitech,computers,imports,North Africa,EU,2019–21,0.5135681176666667,37.35725540440258
hitech,computers,imports,North Africa,EU,2022–24,0.5380344143333333,39.518708223796665
hitech,computers,imports,North Africa,GCC,2019–21,0.40458422266666666,29.429700985761446
hitech,computers,imports,North Africa,GCC,2022–24,0.276511125,20.30978349786161
hitech,computers,imports,North Africa,IND,2019–21,7.5746e-4,0.05509809839283056
hitech,computers,imports,North Africa,IND,2022–24,0.0012238243333333333,0.08989008036987596
hitech,computers,imports,North Africa,IRN,2019–21,0,0
hitech,computers,imports,North Africa,IRN,2022–24,7.465066666666667e-5,0.0054831026345541585
hitech,computers,imports,North Africa,ISR,2019–21,1.8173666666666665e-5,0.0013219635019123186
hitech,computers,imports,North Africa,ISR,2022–24,7.567903333333333e-4,0.055586363200665144
hitech,computers,imports,North Africa,JPN,2019–21,0.0021780966666666668,0.1584360685040745
hitech,computers,imports,North Africa,JPN,2022–24,0.0018413656666666667,0.13524858368861506
hitech,computers,imports,North Africa,KOR,2019–21,0.005408465666666667,0.3934150627838379
hitech,computers,imports,North Africa,KOR,2022–24,0.024029571333333333,1.7649756093047673
hitech,computers,imports,North Africa,RUS,2019–21,0.036866214,2.6816706972554947
hitech,computers,imports,North Africa,RUS,2022–24,7.090033333333334e-5,0.005207640090163536
hitech,computers,imports,North Africa,TUR,2019–21,0.002705757,0.1968184001968289
hitech,computers,imports,North Africa,TUR,2022–24,0.004181068666666667,0.3071001190628149
hitech,computers,imports,North Africa,USA,2019–21,0.06180965433333333,4.496071628976903
hitech,computers,imports,North Africa,USA,2022–24,0.048853293666666665,3.588281728366096
hitech,computers,imports,North Africa,other,2019–21,0.13366371933333332,9.722779763128994
hitech,computers,imports,North Africa,other,2022–24,0.15783889866666667,11.593290720078322
hitech,computers,imports,West Africa,CHN,2019–21,0.12258265033333333,16.877690947110715
hitech,computers,imports,West Africa,CHN,2022–24,0.191013101,25.81215602489474
hitech,computers,imports,West Africa,EU,2019–21,0.3014795316666667,41.50896026895616
hitech,computers,imports,West Africa,EU,2022–24,0.2803231073333333,37.880876997391475
hitech,computers,imports,West Africa,GCC,2019–21,0.14786641733333333,20.358865519893772
hitech,computers,imports,West Africa,GCC,2022–24,0.09757984633333333,13.186248509945154
hitech,computers,imports,West Africa,IND,2019–21,0.0030715506666666665,0.4229039161694083
hitech,computers,imports,West Africa,IND,2022–24,0.006477174,0.8752793657247184
hitech,computers,imports,West Africa,IRN,2019–21,8.7974e-5,0.012112627515750195
hitech,computers,imports,West Africa,IRN,2022–24,3.4668333333333335e-5,0.004684832738897104
hitech,computers,imports,West Africa,ISR,2019–21,0.002693338,0.37083001759628526
hitech,computers,imports,West Africa,ISR,2022–24,0.0016661663333333333,0.22515390375986188
hitech,computers,imports,West Africa,JPN,2019–21,0.0016078306666666667,0.22137283713067096
hitech,computers,imports,West Africa,JPN,2022–24,0.0012483996666666666,0.16869987874510547
hitech,computers,imports,West Africa,KOR,2019–21,0.004134366,0.5692367673606074
hitech,computers,imports,West Africa,KOR,2022–24,0.002193857,0.2964622786805995
hitech,computers,imports,West Africa,RUS,2019–21,3.7602966666666664e-4,0.05177333402147272
hitech,computers,imports,West Africa,RUS,2022–24,6.82e-7,9.216064404387746e-5
hitech,computers,imports,West Africa,TUR,2019–21,0.001356261,0.18673567539430827
hitech,computers,imports,West Africa,TUR,2022–24,0.0026775433333333333,0.36182422002256664
hitech,computers,imports,West Africa,USA,2019–21,0.046426866666666664,6.3922447843309635
hitech,computers,imports,West Africa,USA,2022–24,0.04873082733333333,6.58513846309529
hitech,computers,imports,West Africa,other,2019–21,0.09461707133333333,13.027273304519884
hitech,computers,imports,West Africa,other,2022–24,0.108066817,14.603383364357544
hitech,computers,imports,Central Africa,CHN,2019–21,0.042975394666666666,22.47952962302629
hitech,computers,imports,Central Africa,CHN,2022–24,0.05188252633333333,21.856436795690033
hitech,computers,imports,Central Africa,EU,2019–21,0.07355704733333333,38.47615216421857
hitech,computers,imports,Central Africa,EU,2022–24,0.08333751333333334,35.107409403649804
hitech,computers,imports,Central Africa,GCC,2019–21,0.034829448666666665,18.218555737041132
hitech,computers,imports,Central Africa,GCC,2022–24,0.031404527,13.229715435677436
hitech,computers,imports,Central Africa,IND,2019–21,9.215066666666666e-4,0.4820208533702405
hitech,computers,imports,Central Africa,IND,2022–24,8.954766666666666e-4,0.3772354692458504
hitech,computers,imports,Central Africa,IRN,2019–21,6.5145e-5,0.03407598623935184
hitech,computers,imports,Central Africa,IRN,2022–24,3.8049333333333335e-5,0.016028958261884853
hitech,computers,imports,Central Africa,ISR,2019–21,9.880703333333333e-4,0.5168389144551148
hitech,computers,imports,Central Africa,ISR,2022–24,0.0010518606666666667,0.4431150100742469
hitech,computers,imports,Central Africa,JPN,2019–21,2.93657e-4,0.15360583146963458
hitech,computers,imports,Central Africa,JPN,2022–24,2.4338233333333334e-4,0.10252913575393735
hitech,computers,imports,Central Africa,KOR,2019–21,0.0021495333333333335,1.1243759043317945
hitech,computers,imports,Central Africa,KOR,2022–24,0.025130066,10.586487166636605
hitech,computers,imports,Central Africa,RUS,2019–21,1.81669e-4,0.09502725219305871
hitech,computers,imports,Central Africa,RUS,2022–24,1.8773333333333334e-6,7.908600495053396e-4
hitech,computers,imports,Central Africa,TUR,2019–21,4.457936666666667e-4,0.23318533810612532
hitech,computers,imports,Central Africa,TUR,2022–24,5.267896666666667e-4,0.22191951448449998
hitech,computers,imports,Central Africa,USA,2019–21,0.006518907666666666,3.409904182131224
hitech,computers,imports,Central Africa,USA,2022–24,0.012585696,5.30194823949884
hitech,computers,imports,Central Africa,other,2019–21,0.028249511333333335,14.776728213417462
hitech,computers,imports,Central Africa,other,2022–24,0.030280939,12.756384010977362
hitech,computers,imports,East Africa and HoA,CHN,2019–21,0.09493511366666667,17.13358489664698
hitech,computers,imports,East Africa and HoA,CHN,2022–24,0.23214785733333335,29.894868895255556
hitech,computers,imports,East Africa and HoA,EU,2019–21,0.091012252,16.425599402052953
hitech,computers,imports,East Africa and HoA,EU,2022–24,0.10097592966666667,13.003187768505441
hitech,computers,imports,East Africa and HoA,GCC,2019–21,0.251995503,45.479340335374104
hitech,computers,imports,East Africa and HoA,GCC,2022–24,0.25822392833333335,33.25281814709405
hitech,computers,imports,East Africa and HoA,IND,2019–21,0.0019546843333333335,0.3527751606102689
hitech,computers,imports,East Africa and HoA,IND,2022–24,0.0037880356666666667,0.48780475911500826
hitech,computers,imports,East Africa and HoA,IRN,2019–21,4.5739666666666665e-5,0.008254948371677489
hitech,computers,imports,East Africa and HoA,IRN,2022–24,8.055666666666666e-6,0.0010373694662970355
hitech,computers,imports,East Africa and HoA,ISR,2019–21,0.0011560446666666667,0.20863923447962263
hitech,computers,imports,East Africa and HoA,ISR,2022–24,0.001841552,0.23714608541377558
hitech,computers,imports,East Africa and HoA,JPN,2019–21,0.003131404,0.5651457527936592
hitech,computers,imports,East Africa and HoA,JPN,2022–24,0.001192551,0.1535709017753957
hitech,computers,imports,East Africa and HoA,KOR,2019–21,0.0020950033333333334,0.3780994837848748
hitech,computers,imports,East Africa and HoA,KOR,2022–24,0.0032066666666666667,0.4129388945991427
hitech,computers,imports,East Africa and HoA,RUS,2019–21,0.0015696893333333334,0.28329249753108954
hitech,computers,imports,East Africa and HoA,RUS,2022–24,1.1182666666666667e-5,0.0014400492760927276
hitech,computers,imports,East Africa and HoA,TUR,2019–21,6.861893333333333e-4,0.12384125055267409
hitech,computers,imports,East Africa and HoA,TUR,2022–24,0.006674536666666666,0.8595142805908877
hitech,computers,imports,East Africa and HoA,USA,2019–21,0.024282663666666666,4.382457274032214
hitech,computers,imports,East Africa and HoA,USA,2022–24,0.022907408,2.949904284090923
hitech,computers,imports,East Africa and HoA,other,2019–21,0.08122357166666666,14.658969763769884
hitech,computers,imports,East Africa and HoA,other,2022–24,0.14556979733333333,18.745768564817432
hitech,computers,imports,Southern Africa and Indian Ocean,CHN,2019–21,0.725665944,38.613500105791694
hitech,computers,imports,Southern Africa and Indian Ocean,CHN,2022–24,0.7610537746666667,33.745991980151324
hitech,computers,imports,Southern Africa and Indian Ocean,EU,2019–21,0.5053691143333333,26.891258313996367
hitech,computers,imports,Southern Africa and Indian Ocean,EU,2022–24,0.6251986786666667,27.72202214689391
hitech,computers,imports,Southern Africa and Indian Ocean,GCC,2019–21,0.07988782333333333,4.250920826915828
hitech,computers,imports,Southern Africa and Indian Ocean,GCC,2022–24,0.082218727,3.645672085622958
hitech,computers,imports,Southern Africa and Indian Ocean,IND,2019–21,0.004614230666666667,0.24552839747910316
hitech,computers,imports,Southern Africa and Indian Ocean,IND,2022–24,0.006351666333333334,0.28164012620414886
hitech,computers,imports,Southern Africa and Indian Ocean,IRN,2019–21,1.1840333333333333e-5,6.300374382999509e-4
hitech,computers,imports,Southern Africa and Indian Ocean,IRN,2022–24,2.5732e-5,0.0011409862148224449
hitech,computers,imports,Southern Africa and Indian Ocean,ISR,2019–21,0.004656079,0.24775519430890433
hitech,computers,imports,Southern Africa and Indian Ocean,ISR,2022–24,0.004901639,0.21734426119369168
hitech,computers,imports,Southern Africa and Indian Ocean,JPN,2019–21,0.006194011,0.32959028376805694
hitech,computers,imports,Southern Africa and Indian Ocean,JPN,2022–24,0.0070379733333333335,0.3120717609832623
hitech,computers,imports,Southern Africa and Indian Ocean,KOR,2019–21,0.009738468333333333,0.5181948403788063
hitech,computers,imports,Southern Africa and Indian Ocean,KOR,2022–24,0.006877667666666667,0.30496362497266893
hitech,computers,imports,Southern Africa and Indian Ocean,RUS,2019–21,2.2119533333333333e-4,0.011770052181293072
hitech,computers,imports,Southern Africa and Indian Ocean,RUS,2022–24,6.7343333333333335e-6,2.986080172296214e-4
hitech,computers,imports,Southern Africa and Indian Ocean,TUR,2019–21,7.730773333333333e-4,0.04113631339498527
hitech,computers,imports,Southern Africa and Indian Ocean,TUR,2022–24,4.678626666666667e-4,0.02074556400966638
hitech,computers,imports,Southern Africa and Indian Ocean,USA,2019–21,0.09749592133333333,5.187867502734736
hitech,computers,imports,Southern Africa and Indian Ocean,USA,2022–24,0.17164101366666668,7.610758219019802
hitech,computers,imports,Southern Africa and Indian Ocean,other,2019–21,0.444678605,23.661848131611922
hitech,computers,imports,Southern Africa and Indian Ocean,other,2022–24,0.5894605016666666,26.137350636716516
hitech,electrical,exports,Africa,CHN,2019–21,6.735373333333334e-4,0.5296456681300582
hitech,electrical,exports,Africa,CHN,2022–24,0.0015043963333333332,0.9909804660612779
hitech,electrical,exports,Africa,EU,2019–21,0.05115976,40.230205402977056
hitech,electrical,exports,Africa,EU,2022–24,0.06440645566666667,42.42601370377467
hitech,electrical,exports,Africa,GCC,2019–21,0.005869896,4.615876262400633
hitech,electrical,exports,Africa,GCC,2022–24,0.0026335963333333334,1.734810477795594
hitech,electrical,exports,Africa,IND,2019–21,0.0063632563333333335,5.003837182226708
hitech,electrical,exports,Africa,IND,2022–24,0.002092413,1.378320568847888
hitech,electrical,exports,Africa,IRN,2019–21,0,0
hitech,electrical,exports,Africa,IRN,2022–24,0,0
hitech,electrical,exports,Africa,ISR,2019–21,2.4170633333333333e-4,0.19006921528170656
hitech,electrical,exports,Africa,ISR,2022–24,7.719533333333333e-5,0.05085034156851555
hitech,electrical,exports,Africa,JPN,2019–21,8.41524e-4,0.6617443743194821
hitech,electrical,exports,Africa,JPN,2022–24,2.1562533333333334e-4,0.1420373664749815
hitech,electrical,exports,Africa,KOR,2019–21,0.0018014313333333334,1.4165811676864557
hitech,electrical,exports,Africa,KOR,2022–24,4.6419e-4,0.3057726294252144
hitech,electrical,exports,Africa,RUS,2019–21,2.5266966666666666e-4,0.1986903884830919
hitech,electrical,exports,Africa,RUS,2022–24,1.0235033333333333e-4,0.06742051863650768
hitech,electrical,exports,Africa,TUR,2019–21,5.45926e-4,0.4292966799458334
hitech,electrical,exports,Africa,TUR,2022–24,4.801846666666667e-4,0.3163086842377836
hitech,electrical,exports,Africa,USA,2019–21,0.0045204293333333334,3.554703942896578
hitech,electrical,exports,Africa,USA,2022–24,0.007622864666666666,5.02135628272739
hitech,electrical,exports,Africa,other,2019–21,0.054897397333333334,43.1693497156524
hitech,electrical,exports,Africa,other,2022–24,0.072209607,47.56612896045018
hitech,electrical,exports,North Africa,CHN,2019–21,1.2600966666666667e-4,0.2696591764494376
hitech,electrical,exports,North Africa,CHN,2022–24,3.887193333333333e-4,0.5788900704059328
hitech,electrical,exports,North Africa,EU,2019–21,0.034716288666666664,74.29244167432348
hitech,electrical,exports,North Africa,EU,2022–24,0.05355895066666667,79.76126233913728
hitech,electrical,exports,North Africa,GCC,2019–21,3.814686666666667e-4,0.81633837479081
hitech,electrical,exports,North Africa,GCC,2022–24,2.942936666666667e-4,0.4382691232663673
hitech,electrical,exports,North Africa,IND,2019–21,7.846066666666667e-5,0.16790488632094766
hitech,electrical,exports,North Africa,IND,2022–24,3.8131e-5,0.0567855915098519
hitech,electrical,exports,North Africa,IRN,2019–21,0,0
hitech,electrical,exports,North Africa,IRN,2022–24,0,0
hitech,electrical,exports,North Africa,ISR,2019–21,7.748e-6,0.016580627140750388
hitech,electrical,exports,North Africa,ISR,2022–24,1.7374333333333334e-5,0.025874270158733583
hitech,electrical,exports,North Africa,JPN,2019–21,7.934436666666667e-4,1.6979599372986365
hitech,electrical,exports,North Africa,JPN,2022–24,4.509266666666667e-5,0.06715307097698063
hitech,electrical,exports,North Africa,KOR,2019–21,1.49137e-4,0.31915139260326414
hitech,electrical,exports,North Africa,KOR,2022–24,1.77977e-4,0.2650475786144846
hitech,electrical,exports,North Africa,RUS,2019–21,2.2184533333333332e-4,0.4747463545321996
hitech,electrical,exports,North Africa,RUS,2022–24,1.9183333333333333e-6,0.0028568275955626454
hitech,electrical,exports,North Africa,TUR,2019–21,5.23647e-4,1.120598304126551
hitech,electrical,exports,North Africa,TUR,2022–24,3.74919e-4,0.5583382859951789
hitech,electrical,exports,North Africa,USA,2019–21,0.001638746,3.5068967997413694
hitech,electrical,exports,North Africa,USA,2022–24,0.0022057523333333332,3.284858801829728
hitech,electrical,exports,North Africa,other,2019–21,0.008092439,17.31772247267255
hitech,electrical,exports,North Africa,other,2022–24,0.010045947666666666,14.960664040509904
hitech,electrical,exports,West Africa,CHN,2019–21,3.317266666666667e-5,1.2237392477984055
hitech,electrical,exports,West Africa,CHN,2022–24,2.5136666666666666e-5,0.5213315586444771
hitech,electrical,exports,West Africa,EU,2019–21,0.00112794,41.60969213092305
hitech,electrical,exports,West Africa,EU,2022–24,8.9353e-4,18.531708828892704
hitech,electrical,exports,West Africa,GCC,2019–21,4.8561666666666666e-5,1.7914392603901879
hitech,electrical,exports,West Africa,GCC,2022–24,8.208033333333333e-5,1.7023366175861914
hitech,electrical,exports,West Africa,IND,2019–21,4.711433333333333e-5,1.738047152289737
hitech,electrical,exports,West Africa,IND,2022–24,5.7676666666666664e-6,0.1196207394142075
hitech,electrical,exports,West Africa,IRN,2019–21,0,0
hitech,electrical,exports,West Africa,IRN,2022–24,0,0
hitech,electrical,exports,West Africa,ISR,2019–21,6.36e-7,0.02346203184146946
hitech,electrical,exports,West Africa,ISR,2022–24,5.776e-6,0.11979357178347036
hitech,electrical,exports,West Africa,JPN,2019–21,9.683333333333333e-7,0.0357218042450046
hitech,electrical,exports,West Africa,JPN,2022–24,4.864733333333333e-5,1.0089400653983858
hitech,electrical,exports,West Africa,KOR,2019–21,1.5270333333333332e-5,0.5633224007806905
hitech,electrical,exports,West Africa,KOR,2022–24,1.1466e-5,0.23780351351614804
hitech,electrical,exports,West Africa,RUS,2019–21,2.2406666666666666e-6,0.08265816459033423
hitech,electrical,exports,West Africa,RUS,2022–24,0,0
hitech,electrical,exports,West Africa,TUR,2019–21,1.9266666666666667e-7,0.0071074708618288
hitech,electrical,exports,West Africa,TUR,2022–24,3.2777333333333336e-5,0.679798101374204
hitech,electrical,exports,West Africa,USA,2019–21,1.6396566666666666e-4,6.0486913400017315
hitech,electrical,exports,West Africa,USA,2022–24,3.13676e-4,6.505603951307452
hitech,electrical,exports,West Africa,other,2019–21,0.0012707003333333334,46.876118996277555
hitech,electrical,exports,West Africa,other,2022–24,0.0034027703333333334,70.57306305208276
hitech,electrical,exports,Central Africa,CHN,2019–21,2.0764333333333334e-5,1.9988929445268941
hitech,electrical,exports,Central Africa,CHN,2022–24,8.674233333333334e-5,3.354794311983353
hitech,electrical,exports,Central Africa,EU,2019–21,3.096596666666667e-4,29.809602502908028
hitech,electrical,exports,Central Africa,EU,2022–24,3.057233333333333e-4,11.823971759739658
hitech,electrical,exports,Central Africa,GCC,2019–21,3.2830333333333337e-5,3.1604348000481326
hitech,electrical,exports,Central Africa,GCC,2022–24,9.186e-6,0.35527221099131623
hitech,electrical,exports,Central Africa,IND,2019–21,1.3218333333333334e-5,1.2724720227828807
hitech,electrical,exports,Central Africa,IND,2022–24,5.021e-6,0.19418917607091213
hitech,electrical,exports,Central Africa,IRN,2019–21,0,0
hitech,electrical,exports,Central Africa,IRN,2022–24,0,0
hitech,electrical,exports,Central Africa,ISR,2019–21,0,0
hitech,electrical,exports,Central Africa,ISR,2022–24,3.59e-7,0.013884468075972406
hitech,electrical,exports,Central Africa,JPN,2019–21,4.105333333333334e-6,0.39520275961654167
hitech,electrical,exports,Central Africa,JPN,2022–24,2.0586666666666665e-6,0.07961975379499125
hitech,electrical,exports,Central Africa,KOR,2019–21,1.4759666666666667e-5,1.4208495447434921
hitech,electrical,exports,Central Africa,KOR,2022–24,7.031e-6,0.2719267271369415
hitech,electrical,exports,Central Africa,RUS,2019–21,1.5186666666666668e-6,0.1461954995788376
hitech,electrical,exports,Central Africa,RUS,2022–24,0,0
hitech,electrical,exports,Central Africa,TUR,2019–21,0,0
hitech,electrical,exports,Central Africa,TUR,2022–24,0,0
hitech,electrical,exports,Central Africa,USA,2019–21,2.812476666666667e-4,27.074501624483577
hitech,electrical,exports,Central Africa,USA,2022–24,2.2058133333333334e-4,8.531070977220319
hitech,electrical,exports,Central Africa,other,2019–21,3.606876666666667e-4,34.72184830131162
hitech,electrical,exports,Central Africa,other,2022–24,0.0019489203333333334,75.37527061498653
hitech,electrical,exports,East Africa and HoA,CHN,2019–21,6.5253333333333334e-6,0.32461771687086827
hitech,electrical,exports,East Africa and HoA,CHN,2022–24,3.1353666666666664e-5,1.1636523697876202
hitech,electrical,exports,East Africa and HoA,EU,2019–21,2.3287566666666668e-4,11.584935721513286
hitech,electrical,exports,East Africa and HoA,EU,2022–24,3.37181e-4,12.514053742699724
hitech,electrical,exports,East Africa and HoA,GCC,2019–21,4.342366666666667e-5,2.160210185660241
hitech,electrical,exports,East Africa and HoA,GCC,2022–24,1.1544433333333334e-4,4.2845729493164635
hitech,electrical,exports,East Africa and HoA,IND,2019–21,1.165e-6,0.057955604845917684
hitech,electrical,exports,East Africa and HoA,IND,2022–24,3.106333333333333e-6,0.11528770089676735
hitech,electrical,exports,East Africa and HoA,IRN,2019–21,0,0
hitech,electrical,exports,East Africa and HoA,IRN,2022–24,0,0
hitech,electrical,exports,East Africa and HoA,ISR,2019–21,1.1767e-5,0.5853764825939172
hitech,electrical,exports,East Africa and HoA,ISR,2022–24,8.8e-7,0.032660106274006416
hitech,electrical,exports,East Africa and HoA,JPN,2019–21,0,0
hitech,electrical,exports,East Africa and HoA,JPN,2022–24,5.953333333333333e-7,0.0220950567444604
hitech,electrical,exports,East Africa and HoA,KOR,2019–21,8.470333333333333e-6,0.42137621594838753
hitech,electrical,exports,East Africa and HoA,KOR,2022–24,3.1276666666666667e-6,0.11607946104886446
hitech,electrical,exports,East Africa and HoA,RUS,2019–21,5.443666666666667e-6,0.2708077203830277
hitech,electrical,exports,East Africa and HoA,RUS,2022–24,6.666666666666667e-7,0.024742504753035164
hitech,electrical,exports,East Africa and HoA,TUR,2019–21,1.5113333333333332e-6,0.07518475318208606
hitech,electrical,exports,East Africa and HoA,TUR,2022–24,4.296666666666667e-7,0.01594654431333116
hitech,electrical,exports,East Africa and HoA,USA,2019–21,1.5774766666666666e-4,7.847520544805901
hitech,electrical,exports,East Africa and HoA,USA,2022–24,9.612333333333334e-5,3.5674980478163745
hitech,electrical,exports,East Africa and HoA,other,2019–21,0.0015412296666666666,76.67201505419636
hitech,electrical,exports,East Africa and HoA,other,2022–24,0.002105510666666667,78.14341151634935
hitech,electrical,exports,Southern Africa and Indian Ocean,CHN,2019–21,4.8706533333333333e-4,0.65221552421906
hitech,electrical,exports,Southern Africa and Indian Ocean,CHN,2022–24,9.724443333333333e-4,1.3042766628635194
hitech,electrical,exports,Southern Africa and Indian Ocean,EU,2019–21,0.014772996,19.782104516627633
hitech,electrical,exports,Southern Africa and Indian Ocean,EU,2022–24,0.009311070666666667,12.488336617869546
hitech,electrical,exports,Southern Africa and Indian Ocean,GCC,2019–21,0.005363611666666667,7.182261917393286
hitech,electrical,exports,Southern Africa and Indian Ocean,GCC,2022–24,0.002132592,2.860307661493671
hitech,electrical,exports,Southern Africa and Indian Ocean,IND,2019–21,0.006223298,8.333443769572517
hitech,electrical,exports,Southern Africa and Indian Ocean,IND,2022–24,0.002040387,2.7366390610637605
hitech,electrical,exports,Southern Africa and Indian Ocean,IRN,2019–21,0,0
hitech,electrical,exports,Southern Africa and Indian Ocean,IRN,2022–24,0,0
hitech,electrical,exports,Southern Africa and Indian Ocean,ISR,2019–21,2.2155533333333334e-4,0.2966785315731673
hitech,electrical,exports,Southern Africa and Indian Ocean,ISR,2022–24,5.2806e-5,0.0708252710189454
hitech,electrical,exports,Southern Africa and Indian Ocean,JPN,2019–21,4.300666666666667e-5,0.05758902086697686
hitech,electrical,exports,Southern Africa and Indian Ocean,JPN,2022–24,1.1923133333333333e-4,0.159917272606968
hitech,electrical,exports,Southern Africa and Indian Ocean,KOR,2019–21,0.001613794,2.160986273624292
hitech,electrical,exports,Southern Africa and Indian Ocean,KOR,2022–24,2.6458833333333333e-4,0.35487521146809825
hitech,electrical,exports,Southern Africa and Indian Ocean,RUS,2019–21,2.1621333333333333e-5,0.028952520923233506
hitech,electrical,exports,Southern Africa and Indian Ocean,RUS,2022–24,9.976533333333334e-5,0.13380878634300572
hitech,electrical,exports,Southern Africa and Indian Ocean,TUR,2019–21,2.0575e-5,0.02755140530936403
hitech,electrical,exports,Southern Africa and Indian Ocean,TUR,2022–24,7.205866666666666e-5,0.09664762708651503
hitech,electrical,exports,Southern Africa and Indian Ocean,USA,2019–21,0.0022787223333333335,3.0513731515512217
hitech,electrical,exports,Southern Africa and Indian Ocean,USA,2022–24,0.004786731666666667,6.420133461853481
hitech,electrical,exports,Southern Africa and Indian Ocean,other,2019–21,0.043632340666666665,58.42684336833924
hitech,electrical,exports,Southern Africa and Indian Ocean,other,2022–24,0.054706458,73.37423236633249
hitech,electrical,imports,Africa,CHN,2019–21,0.511818691,43.21808356040829
hitech,electrical,imports,Africa,CHN,2022–24,0.6968570756666667,47.38553915349814
hitech,electrical,imports,Africa,EU,2019–21,0.28369100033333333,23.95493086387073
hitech,electrical,imports,Africa,EU,2022–24,0.3542189513333333,24.086511529296082
hitech,electrical,imports,Africa,GCC,2019–21,0.101793431,8.595459845874709
hitech,electrical,imports,Africa,GCC,2022–24,0.054586596333333334,3.711830428549227
hitech,electrical,imports,Africa,IND,2019–21,0.010063623666666667,0.8497746100220135
hitech,electrical,imports,Africa,IND,2022–24,0.009594098,0.6523884485015419
hitech,electrical,imports,Africa,IRN,2019–21,3.123466666666667e-5,0.002637462167206198
hitech,electrical,imports,Africa,IRN,2022–24,1.9801e-5,0.0013464469165083606
hitech,electrical,imports,Africa,ISR,2019–21,0.003193338333333333,0.2696461957202242
hitech,electrical,imports,Africa,ISR,2022–24,0.0055194856666666665,0.3753191483559126
hitech,electrical,imports,Africa,JPN,2019–21,0.015615592333333332,1.3185840731777243
hitech,electrical,imports,Africa,JPN,2022–24,0.014528624666666667,0.9879310077036838
hitech,electrical,imports,Africa,KOR,2019–21,0.012218488333333333,1.0317318594601186
hitech,electrical,imports,Africa,KOR,2022–24,0.00818948,0.5568759200952925
hitech,electrical,imports,Africa,RUS,2019–21,0.016852962666666665,1.4230678980194595
hitech,electrical,imports,Africa,RUS,2022–24,4.6929966666666665e-4,0.03191187763758067
hitech,electrical,imports,Africa,TUR,2019–21,0.009397746333333333,0.7935477806017065
hitech,electrical,imports,Africa,TUR,2022–24,0.022025218666666666,1.497691417562533
hitech,electrical,imports,Africa,USA,2019–21,0.05187959833333333,4.380724766947635
hitech,electrical,imports,Africa,USA,2022–24,0.07432900333333334,5.0542930834456
hitech,electrical,imports,Africa,other,2019–21,0.167714045,14.161811083730186
hitech,electrical,imports,Africa,other,2022–24,0.23027362833333334,15.658361538437903
hitech,electrical,imports,North Africa,CHN,2019–21,0.170482128,37.777700162666854
hitech,electrical,imports,North Africa,CHN,2022–24,0.24288080233333334,42.392274374683666
hitech,electrical,imports,North Africa,EU,2019–21,0.17261439,38.250195171083504
hitech,electrical,imports,North Africa,EU,2022–24,0.21520883266666666,37.562424838089555
hitech,electrical,imports,North Africa,GCC,2019–21,0.013581699666666667,3.009613874052098
hitech,electrical,imports,North Africa,GCC,2022–24,0.010784498,1.882320026190408
hitech,electrical,imports,North Africa,IND,2019–21,0.0017288456666666667,0.38310064514715125
hitech,electrical,imports,North Africa,IND,2022–24,0.0022011576666666668,0.38418878252554894
hitech,electrical,imports,North Africa,IRN,2019–21,0,0
hitech,electrical,imports,North Africa,IRN,2022–24,0,0
hitech,electrical,imports,North Africa,ISR,2019–21,5.262386666666667e-4,0.11661097146402888
hitech,electrical,imports,North Africa,ISR,2022–24,0.001951738,0.34065521856249725
hitech,electrical,imports,North Africa,JPN,2019–21,0.006985168333333333,1.5478666179156446
hitech,electrical,imports,North Africa,JPN,2022–24,0.007971196,1.3912879267527218
hitech,electrical,imports,North Africa,KOR,2019–21,0.008109315333333334,1.7969700799791957
hitech,electrical,imports,North Africa,KOR,2022–24,0.004627445333333333,0.8076716246815272
hitech,electrical,imports,North Africa,RUS,2019–21,0.015993791,3.544117192520964
hitech,electrical,imports,North Africa,RUS,2022–24,8.323333333333333e-5,0.014527497726821867
hitech,electrical,imports,North Africa,TUR,2019–21,0.0058651503333333336,1.2996781146562895
hitech,electrical,imports,North Africa,TUR,2022–24,0.0075197296666666665,1.312489254771505
hitech,electrical,imports,North Africa,USA,2019–21,0.015949571333333332,3.5343184099258385
hitech,electrical,imports,North Africa,USA,2022–24,0.01788049,3.120850354378788
hitech,electrical,imports,North Africa,other,2019–21,0.03944085,8.739828760588434
hitech,electrical,imports,North Africa,other,2022–24,0.06182735166666667,10.791310101636958
hitech,electrical,imports,West Africa,CHN,2019–21,0.09199184733333333,46.947056716898736
hitech,electrical,imports,West Africa,CHN,2022–24,0.11102618633333333,53.88445142835052
hitech,electrical,imports,West Africa,EU,2019–21,0.024862250333333332,12.688183902638023
hitech,electrical,imports,West Africa,EU,2022–24,0.03280047966666667,15.919090007457662
hitech,electrical,imports,West Africa,GCC,2019–21,0.038522231999999997,19.659409643252353
hitech,electrical,imports,West Africa,GCC,2022–24,0.023224737,11.271685123503088
hitech,electrical,imports,West Africa,IND,2019–21,0.003050006,1.5565379848285408
hitech,electrical,imports,West Africa,IND,2022–24,0.00215178,1.0443255661001232
hitech,electrical,imports,West Africa,IRN,2019–21,4.198e-6,0.002142404460945393
hitech,electrical,imports,West Africa,IRN,2022–24,2.4846666666666667e-6,0.001205885789084745
hitech,electrical,imports,West Africa,ISR,2019–21,4.63374e-4,0.23647797157839698
hitech,electrical,imports,West Africa,ISR,2022–24,2.9813833333333336e-4,0.14469577918489834
hitech,electrical,imports,West Africa,JPN,2019–21,4.040576666666667e-4,0.20620651442254723
hitech,electrical,imports,West Africa,JPN,2022–24,9.637076666666667e-4,0.46771721762758994
hitech,electrical,imports,West Africa,KOR,2019–21,6.909893333333333e-4,0.3526390257739439
hitech,electrical,imports,West Africa,KOR,2022–24,5.136883333333334e-4,0.24930887893156464
hitech,electrical,imports,West Africa,RUS,2019–21,2.978013333333333e-4,0.1519797296352595
hitech,electrical,imports,West Africa,RUS,2022–24,1.0582e-5,0.005135772774387486
hitech,electrical,imports,West Africa,TUR,2019–21,0.001366492,0.6973745966284403
hitech,electrical,imports,West Africa,TUR,2022–24,0.00734952,3.5669499830671247
hitech,electrical,imports,West Africa,USA,2019–21,0.007949542333333334,4.056964020344827
hitech,electrical,imports,West Africa,USA,2022–24,0.007064993666666667,3.428860529624521
hitech,electrical,imports,West Africa,other,2019–21,0.026345270666666667,13.445027489537988
hitech,electrical,imports,West Africa,other,2022–24,0.020638643666666668,10.016573827589433
hitech,electrical,imports,Central Africa,CHN,2019–21,0.060835609,72.97499884094046
hitech,electrical,imports,Central Africa,CHN,2022–24,0.09771923466666667,73.71215803942067
hitech,electrical,imports,Central Africa,EU,2019–21,0.008111235,9.729784487299137
hitech,electrical,imports,Central Africa,EU,2022–24,0.011294621,8.519826122127354
hitech,electrical,imports,Central Africa,GCC,2019–21,0.003254495,3.9039104359561283
hitech,electrical,imports,Central Africa,GCC,2022–24,0.0021333366666666667,1.6092312845166528
hitech,electrical,imports,Central Africa,IND,2019–21,7.572283333333334e-4,0.90832881688300815
hitech,electrical,imports,Central Africa,IND,2022–24,6.32201e-4,0.4768856426643298
hitech,electrical,imports,Central Africa,IRN,2019–21,2.5094333333333335e-5,0.03010176072888781
hitech,electrical,imports,Central Africa,IRN,2022–24,5.963666666666667e-6,0.004498548738406258
hitech,electrical,imports,Central Africa,ISR,2019–21,7.109466666666666e-5,0.08528119144162835
hitech,electrical,imports,Central Africa,ISR,2022–24,4.035006666666667e-4,0.3043710382280617
hitech,electrical,imports,Central Africa,JPN,2019–21,1.0056166666666667e-4,0.12062815888705974
hitech,electrical,imports,Central Africa,JPN,2022–24,1.66998e-4,0.12597093100716028
hitech,electrical,imports,Central Africa,KOR,2019–21,4.022053333333333e-4,0.48246305439007064
hitech,electrical,imports,Central Africa,KOR,2022–24,6.7446e-5,0.05087627045059781
hitech,electrical,imports,Central Africa,RUS,2019–21,1.6309766666666666e-4,0.19564285180345767
hitech,electrical,imports,Central Africa,RUS,2022–24,1.7355e-5,0.013091327486731977
hitech,electrical,imports,Central Africa,TUR,2019–21,7.812373333333333e-4,0.9371286723619291
hitech,electrical,imports,Central Africa,TUR,2022–24,0.004265081333333334,3.2172616820636204
hitech,electrical,imports,Central Africa,USA,2019–21,0.0014026106666666666,1.6824934188509684
hitech,electrical,imports,Central Africa,USA,2022–24,0.002129466333333333,1.6063117915089038
hitech,electrical,imports,Central Africa,other,2019–21,0.007460532666666667,8.94923831045726
hitech,electrical,imports,Central Africa,other,2022–24,0.013733475333333333,10.359517321787513
hitech,electrical,imports,East Africa and HoA,CHN,2019–21,0.05874856766666667,41.89104694244531
hitech,electrical,imports,East Africa and HoA,CHN,2022–24,0.077577927,47.15783974849939
hitech,electrical,imports,East Africa and HoA,EU,2019–21,0.014058784333333333,10.024707288234675
hitech,electrical,imports,East Africa and HoA,EU,2022–24,0.010676710666666667,6.490127155108963
hitech,electrical,imports,East Africa and HoA,GCC,2019–21,0.042651594,30.41299553993867
hitech,electrical,imports,East Africa and HoA,GCC,2022–24,0.013877353666666667,8.4357245115085
hitech,electrical,imports,East Africa and HoA,IND,2019–21,0.0028396526666666666,2.0248327386382856
hitech,electrical,imports,East Africa and HoA,IND,2022–24,0.0026749903333333335,1.6260651753187256
hitech,electrical,imports,East Africa and HoA,IRN,2019–21,2.9866666666666664e-7,2.1296620241817183e-4
hitech,electrical,imports,East Africa and HoA,IRN,2022–24,0,0
hitech,electrical,imports,East Africa and HoA,ISR,2019–21,5.076906666666666e-4,0.3620121203676895
hitech,electrical,imports,East Africa and HoA,ISR,2022–24,0.0012850563333333333,0.7811562254702623
hitech,electrical,imports,East Africa and HoA,JPN,2019–21,0.0021794763333333332,1.5540897253469248
hitech,electrical,imports,East Africa and HoA,JPN,2022–24,5.753176666666666e-4,0.3497223937054577
hitech,electrical,imports,East Africa and HoA,KOR,2019–21,3.34566e-4,0.23856445472624352
hitech,electrical,imports,East Africa and HoA,KOR,2022–24,4.794896666666667e-4,0.2914707538102695
hitech,electrical,imports,East Africa and HoA,RUS,2019–21,6.0498666666666664e-5,0.04313896637733093
hitech,electrical,imports,East Africa and HoA,RUS,2022–24,7.976666666666667e-7,4.848832431341759e-4
hitech,electrical,imports,East Africa and HoA,TUR,2019–21,8.26027e-4,0.5890039060877518
hitech,electrical,imports,East Africa and HoA,TUR,2022–24,0.002036504,1.2379440002202946
hitech,electrical,imports,East Africa and HoA,USA,2019–21,0.005398101,3.8491509048205432
hitech,electrical,imports,East Africa and HoA,USA,2022–24,0.010215757666666667,6.209924415151886
hitech,electrical,imports,East Africa and HoA,other,2019–21,0.012636088,9.010244446814168
hitech,electrical,imports,East Africa and HoA,other,2022–24,0.045107052,27.419540737963118
hitech,electrical,imports,Southern Africa and Indian Ocean,CHN,2019–21,0.129760539,41.39908302688164
hitech,electrical,imports,Southern Africa and Indian Ocean,CHN,2022–24,0.16765292533333334,42.491733947457874
hitech,electrical,imports,Southern Africa and Indian Ocean,EU,2019–21,0.06404434066666667,20.432844970389848
hitech,electrical,imports,Southern Africa and Indian Ocean,EU,2022–24,0.08423830733333333,21.350249250202104
hitech,electrical,imports,Southern Africa and Indian Ocean,GCC,2019–21,0.0037834103333333332,1.2070674160380037
hitech,electrical,imports,Southern Africa and Indian Ocean,GCC,2022–24,0.004566671,1.1574254894256266
hitech,electrical,imports,Southern Africa and Indian Ocean,IND,2019–21,0.001687891,0.5385083954477583
hitech,electrical,imports,Southern Africa and Indian Ocean,IND,2022–24,0.001933969,0.49016559685578176
hitech,electrical,imports,Southern Africa and Indian Ocean,IRN,2019–21,1.6436666666666666e-6,5.243989684864912e-4
hitech,electrical,imports,Southern Africa and Indian Ocean,IRN,2022–24,1.1352666666666667e-5,0.0028773401396668744
hitech,electrical,imports,Southern Africa and Indian Ocean,ISR,2019–21,0.0016249403333333334,0.5184244785958803
hitech,electrical,imports,Southern Africa and Indian Ocean,ISR,2022–24,0.0015810523333333333,0.40071865713905436
hitech,electrical,imports,Southern Africa and Indian Ocean,JPN,2019–21,0.005946328333333333,1.8971294530208862
hitech,electrical,imports,Southern Africa and Indian Ocean,JPN,2022–24,0.004851405333333334,1.229591576081445
hitech,electrical,imports,Southern Africa and Indian Ocean,KOR,2019–21,0.0026814123333333334,0.8554835905619279
hitech,electrical,imports,Southern Africa and Indian Ocean,KOR,2022–24,0.0025014106666666667,0.6339840258081105
hitech,electrical,imports,Southern Africa and Indian Ocean,RUS,2019–21,3.37774e-4,0.10776414754505542
hitech,electrical,imports,Southern Africa and Indian Ocean,RUS,2022–24,3.5733166666666665e-4,0.09056592410071615
hitech,electrical,imports,Southern Africa and Indian Ocean,TUR,2019–21,5.588396666666666e-4,0.17829341599026644
hitech,electrical,imports,Southern Africa and Indian Ocean,TUR,2022–24,8.543836666666666e-4,0.21654405004190758
hitech,electrical,imports,Southern Africa and Indian Ocean,USA,2019–21,0.021179773,6.757240588508237
hitech,electrical,imports,Southern Africa and Indian Ocean,USA,2022–24,0.037038295666666665,9.387378133761494
hitech,electrical,imports,Southern Africa and Indian Ocean,other,2019–21,0.08183130366666666,26.107636118052014
hitech,electrical,imports,Southern Africa and Indian Ocean,other,2022–24,0.08896710566666667,22.54876600898622
hitech,electronics,exports,Africa,CHN,2019–21,0.090247193,4.5210600495427915
hitech,electronics,exports,Africa,CHN,2022–24,0.07312625933333333,2.188068548007787
hitech,electronics,exports,Africa,EU,2019–21,0.8468309506666667,42.423187386841036
hitech,electronics,exports,Africa,EU,2022–24,1.266778979,37.90429411400017
hitech,electronics,exports,Africa,GCC,2019–21,0.05808546133333333,2.909872872094713
hitech,electronics,exports,Africa,GCC,2022–24,0.18094160766666667,5.41409671943835
hitech,electronics,exports,Africa,IND,2019–21,0.014784693666666666,0.7406600212052578
hitech,electronics,exports,Africa,IND,2022–24,0.014830950666666667,0.4437685858217579
hitech,electronics,exports,Africa,IRN,2019–21,3.691023333333333e-4,0.018490700463407873
hitech,electronics,exports,Africa,IRN,2022–24,1.6937333333333335e-5,5.067953248484759e-4
hitech,electronics,exports,Africa,ISR,2019–21,0.0017770916666666667,0.08902590619679529
hitech,electronics,exports,Africa,ISR,2022–24,0.0021758046666666667,0.06510396950622863
hitech,electronics,exports,Africa,JPN,2019–21,0.012570426,0.6297331684801984
hitech,electronics,exports,Africa,JPN,2022–24,0.017079869666666667,0.5110602670287312
hitech,electronics,exports,Africa,KOR,2019–21,0.020917226333333334,1.0478778694299973
hitech,electronics,exports,Africa,KOR,2022–24,0.018675932333333332,0.5588173183728148
hitech,electronics,exports,Africa,RUS,2019–21,0.005277175666666667,0.2643675364062128
hitech,electronics,exports,Africa,RUS,2022–24,0.0019624313333333333,0.05871945751414003
hitech,electronics,exports,Africa,TUR,2019–21,0.01587988,0.7955249207533089
hitech,electronics,exports,Africa,TUR,2022–24,0.028912671666666667,0.8651188791749386
hitech,electronics,exports,Africa,USA,2019–21,0.09278774566666667,4.648332608203159
hitech,electronics,exports,Africa,USA,2022–24,0.309649797,9.2652760839888
hitech,electronics,exports,Africa,other,2019–21,0.836624222,41.91186696038312
hitech,electronics,exports,Africa,other,2022–24,1.4278948483333334,42.725169261821435
hitech,electronics,exports,North Africa,CHN,2019–21,0.07271074466666666,5.170573781329106
hitech,electronics,exports,North Africa,CHN,2022–24,0.06279002266666667,2.4291367942558537
hitech,electronics,exports,North Africa,EU,2019–21,0.773931139,55.035443168856546
hitech,electronics,exports,North Africa,EU,2022–24,1.1816285926666668,45.71327369682793
hitech,electronics,exports,North Africa,GCC,2019–21,0.036764673666666664,2.614392943043722
hitech,electronics,exports,North Africa,GCC,2022–24,0.14040105933333333,5.431649244493015
hitech,electronics,exports,North Africa,IND,2019–21,0.003638722666666667,0.2587552101693681
hitech,electronics,exports,North Africa,IND,2022–24,0.004927951,0.19064600689728367
hitech,electronics,exports,North Africa,IRN,2019–21,8.927666666666666e-6,6.348602177949429e-4
hitech,electronics,exports,North Africa,IRN,2022–24,1.3464333333333333e-5,5.208902007211502e-4
hitech,electronics,exports,North Africa,ISR,2019–21,3.047433333333333e-4,0.021670770896265193
hitech,electronics,exports,North Africa,ISR,2022–24,0.0010181926666666668,0.03939048220083702
hitech,electronics,exports,North Africa,JPN,2019–21,0.011346536666666667,0.8068698136226307
hitech,electronics,exports,North Africa,JPN,2022–24,0.012073615666666667,0.46708796732404306
hitech,electronics,exports,North Africa,KOR,2019–21,0.017364524,1.234818222963691
hitech,electronics,exports,North Africa,KOR,2022–24,0.015225949,0.5890412421048198
hitech,electronics,exports,North Africa,RUS,2019–21,0.004094816333333333,0.2911887379169947
hitech,electronics,exports,North Africa,RUS,2022–24,0.001243435,0.048104357690716464
hitech,electronics,exports,North Africa,TUR,2019–21,0.014297607,1.0167250002576076
hitech,electronics,exports,North Africa,TUR,2022–24,0.027399155,1.0599820276438916
hitech,electronics,exports,North Africa,USA,2019–21,0.07435015233333334,5.2871546021835325
hitech,electronics,exports,North Africa,USA,2022–24,0.271675625,10.510224853610323
hitech,electronics,exports,North Africa,other,2019–21,0.3974287263333333,28.261772888542747
hitech,electronics,exports,North Africa,other,2022–24,0.8664727076666666,33.52094243675056
hitech,electronics,exports,West Africa,CHN,2019–21,0.0018328126666666666,4.309879478389358
hitech,electronics,exports,West Africa,CHN,2022–24,7.180236666666667e-4,1.2653791887171841
hitech,electronics,exports,West Africa,EU,2019–21,0.010595020333333333,24.914308777011566
hitech,electronics,exports,West Africa,EU,2022–24,0.021419133666666666,37.747120659650854
hitech,electronics,exports,West Africa,GCC,2019–21,0.0012989556666666666,3.0545087738213472
hitech,electronics,exports,West Africa,GCC,2022–24,0.002021214,3.5620025498841237
hitech,electronics,exports,West Africa,IND,2019–21,2.7289433333333335e-4,0.6417140760714651
hitech,electronics,exports,West Africa,IND,2022–24,3.24664e-4,0.5721581167830715
hitech,electronics,exports,West Africa,IRN,2019–21,0,0
hitech,electronics,exports,West Africa,IRN,2022–24,0,0
hitech,electronics,exports,West Africa,ISR,2019–21,1.57462e-4,0.3702736535864249
hitech,electronics,exports,West Africa,ISR,2022–24,3.5663566666666664e-4,0.6285020557181432
hitech,electronics,exports,West Africa,JPN,2019–21,9.738833333333333e-5,0.22900975473464039
hitech,electronics,exports,West Africa,JPN,2022–24,0.001976906,3.483918186239173
hitech,electronics,exports,West Africa,KOR,2019–21,0.001847994,4.345578553465545
hitech,electronics,exports,West Africa,KOR,2022–24,0.0017892833333333334,3.15326917179403
hitech,electronics,exports,West Africa,RUS,2019–21,2.7871666666666666e-5,0.0655405358004448
hitech,electronics,exports,West Africa,RUS,2022–24,1.233e-6,0.002172926342290883
hitech,electronics,exports,West Africa,TUR,2019–21,9.460833333333333e-5,0.22247255365139326
hitech,electronics,exports,West Africa,TUR,2022–24,1.7269733333333332e-4,0.3043459731089938
hitech,electronics,exports,West Africa,USA,2019–21,0.0018219743333333332,4.284393016372357
hitech,electronics,exports,West Africa,USA,2022–24,0.003137555,5.529339748488622
hitech,electronics,exports,West Africa,other,2019–21,0.024478863333333333,57.56232082709546
hitech,electronics,exports,West Africa,other,2022–24,0.024826409333333334,43.75179142327351
hitech,electronics,exports,Central Africa,CHN,2019–21,8.468296666666666e-4,4.795829579132371
hitech,electronics,exports,Central Africa,CHN,2022–24,4.6655933333333334e-4,3.1278504205658426
hitech,electronics,exports,Central Africa,EU,2019–21,0.0057502583333333334,32.56529629057919
hitech,electronics,exports,Central Africa,EU,2022–24,0.0037018926666666668,24.8177792342016
hitech,electronics,exports,Central Africa,GCC,2019–21,2.895316666666667e-4,1.6396975516471364
hitech,electronics,exports,Central Africa,GCC,2022–24,4.39122e-4,2.9439083825988135
hitech,electronics,exports,Central Africa,IND,2019–21,2.14435e-4,1.2144044502470783
hitech,electronics,exports,Central Africa,IND,2022–24,2.61014e-4,1.7498583595803596
hitech,electronics,exports,Central Africa,IRN,2019–21,0,0
hitech,electronics,exports,Central Africa,IRN,2022–24,0,0
hitech,electronics,exports,Central Africa,ISR,2019–21,8.242733333333334e-5,0.4668086852519381
hitech,electronics,exports,Central Africa,ISR,2022–24,7.941166666666667e-5,0.5323820514028966
hitech,electronics,exports,Central Africa,JPN,2019–21,9.045166666666667e-5,0.5122526944401116
hitech,electronics,exports,Central Africa,JPN,2022–24,4.4952e-5,0.3013617391398788
hitech,electronics,exports,Central Africa,KOR,2019–21,3.7883633333333334e-4,2.14545446925775
hitech,electronics,exports,Central Africa,KOR,2022–24,8.02947e-4,5.383019762349801
hitech,electronics,exports,Central Africa,RUS,2019–21,5.582e-6,0.03161240301853332
hitech,electronics,exports,Central Africa,RUS,2022–24,0,0
hitech,electronics,exports,Central Africa,TUR,2019–21,7.525e-6,0.04261614702874654
hitech,electronics,exports,Central Africa,TUR,2022–24,1.3424633333333332e-4,0.8999979641948125
hitech,electronics,exports,Central Africa,USA,2019–21,0.0015423373333333333,8.734681005349925
hitech,electronics,exports,Central Africa,USA,2022–24,0.001507577,10.106914633548698
hitech,electronics,exports,Central Africa,other,2019–21,0.008449412,47.851346724047225
hitech,electronics,exports,Central Africa,other,2022–24,0.007478571,50.136927452417304
hitech,electronics,exports,East Africa and HoA,CHN,2019–21,7.292296666666667e-4,1.5117439538851993
hitech,electronics,exports,East Africa and HoA,CHN,2022–24,0.00124024,2.341279242629465
hitech,electronics,exports,East Africa and HoA,EU,2019–21,0.004387089666666667,9.094742825057265
hitech,electronics,exports,East Africa and HoA,EU,2022–24,0.008189667333333333,15.460151367133731
hitech,electronics,exports,East Africa and HoA,GCC,2019–21,0.004624446333333333,9.5867997477931
hitech,electronics,exports,East Africa and HoA,GCC,2022–24,0.0012133546666666666,2.290526103830114
hitech,electronics,exports,East Africa and HoA,IND,2019–21,2.4756666666666666e-5,0.05132229647589478
hitech,electronics,exports,East Africa and HoA,IND,2022–24,7.527166666666667e-5,0.14209507089336812
hitech,electronics,exports,East Africa and HoA,IRN,2019–21,9.239666666666667e-6,0.019154473354185096
hitech,electronics,exports,East Africa and HoA,IRN,2022–24,0,0
hitech,electronics,exports,East Africa and HoA,ISR,2019–21,8.944633333333333e-5,0.18542848679204427
hitech,electronics,exports,East Africa and HoA,ISR,2022–24,1.25254e-4,0.2364498728119646
hitech,electronics,exports,East Africa and HoA,JPN,2019–21,6.8859e-5,0.14274950907635536
hitech,electronics,exports,East Africa and HoA,JPN,2022–24,4.988126666666667e-4,0.9416401199988045
hitech,electronics,exports,East Africa and HoA,KOR,2019–21,4.05538e-4,0.8407085553349165
hitech,electronics,exports,East Africa and HoA,KOR,2022–24,1.2277166666666668e-4,0.23176381567252347
hitech,electronics,exports,East Africa and HoA,RUS,2019–21,1.0335666666666667e-5,0.02142655778683276
hitech,electronics,exports,East Africa and HoA,RUS,2022–24,0,0
hitech,electronics,exports,East Africa and HoA,TUR,2019–21,3.759633333333333e-5,0.07793982088622184
hitech,electronics,exports,East Africa and HoA,TUR,2022–24,3.7554e-5,0.07089305350392418
hitech,electronics,exports,East Africa and HoA,USA,2019–21,9.361933333333334e-4,1.940794068079555
hitech,electronics,exports,East Africa and HoA,USA,2022–24,0.007443823666666667,14.052175253628832
hitech,electronics,exports,East Africa and HoA,other,2019–21,0.036914913333333334,76.52718970547842
hitech,electronics,exports,East Africa and HoA,other,2022–24,0.034026000333333334,64.23302609989727
hitech,electronics,exports,Southern Africa and Indian Ocean,CHN,2019–21,0.014127576333333332,2.934144701472001
hitech,electronics,exports,Southern Africa and Indian Ocean,CHN,2022–24,0.007911413666666667,1.2507303298529346
hitech,electronics,exports,Southern Africa and Indian Ocean,EU,2019–21,0.052167443333333334,10.834613371345734
hitech,electronics,exports,Southern Africa and Indian Ocean,EU,2022–24,0.051839692666666666,8.195434929870487
hitech,electronics,exports,Southern Africa and Indian Ocean,GCC,2019–21,0.015107854,3.1377377632794174
hitech,electronics,exports,Southern Africa and Indian Ocean,GCC,2022–24,0.03686685766666667,5.828351163629525
hitech,electronics,exports,Southern Africa and Indian Ocean,IND,2019–21,0.010633885,2.2085428238100895
hitech,electronics,exports,Southern Africa and Indian Ocean,IND,2022–24,0.00924205,1.4610931411310748
hitech,electronics,exports,Southern Africa and Indian Ocean,IRN,2019–21,3.50935e-4,0.07288540132546042
hitech,electronics,exports,Southern Africa and Indian Ocean,IRN,2022–24,3.473e-6,5.490531298952314e-4
hitech,electronics,exports,Southern Africa and Indian Ocean,ISR,2019–21,0.0011430126666666666,0.2373913600241775
hitech,electronics,exports,Southern Africa and Indian Ocean,ISR,2022–24,5.963106666666667e-4,0.09427187962085959
hitech,electronics,exports,Southern Africa and Indian Ocean,JPN,2019–21,9.671903333333333e-4,0.20087496431848018
hitech,electronics,exports,Southern Africa and Indian Ocean,JPN,2022–24,0.002485583333333333,0.39295056400290496
hitech,electronics,exports,Southern Africa and Indian Ocean,KOR,2019–21,9.20334e-4,0.1911434110119147
hitech,electronics,exports,Southern Africa and Indian Ocean,KOR,2022–24,7.349813333333334e-4,0.11619458723905471
hitech,electronics,exports,Southern Africa and Indian Ocean,RUS,2019–21,0.00113857,0.23646866624055587
hitech,electronics,exports,Southern Africa and Indian Ocean,RUS,2022–24,7.177633333333333e-4,0.11347256109723608
hitech,electronics,exports,Southern Africa and Indian Ocean,TUR,2019–21,0.0014425433333333333,0.2996006376661417
hitech,electronics,exports,Southern Africa and Indian Ocean,TUR,2022–24,0.001169019,0.18481242178433444
hitech,electronics,exports,Southern Africa and Indian Ocean,USA,2019–21,0.014137088333333334,2.936120240923488
hitech,electronics,exports,Southern Africa and Indian Ocean,USA,2022–24,0.025885216333333332,4.092242742825174
hitech,electronics,exports,Southern Africa and Indian Ocean,other,2019–21,0.369352307,76.71047665858254
hitech,electronics,exports,Southern Africa and Indian Ocean,other,2022–24,0.49509116,78.26989662581651
hitech,electronics,imports,Africa,CHN,2019–21,6.207644804333333,33.22793103989933
hitech,electronics,imports,Africa,CHN,2022–24,8.638489564,42.791027831683316
hitech,electronics,imports,Africa,EU,2019–21,3.4040906016666668,18.221224205159224
hitech,electronics,imports,Africa,EU,2022–24,3.6924000413333333,18.29041891685074
hitech,electronics,imports,Africa,GCC,2019–21,2.9113745326666667,15.583841416834476
hitech,electronics,imports,Africa,GCC,2022–24,2.094992436666667,10.37761046076427
hitech,electronics,imports,Africa,IND,2019–21,0.32583995666666665,1.7441377448989763
hitech,electronics,imports,Africa,IND,2022–24,0.33110311966666667,1.640129643480519
hitech,electronics,imports,Africa,IRN,2019–21,3.58181e-4,0.0019172510578398584
hitech,electronics,imports,Africa,IRN,2022–24,0.0024899873333333335,0.012334230016927713
hitech,electronics,imports,Africa,ISR,2019–21,0.04934121633333333,0.26411088028172525
hitech,electronics,imports,Africa,ISR,2022–24,0.054076498,0.267869621629373
hitech,electronics,imports,Africa,JPN,2019–21,0.04835157566666667,0.2588135875301611
hitech,electronics,imports,Africa,JPN,2022–24,0.05622889466666667,0.2785315857361523
hitech,electronics,imports,Africa,KOR,2019–21,0.107267948,0.5741778228753366
hitech,electronics,imports,Africa,KOR,2022–24,0.15396140533333333,0.762652629468841
hitech,electronics,imports,Africa,RUS,2019–21,0.257664107,1.379209901455165
hitech,electronics,imports,Africa,RUS,2022–24,0.087908647,0.4354582282647096
hitech,electronics,imports,Africa,TUR,2019–21,0.071661234,0.3835842121514252
hitech,electronics,imports,Africa,TUR,2022–24,0.11078618166666666,0.5487828106918643
hitech,electronics,imports,Africa,USA,2019–21,0.4530134063333333,2.4248646145614114
hitech,electronics,imports,Africa,USA,2022–24,0.586360394,2.9045545234684034
hitech,electronics,imports,Africa,other,2019–21,4.845400644666666,25.936187323294924
hitech,electronics,imports,Africa,other,2022–24,4.378821594666666,21.69062951794489
hitech,electronics,imports,North Africa,CHN,2019–21,2.1301842583333332,28.96662424092917
hitech,electronics,imports,North Africa,CHN,2022–24,2.1780197036666666,32.16996308078457
hitech,electronics,imports,North Africa,EU,2019–21,1.8680234503333333,25.401714967786816
hitech,electronics,imports,North Africa,EU,2022–24,1.99388824,29.45028961860452
hitech,electronics,imports,North Africa,GCC,2019–21,1.3279228466666666,18.057330942081926
hitech,electronics,imports,North Africa,GCC,2022–24,0.8053869393333334,11.8957914202895
hitech,electronics,imports,North Africa,IND,2019–21,0.07860722966666667,1.0689150835037522
hitech,electronics,imports,North Africa,IND,2022–24,0.039359039,0.5813440665360212
hitech,electronics,imports,North Africa,IRN,2019–21,1.5351666666666667e-5,2.0875469249465557e-4
hitech,electronics,imports,North Africa,IRN,2022–24,4.8403333333333335e-6,7.149308354276269e-5
hitech,electronics,imports,North Africa,ISR,2019–21,8.420433333333333e-5,0.0011450254941950371
hitech,electronics,imports,North Africa,ISR,2022–24,0.012840353,0.18965562215017495
hitech,electronics,imports,North Africa,JPN,2019–21,0.021592160333333332,0.2936140347853849
hitech,electronics,imports,North Africa,JPN,2022–24,0.027035957666666666,0.39932869226394785
hitech,electronics,imports,North Africa,KOR,2019–21,0.058725651,0.798561842322449
hitech,electronics,imports,North Africa,KOR,2022–24,0.102120506,1.508348571080614
hitech,electronics,imports,North Africa,RUS,2019–21,0.25171187466666667,3.422822820103786
hitech,electronics,imports,North Africa,RUS,2022–24,0.07365502733333333,1.0879054519288898
hitech,electronics,imports,North Africa,TUR,2019–21,0.040865315666666666,0.5556938273168189
hitech,electronics,imports,North Africa,TUR,2022–24,0.05562457466666667,0.8215905992028044
hitech,electronics,imports,North Africa,USA,2019–21,0.14985045233333333,2.037693090676151
hitech,electronics,imports,North Africa,USA,2022–24,0.12481110333333334,1.8434950701069597
hitech,electronics,imports,North Africa,other,2019–21,1.4263437123333333,19.395675370307057
hitech,electronics,imports,North Africa,other,2022–24,1.3576056063333333,20.05221631396846
hitech,electronics,imports,West Africa,CHN,2019–21,1.37832146,34.52084430234784
hitech,electronics,imports,West Africa,CHN,2022–24,2.112180304333333,48.46538681362574
hitech,electronics,imports,West Africa,EU,2019–21,0.4613133443333333,11.55385488543897
hitech,electronics,imports,West Africa,EU,2022–24,0.4073689486666667,9.347352417066315
hitech,electronics,imports,West Africa,GCC,2019–21,0.544279883,13.631798998430378
hitech,electronics,imports,West Africa,GCC,2022–24,0.39914929266666666,9.158746924108328
hitech,electronics,imports,West Africa,IND,2019–21,0.051892842333333335,1.2996857283171694
hitech,electronics,imports,West Africa,IND,2022–24,0.038427843333333336,0.8817525131460044
hitech,electronics,imports,West Africa,IRN,2019–21,1.46516e-4,0.003669576488929364
hitech,electronics,imports,West Africa,IRN,2022–24,0.002264457666666667,0.05195949252671402
hitech,electronics,imports,West Africa,ISR,2019–21,0.011505897666666667,0.2881717461685224
hitech,electronics,imports,West Africa,ISR,2022–24,0.011399954,0.26157955319156634
hitech,electronics,imports,West Africa,JPN,2019–21,0.002764147,0.06922963255306339
hitech,electronics,imports,West Africa,JPN,2022–24,0.002842641,0.06522629500645594
hitech,electronics,imports,West Africa,KOR,2019–21,0.007464553666666667,0.1869539888855243
hitech,electronics,imports,West Africa,KOR,2022–24,0.012523538333333334,0.2873609456328321
hitech,electronics,imports,West Africa,RUS,2019–21,0.001330441,0.03332165096991231
hitech,electronics,imports,West Africa,RUS,2022–24,1.0731666666666667e-4,0.0024624525429378864
hitech,electronics,imports,West Africa,TUR,2019–21,0.017424153333333334,0.43639782284187534
hitech,electronics,imports,West Africa,TUR,2022–24,0.028787571,0.6605500302589373
hitech,electronics,imports,West Africa,USA,2019–21,0.062543834,1.5664458678499347
hitech,electronics,imports,West Africa,USA,2022–24,0.109569643,2.5141485886082906
hitech,electronics,imports,West Africa,other,2019–21,1.4537352606666667,36.40962579970789
hitech,electronics,imports,West Africa,other,2022–24,1.2334997036666666,28.303473974285875
hitech,electronics,imports,Central Africa,CHN,2019–21,0.205809504,30.213440968625083
hitech,electronics,imports,Central Africa,CHN,2022–24,0.4941600466666667,51.304728368951615
hitech,electronics,imports,Central Africa,EU,2019–21,0.09529840033333334,13.990085671046405
hitech,electronics,imports,Central Africa,EU,2022–24,0.11280183133333334,11.711321777457933
hitech,electronics,imports,Central Africa,GCC,2019–21,0.057925798333333334,8.503677694615346
hitech,electronics,imports,Central Africa,GCC,2022–24,0.04326615066666667,4.491982147275446
hitech,electronics,imports,Central Africa,IND,2019–21,0.011774109333333333,1.728473906145774
hitech,electronics,imports,Central Africa,IND,2022–24,0.009613488,0.9980924071971228
hitech,electronics,imports,Central Africa,IRN,2019–21,8.895e-6,0.0013058121816178134
hitech,electronics,imports,Central Africa,IRN,2022–24,7.603333333333334e-7,7.893939503943616e-5
hitech,electronics,imports,Central Africa,ISR,2019–21,0.015526907666666666,2.2793957474972855
hitech,electronics,imports,Central Africa,ISR,2022–24,0.004504953,0.4677136315227003
hitech,electronics,imports,Central Africa,JPN,2019–21,0.0013322086666666666,0.19557215350086096
hitech,electronics,imports,Central Africa,JPN,2022–24,0.0011270866666666668,0.11701649227139146
hitech,electronics,imports,Central Africa,KOR,2019–21,0.004829363333333334,0.7089647521219872
hitech,electronics,imports,Central Africa,KOR,2022–24,0.005482221,0.5691756368423841
hitech,electronics,imports,Central Africa,RUS,2019–21,0.0013698993333333333,0.20110525430655293
hitech,electronics,imports,Central Africa,RUS,2022–24,4.2934e-5,0.004457497571183453
hitech,electronics,imports,Central Africa,TUR,2019–21,0.0017658426666666666,0.25923090106282376
hitech,electronics,imports,Central Africa,TUR,2022–24,0.008489421333333334,0.8813894576346561
hitech,electronics,imports,Central Africa,USA,2019–21,0.019230426,2.8230831397976304
hitech,electronics,imports,Central Africa,USA,2022–24,0.020345106666666668,2.112271476036124
hitech,electronics,imports,Central Africa,other,2019–21,0.2663138973333333,39.09566399909864
hitech,electronics,imports,Central Africa,other,2022–24,0.26335216733333333,27.341772167844404
hitech,electronics,imports,East Africa and HoA,CHN,2019–21,0.625993904,30.648971215181703
hitech,electronics,imports,East Africa and HoA,CHN,2022–24,1.1017475566666666,48.86373047753831
hitech,electronics,imports,East Africa and HoA,EU,2019–21,0.16050233566666666,7.858273753760225
hitech,electronics,imports,East Africa and HoA,EU,2022–24,0.17921341833333335,7.948314582963728
hitech,electronics,imports,East Africa and HoA,GCC,2019–21,0.774177787,37.904127432519005
hitech,electronics,imports,East Africa and HoA,GCC,2022–24,0.5741780733333334,25.46543666169501
hitech,electronics,imports,East Africa and HoA,IND,2019–21,0.026242435,1.2848425995715076
hitech,electronics,imports,East Africa and HoA,IND,2022–24,0.036761587666666665,1.6304173318115824
hitech,electronics,imports,East Africa and HoA,IRN,2019–21,1.7952966666666666e-4,0.008789861292224073
hitech,electronics,imports,East Africa and HoA,IRN,2022–24,5.527466666666667e-5,0.002451492992103758
hitech,electronics,imports,East Africa and HoA,ISR,2019–21,0.007764899333333334,0.38017331260803605
hitech,electronics,imports,East Africa and HoA,ISR,2022–24,0.013318724666666667,0.5907002638476841
hitech,electronics,imports,East Africa and HoA,JPN,2019–21,0.006436051333333333,0.3151122571550875
hitech,electronics,imports,East Africa and HoA,JPN,2022–24,0.002560890666666667,0.1135783515572641
hitech,electronics,imports,East Africa and HoA,KOR,2019–21,0.0024224433333333334,0.11860402396784704
hitech,electronics,imports,East Africa and HoA,KOR,2022–24,0.0022322613333333333,0.09900327483134269
hitech,electronics,imports,East Africa and HoA,RUS,2019–21,0.0015579076666666666,0.07627593004735962
hitech,electronics,imports,East Africa and HoA,RUS,2022–24,5.030873333333333e-4,0.022312483212613986
hitech,electronics,imports,East Africa and HoA,TUR,2019–21,0.007874336666666667,0.3855314185860131
hitech,electronics,imports,East Africa and HoA,TUR,2022–24,0.013028205333333334,0.577815408041456
hitech,electronics,imports,East Africa and HoA,USA,2019–21,0.05820723,2.8498547755593813
hitech,electronics,imports,East Africa and HoA,USA,2022–24,0.059237176333333336,2.6272347064329877
hitech,electronics,imports,East Africa and HoA,other,2019–21,0.37110416333333335,18.16944341975161
hitech,electronics,imports,East Africa and HoA,other,2022–24,0.27189858666666666,12.059004965075916
hitech,electronics,imports,Southern Africa and Indian Ocean,CHN,2019–21,1.867335678,40.491167819128606
hitech,electronics,imports,Southern Africa and Indian Ocean,CHN,2022–24,2.7523819526666666,47.119946892999565
hitech,electronics,imports,Southern Africa and Indian Ocean,EU,2019–21,0.818953071,17.75811742073497
hitech,electronics,imports,Southern Africa and Indian Ocean,EU,2022–24,0.999127603,17.1047624938382
hitech,electronics,imports,Southern Africa and Indian Ocean,GCC,2019–21,0.20706821766666667,4.490051815712617
hitech,electronics,imports,Southern Africa and Indian Ocean,GCC,2022–24,0.27301198066666665,4.673882568406711
hitech,electronics,imports,Southern Africa and Indian Ocean,IND,2019–21,0.15732334033333334,3.4113875991089393
hitech,electronics,imports,Southern Africa and Indian Ocean,IND,2022–24,0.20694116166666668,3.5427701225338963
hitech,electronics,imports,Southern Africa and Indian Ocean,IRN,2019–21,7.888666666666666e-6,1.7105726069095427e-4
hitech,electronics,imports,Southern Africa and Indian Ocean,IRN,2022–24,1.6465433333333332e-4,0.0028188324061825896
hitech,electronics,imports,Southern Africa and Indian Ocean,ISR,2019–21,0.014459307333333333,0.3135345437245788
hitech,electronics,imports,Southern Africa and Indian Ocean,ISR,2022–24,0.012012513333333334,0.2056505964841523
hitech,electronics,imports,Southern Africa and Indian Ocean,JPN,2019–21,0.016227008333333334,0.35186524060372953
hitech,electronics,imports,Southern Africa and Indian Ocean,JPN,2022–24,0.022662318666666667,0.38797204400027907
hitech,electronics,imports,Southern Africa and Indian Ocean,KOR,2019–21,0.03382593666666667,0.7334790923483954
hitech,electronics,imports,Southern Africa and Indian Ocean,KOR,2022–24,0.03160287866666667,0.541031728171481
hitech,electronics,imports,Southern Africa and Indian Ocean,RUS,2019–21,0.0016939843333333333,0.03673223016733614
hitech,electronics,imports,Southern Africa and Indian Ocean,RUS,2022–24,0.013600281666666667,0.23283271031561653
hitech,electronics,imports,Southern Africa and Indian Ocean,TUR,2019–21,0.0037315856666666667,0.08091542578048193
hitech,electronics,imports,Southern Africa and Indian Ocean,TUR,2022–24,0.004856409333333333,0.08314025953252117
hitech,electronics,imports,Southern Africa and Indian Ocean,USA,2019–21,0.163181464,3.538414716561257
hitech,electronics,imports,Southern Africa and Indian Ocean,USA,2022–24,0.27239736466666664,4.66336052830558
hitech,electronics,imports,Southern Africa and Indian Ocean,other,2019–21,1.327903611,28.794163038868405
hitech,electronics,imports,Southern Africa and Indian Ocean,other,2022–24,1.2524655306666668,21.441831223005817
hitech,instruments,exports,Africa,CHN,2019–21,0.011437469,1.873240478874534
hitech,instruments,exports,Africa,CHN,2022–24,0.007721951,1.0266563388561278
hitech,instruments,exports,Africa,EU,2019–21,0.24948969666666668,40.86168004985446
hitech,instruments,exports,Africa,EU,2022–24,0.257587136,34.246975405852154
hitech,instruments,exports,Africa,GCC,2019–21,0.011157199,1.8273375689725126
hitech,instruments,exports,Africa,GCC,2022–24,0.018626746666666666,2.476481337112937
hitech,instruments,exports,Africa,IND,2019–21,0.009041196,1.480776413438893
hitech,instruments,exports,Africa,IND,2022–24,0.007936101333333334,1.055128262232075
hitech,instruments,exports,Africa,IRN,2019–21,9.68837e-4,0.1586771239188816
hitech,instruments,exports,Africa,IRN,2022–24,8.960243333333333e-4,0.11912909853818066
hitech,instruments,exports,Africa,ISR,2019–21,7.180213333333334e-4,0.11759827513372625
hitech,instruments,exports,Africa,ISR,2022–24,0.0011402183333333333,0.15159541670189774
hitech,instruments,exports,Africa,JPN,2019–21,0.001788134,0.2928624322786655
hitech,instruments,exports,Africa,JPN,2022–24,0.0016860176666666667,0.2241610604504938
hitech,instruments,exports,Africa,KOR,2019–21,0.001349195,0.22097254977435365
hitech,instruments,exports,Africa,KOR,2022–24,0.0012980476666666666,0.1725792957143524
hitech,instruments,exports,Africa,RUS,2019–21,0.002415155333333333,0.39555663347981257
hitech,instruments,exports,Africa,RUS,2022–24,0.002339928,0.31110038300773224
hitech,instruments,exports,Africa,TUR,2019–21,0.008127161666666667,1.3310749268354234
hitech,instruments,exports,Africa,TUR,2022–24,0.03765667466666667,5.006566830944187
hitech,instruments,exports,Africa,USA,2019–21,0.030579360333333333,5.0083192002085655
hitech,instruments,exports,Africa,USA,2022–24,0.059767925666666666,7.946323376820856
hitech,instruments,exports,Africa,other,2019–21,0.28349988833333334,46.431904347230166
hitech,instruments,exports,Africa,other,2022–24,0.35548887933333334,47.263303193769005
hitech,instruments,exports,North Africa,CHN,2019–21,7.94854e-4,0.3287243227538627
hitech,instruments,exports,North Africa,CHN,2022–24,0.002862499666666667,1.027529332157858
hitech,instruments,exports,North Africa,EU,2019–21,0.18520594,76.59481766021501
hitech,instruments,exports,North Africa,EU,2022–24,0.19717213533333333,70.7773541071267
hitech,instruments,exports,North Africa,GCC,2019–21,0.003931235333333333,1.6258239532493464
hitech,instruments,exports,North Africa,GCC,2022–24,0.00506545,1.8183053490587964
hitech,instruments,exports,North Africa,IND,2019–21,0.0034550173333333335,1.4288765395945127
hitech,instruments,exports,North Africa,IND,2022–24,0.0012355263333333334,0.44350731737614657
hitech,instruments,exports,North Africa,IRN,2019–21,8.780733333333333e-4,0.36314098164974545
hitech,instruments,exports,North Africa,IRN,2022–24,2.7162566666666664e-4,0.09750336152595754
hitech,instruments,exports,North Africa,ISR,2019–21,1.4145333333333333e-5,0.005850024180701915
hitech,instruments,exports,North Africa,ISR,2022–24,1.5973966666666666e-4,0.057340510785195614
hitech,instruments,exports,North Africa,JPN,2019–21,8.50355e-4,0.3516776307037027
hitech,instruments,exports,North Africa,JPN,2022–24,5.341203333333333e-4,0.1917290387114802
hitech,instruments,exports,North Africa,KOR,2019–21,2.551613333333333e-4,0.10552596639505196
hitech,instruments,exports,North Africa,KOR,2022–24,2.12644e-4,0.07633116952003449
hitech,instruments,exports,North Africa,RUS,2019–21,0.0012415523333333333,0.5134634158455238
hitech,instruments,exports,North Africa,RUS,2022–24,1.5874333333333333e-4,0.05698286472621851
hitech,instruments,exports,North Africa,TUR,2019–21,0.0013291223333333332,0.5496793610927715
hitech,instruments,exports,North Africa,TUR,2022–24,0.005267460333333333,1.8908194336248567
hitech,instruments,exports,North Africa,USA,2019–21,0.006584168666666667,2.722986090335085
hitech,instruments,exports,North Africa,USA,2022–24,0.022691661,8.14544977747858
hitech,instruments,exports,North Africa,other,2019–21,0.037259945333333336,15.409434053984691
hitech,instruments,exports,North Africa,other,2022–24,0.042949217,15.417147737908179
hitech,instruments,exports,West Africa,CHN,2019–21,3.51819e-4,1.1649877245799862
hitech,instruments,exports,West Africa,CHN,2022–24,7.197383333333333e-4,1.851575475521531
hitech,instruments,exports,West Africa,EU,2019–21,0.009478031,31.384859169597355
hitech,instruments,exports,West Africa,EU,2022–24,0.009460711333333333,24.33831890634597
hitech,instruments,exports,West Africa,GCC,2019–21,2.8960233333333334e-4,0.9589680015663018
hitech,instruments,exports,West Africa,GCC,2022–24,7.362226666666667e-4,1.8939825364167946
hitech,instruments,exports,West Africa,IND,2019–21,5.430463333333333e-4,1.7982039406953712
hitech,instruments,exports,West Africa,IND,2022–24,1.6060466666666668e-4,0.4131663526619308
hitech,instruments,exports,West Africa,IRN,2019–21,0,0
hitech,instruments,exports,West Africa,IRN,2022–24,0,0
hitech,instruments,exports,West Africa,ISR,2019–21,2.0444333333333333e-5,0.06769787126492534
hitech,instruments,exports,West Africa,ISR,2022–24,1.0880333333333333e-5,0.027990392386352585
hitech,instruments,exports,West Africa,JPN,2019–21,2.3454666666666668e-5,0.07766606906046021
hitech,instruments,exports,West Africa,JPN,2022–24,2.51048e-4,0.6458379364427294
hitech,instruments,exports,West Africa,KOR,2019–21,7.541333333333334e-5,0.24971820056049285
hitech,instruments,exports,West Africa,KOR,2022–24,8.351566666666667e-5,0.21484969336795687
hitech,instruments,exports,West Africa,RUS,2019–21,1.8084e-5,0.059882035965381275
hitech,instruments,exports,West Africa,RUS,2022–24,0,0
hitech,instruments,exports,West Africa,TUR,2019–21,8.5727e-5,0.2838701226058527
hitech,instruments,exports,West Africa,TUR,2022–24,5.377e-5,0.1383269567673336
hitech,instruments,exports,West Africa,USA,2019–21,0.0026218333333333332,8.681747288315755
hitech,instruments,exports,West Africa,USA,2022–24,0.0031397373333333332,8.07718635612392
hitech,instruments,exports,West Africa,other,2019–21,0.016691918666666666,55.272399575788114
hitech,instruments,exports,West Africa,other,2022–24,0.024255443,62.39876539396548
hitech,instruments,exports,Central Africa,CHN,2019–21,1.51968e-4,0.7796239984595763
hitech,instruments,exports,Central Africa,CHN,2022–24,3.397666666666667e-5,0.2293117670636987
hitech,instruments,exports,Central Africa,EU,2019–21,0.0034677086666666667,17.78998799878654
hitech,instruments,exports,Central Africa,EU,2022–24,0.002416717666666667,16.310658254804046
hitech,instruments,exports,Central Africa,GCC,2019–21,0.0018912386666666667,9.702404791456258
hitech,instruments,exports,Central Africa,GCC,2022–24,0.0019078813333333333,12.87647326286213
hitech,instruments,exports,Central Africa,IND,2019–21,5.4101666666666664e-5,0.2775515746077717
hitech,instruments,exports,Central Africa,IND,2022–24,7.216433333333333e-5,0.4870439751488406
hitech,instruments,exports,Central Africa,IRN,2019–21,0,0
hitech,instruments,exports,Central Africa,IRN,2022–24,0,0
hitech,instruments,exports,Central Africa,ISR,2019–21,9.486666666666667e-7,0.004866835780374715
hitech,instruments,exports,Central Africa,ISR,2022–24,2.798e-6,0.01888396912324818
hitech,instruments,exports,Central Africa,JPN,2019–21,6.823733333333334e-5,0.3500701638341774
hitech,instruments,exports,Central Africa,JPN,2022–24,4.9116666666666663e-5,0.33149307246969495
hitech,instruments,exports,Central Africa,KOR,2019–21,5.2393666666666666e-5,0.2687892181289804
hitech,instruments,exports,Central Africa,KOR,2022–24,7.274833333333334e-5,0.49098544690294244
hitech,instruments,exports,Central Africa,RUS,2019–21,4.731506666666667e-4,2.4273505910486475
hitech,instruments,exports,Central Africa,RUS,2022–24,0,0
hitech,instruments,exports,Central Africa,TUR,2019–21,0,0
hitech,instruments,exports,Central Africa,TUR,2022–24,6.2493e-5,0.42177122316624316
hitech,instruments,exports,Central Africa,USA,2019–21,0.00144712,7.423993739805894
hitech,instruments,exports,Central Africa,USA,2022–24,0.0012226856666666666,8.25202229334219
hitech,instruments,exports,Central Africa,other,2019–21,0.011885606,60.97536108809179
hitech,instruments,exports,Central Africa,other,2022–24,0.008976218666666667,60.58135673511696
hitech,instruments,exports,East Africa and HoA,CHN,2019–21,0.003664900333333333,16.848655225441828
hitech,instruments,exports,East Africa and HoA,CHN,2022–24,7.674343333333334e-4,3.460298867350654
hitech,instruments,exports,East Africa and HoA,EU,2019–21,0.0030363756666666668,13.959137245093181
hitech,instruments,exports,East Africa and HoA,EU,2022–24,0.0021642046666666666,9.75822247130156
hitech,instruments,exports,East Africa and HoA,GCC,2019–21,9.633356666666667e-4,4.4287454058199
hitech,instruments,exports,East Africa and HoA,GCC,2022–24,7.606246666666666e-4,3.429594635300786
hitech,instruments,exports,East Africa and HoA,IND,2019–21,1.06298e-4,0.48868405420593486
hitech,instruments,exports,East Africa and HoA,IND,2022–24,1.3126966666666666e-4,0.5918842292489275
hitech,instruments,exports,East Africa and HoA,IRN,2019–21,1.53e-7,7.033872725122583e-4
hitech,instruments,exports,East Africa and HoA,IRN,2022–24,0,0
hitech,instruments,exports,East Africa and HoA,ISR,2019–21,2.3554666666666667e-5,0.10828792641569983
hitech,instruments,exports,East Africa and HoA,ISR,2022–24,7.351066666666666e-5,0.33145360528765083
hitech,instruments,exports,East Africa and HoA,JPN,2019–21,7.861566666666666e-5,0.3614199957738531
hitech,instruments,exports,East Africa and HoA,JPN,2022–24,3.6256e-5,0.16347534933672758
hitech,instruments,exports,East Africa and HoA,KOR,2019–21,3.5618666666666665e-5,0.16374978298816964
hitech,instruments,exports,East Africa and HoA,KOR,2022–24,2.4262666666666667e-5,0.1093983867269944
hitech,instruments,exports,East Africa and HoA,RUS,2019–21,7.433466666666666e-5,0.34173894405081406
hitech,instruments,exports,East Africa and HoA,RUS,2022–24,1.6433333333333334e-5,0.07409656077431477
hitech,instruments,exports,East Africa and HoA,TUR,2019–21,1.1764833333333333e-4,0.5408649692741591
hitech,instruments,exports,East Africa and HoA,TUR,2022–24,2.2513333333333333e-5,0.10151078528797607
hitech,instruments,exports,East Africa and HoA,USA,2019–21,9.806033333333334e-4,4.508130091828511
hitech,instruments,exports,East Africa and HoA,USA,2022–24,0.007850716333333334,35.39824015708351
hitech,instruments,exports,East Africa and HoA,other,2019–21,0.012670448333333334,58.24988297183544
hitech,instruments,exports,East Africa and HoA,other,2022–24,0.010331041666666667,46.581824952300906
hitech,instruments,exports,Southern Africa and Indian Ocean,CHN,2019–21,0.006473927666666666,2.1773689178912417
hitech,instruments,exports,Southern Africa and Indian Ocean,CHN,2022–24,0.003338302,0.8394060953106566
hitech,instruments,exports,Southern Africa and Indian Ocean,EU,2019–21,0.04830164133333333,16.245237503013634
hitech,instruments,exports,Southern Africa and Indian Ocean,EU,2022–24,0.046373367,11.660445016621642
hitech,instruments,exports,Southern Africa and Indian Ocean,GCC,2019–21,0.004081787,1.3728228983794954
hitech,instruments,exports,Southern Africa and Indian Ocean,GCC,2022–24,0.010156568,2.5538387739147526
hitech,instruments,exports,Southern Africa and Indian Ocean,IND,2019–21,0.004882732666666667,1.6422040668622777
hitech,instruments,exports,Southern Africa and Indian Ocean,IND,2022–24,0.006336536333333333,1.5933031886741937
hitech,instruments,exports,Southern Africa and Indian Ocean,IRN,2019–21,9.061066666666667e-5,0.030474985107608914
hitech,instruments,exports,Southern Africa and Indian Ocean,IRN,2022–24,6.243986666666667e-4,0.15700318506349842
hitech,instruments,exports,Southern Africa and Indian Ocean,ISR,2019–21,6.589283333333333e-4,0.22161663614270835
hitech,instruments,exports,Southern Africa and Indian Ocean,ISR,2022–24,8.932896666666667e-4,0.22461502616540527
hitech,instruments,exports,Southern Africa and Indian Ocean,JPN,2019–21,7.674713333333333e-4,0.2581227830481705
hitech,instruments,exports,Southern Africa and Indian Ocean,JPN,2022–24,8.154766666666666e-4,0.20504917906876505
hitech,instruments,exports,Southern Africa and Indian Ocean,KOR,2019–21,9.30608e-4,0.31299035736434694
hitech,instruments,exports,Southern Africa and Indian Ocean,KOR,2022–24,9.04877e-4,0.2275286266210849
hitech,instruments,exports,Southern Africa and Indian Ocean,RUS,2019–21,6.080336666666667e-4,0.20449928930285816
hitech,instruments,exports,Southern Africa and Indian Ocean,RUS,2022–24,0.0021647513333333335,0.5443202754070395
hitech,instruments,exports,Southern Africa and Indian Ocean,TUR,2019–21,0.006594664,2.217976035084368
hitech,instruments,exports,Southern Africa and Indian Ocean,TUR,2022–24,0.032250438,8.109276582417776
hitech,instruments,exports,Southern Africa and Indian Ocean,USA,2019–21,0.018945635,6.371964424488591
hitech,instruments,exports,Southern Africa and Indian Ocean,USA,2022–24,0.024863125333333333,6.251758814293256
hitech,instruments,exports,Southern Africa and Indian Ocean,other,2019–21,0.20499197,68.9447221033147
hitech,instruments,exports,Southern Africa and Indian Ocean,other,2022–24,0.268976959,67.63345523644193
hitech,instruments,imports,Africa,CHN,2019–21,1.1837451483333334,21.445986802877407
hitech,instruments,imports,Africa,CHN,2022–24,0.9344537543333333,16.817861413953892
hitech,instruments,imports,Africa,EU,2019–21,2.2624639343333333,40.9892042607432
hitech,instruments,imports,Africa,EU,2022–24,2.4822454506666665,44.67429211038099
hitech,instruments,imports,Africa,GCC,2019–21,0.17515079133333333,3.1732181244729047
hitech,instruments,imports,Africa,GCC,2022–24,0.14976659166666667,2.6954290369213347
hitech,instruments,imports,Africa,IND,2019–21,0.14504538933333333,2.6277966248398505
hitech,instruments,imports,Africa,IND,2022–24,0.18133468433333333,3.263576797159742
hitech,instruments,imports,Africa,IRN,2019–21,8.3731e-5,0.0015169598992823706
hitech,instruments,imports,Africa,IRN,2022–24,8.603833333333334e-5,0.0015484776636377133
hitech,instruments,imports,Africa,ISR,2019–21,0.013981163,0.25329762711935133
hitech,instruments,imports,Africa,ISR,2022–24,0.018736998333333334,0.3372197284479832
hitech,instruments,imports,Africa,JPN,2019–21,0.13791704533333332,2.4986519592286665
hitech,instruments,imports,Africa,JPN,2022–24,0.13191206566666666,2.37409163259568
hitech,instruments,imports,Africa,KOR,2019–21,0.11602977233333334,2.1021188299737217
hitech,instruments,imports,Africa,KOR,2022–24,0.109054756,1.9627164687770284
hitech,instruments,imports,Africa,RUS,2019–21,0.060069999666666665,1.0882920381249321
hitech,instruments,imports,Africa,RUS,2022–24,0.006593028,0.11865823288539634
hitech,instruments,imports,Africa,TUR,2019–21,0.037319823333333335,0.6761256338150649
hitech,instruments,imports,Africa,TUR,2022–24,0.059000731,1.0618675484779716
hitech,instruments,imports,Africa,USA,2019–21,0.47943979433333334,8.686041515374876
hitech,instruments,imports,Africa,USA,2022–24,0.5124856826666667,9.223477510529708
hitech,instruments,imports,Africa,other,2019–21,0.9084115106666667,16.45774962353074
hitech,instruments,imports,Africa,other,2022–24,0.970647585,17.46926104220664
hitech,instruments,imports,North Africa,CHN,2019–21,0.7217383016666666,27.313132095338165
hitech,instruments,imports,North Africa,CHN,2022–24,0.37439038166666666,16.484304512324634
hitech,instruments,imports,North Africa,EU,2019–21,1.15878112,43.85237935558721
hitech,instruments,imports,North Africa,EU,2022–24,1.260317021,55.491408362961025
hitech,instruments,imports,North Africa,GCC,2019–21,0.081279416,3.0759008088020843
hitech,instruments,imports,North Africa,GCC,2022–24,0.06391496166666667,2.81415800885863
hitech,instruments,imports,North Africa,IND,2019–21,0.03109526233333333,1.1767547955931792
hitech,instruments,imports,North Africa,IND,2022–24,0.04169620633333333,1.8358723831194548
hitech,instruments,imports,North Africa,IRN,2019–21,1.1775333333333334e-5,4.456202948593299e-4
hitech,instruments,imports,North Africa,IRN,2022–24,2.8646666666666665e-6,1.261304776298521e-4
hitech,instruments,imports,North Africa,ISR,2019–21,1.91405e-4,0.007243442722432491
hitech,instruments,imports,North Africa,ISR,2022–24,0.0037876763333333334,0.16677033687361656
hitech,instruments,imports,North Africa,JPN,2019–21,0.04891221933333333,1.851011515728717
hitech,instruments,imports,North Africa,JPN,2022–24,0.0420113,1.8497458697408682
hitech,instruments,imports,North Africa,KOR,2019–21,0.075493827,2.8569536416066845
hitech,instruments,imports,North Africa,KOR,2022–24,0.07467993366666667,3.2881367358886457
hitech,instruments,imports,North Africa,RUS,2019–21,0.049655499,1.8791398493263174
hitech,instruments,imports,North Africa,RUS,2022–24,0.0023725946666666668,0.10446468415011861
hitech,instruments,imports,North Africa,TUR,2019–21,0.02355547066666667,0.8914223900835331
hitech,instruments,imports,North Africa,TUR,2022–24,0.037407904,1.6470596225221048
hitech,instruments,imports,North Africa,USA,2019–21,0.170201195,6.441015685442193
hitech,instruments,imports,North Africa,USA,2022–24,0.14333094033333332,6.31082149059082
hitech,instruments,imports,North Africa,other,2019–21,0.28154345166666667,10.654600799474622
hitech,instruments,imports,North Africa,other,2022–24,0.22728128533333333,10.00713186249245
hitech,instruments,imports,West Africa,CHN,2019–21,0.158161579,22.489244433556994
hitech,instruments,imports,West Africa,CHN,2022–24,0.166903833,21.521403444448467
hitech,instruments,imports,West Africa,EU,2019–21,0.23448702266666666,33.342079679463026
hitech,instruments,imports,West Africa,EU,2022–24,0.276053476,35.59569677011775
hitech,instruments,imports,West Africa,GCC,2019–21,0.029564710333333334,4.203852803553773
hitech,instruments,imports,West Africa,GCC,2022–24,0.028350592,3.655665165706249
hitech,instruments,imports,West Africa,IND,2019–21,0.050644914666666666,7.201280313819466
hitech,instruments,imports,West Africa,IND,2022–24,0.051898279,6.692020071411707
hitech,instruments,imports,West Africa,IRN,2019–21,6.652333333333333e-6,9.459057713810021e-4
hitech,instruments,imports,West Africa,IRN,2022–24,4.845666666666667e-6,6.248241602135592e-4
hitech,instruments,imports,West Africa,ISR,2019–21,0.005301023,0.7537608232585209
hitech,instruments,imports,West Africa,ISR,2022–24,0.0019915736666666667,0.25680333159079016
hitech,instruments,imports,West Africa,JPN,2019–21,0.008092854,1.1507356775382815
hitech,instruments,imports,West Africa,JPN,2022–24,0.010438470333333333,1.345987850300437
hitech,instruments,imports,West Africa,KOR,2019–21,0.011005575666666666,1.564900166428369
hitech,instruments,imports,West Africa,KOR,2022–24,0.006782808666666667,0.8746088042318053
hitech,instruments,imports,West Africa,RUS,2019–21,0.0015942186666666666,0.22668446725108873
hitech,instruments,imports,West Africa,RUS,2022–24,6.9972e-5,0.009022534801911638
hitech,instruments,imports,West Africa,TUR,2019–21,0.005621930666666667,0.7993911906454645
hitech,instruments,imports,West Africa,TUR,2022–24,0.008994689666666666,1.1598196500013576
hitech,instruments,imports,West Africa,USA,2019–21,0.08463648766666666,12.034595703760637
hitech,instruments,imports,West Africa,USA,2022–24,0.08568442266666666,11.048572078713006
hitech,instruments,imports,West Africa,other,2019–21,0.11415956633333334,16.232528834953
hitech,instruments,imports,West Africa,other,2022–24,0.138351893,17.83977547451631
hitech,instruments,imports,Central Africa,CHN,2019–21,0.040977674,18.820956922419377
hitech,instruments,imports,Central Africa,CHN,2022–24,0.067504027,24.42869524649243
hitech,instruments,imports,Central Africa,EU,2019–21,0.082254892,37.77949375531316
hitech,instruments,imports,Central Africa,EU,2022–24,0.09471497433333333,34.275929097805566
hitech,instruments,imports,Central Africa,GCC,2019–21,0.021040779333333332,9.663984379562358
hitech,instruments,imports,Central Africa,GCC,2022–24,0.010265168,3.714810387920208
hitech,instruments,imports,Central Africa,IND,2019–21,0.005449071666666667,2.5027468153880403
hitech,instruments,imports,Central Africa,IND,2022–24,0.006198561,2.2431662874837577
hitech,instruments,imports,Central Africa,IRN,2019–21,4.453566666666667e-5,0.02045513524863715
hitech,instruments,imports,Central Africa,IRN,2022–24,8.243333333333333e-6,0.0029831387365268237
hitech,instruments,imports,Central Africa,ISR,2019–21,6.981663333333333e-4,0.32066628487381094
hitech,instruments,imports,Central Africa,ISR,2022–24,0.004647163,1.681738612242726
hitech,instruments,imports,Central Africa,JPN,2019–21,0.002058403,0.9454200399949205
hitech,instruments,imports,Central Africa,JPN,2022–24,0.00200469,0.7254672535860848
hitech,instruments,imports,Central Africa,KOR,2019–21,0.0020002783333333335,0.918723506476124
hitech,instruments,imports,Central Africa,KOR,2022–24,0.001903054,0.6886867090702367
hitech,instruments,imports,Central Africa,RUS,2019–21,0.0014358963333333332,0.6595040761641718
hitech,instruments,imports,Central Africa,RUS,2022–24,9.143566666666666e-5,0.03308919682169282
hitech,instruments,imports,Central Africa,TUR,2019–21,8.72531e-4,0.40075159865041393
hitech,instruments,imports,Central Africa,TUR,2022–24,0.002553732,0.9241573212990035
hitech,instruments,imports,Central Africa,USA,2019–21,0.014161991,6.504571795526777
hitech,instruments,imports,Central Africa,USA,2022–24,0.023030627,8.33443860050957
hitech,instruments,imports,Central Africa,other,2019–21,0.046729429333333336,21.462725690382207
hitech,instruments,imports,Central Africa,other,2022–24,0.06340919833333333,22.9468381480322
hitech,instruments,imports,East Africa and HoA,CHN,2019–21,0.105924839,23.702452901379285
hitech,instruments,imports,East Africa and HoA,CHN,2022–24,0.126060609,26.739775703591278
hitech,instruments,imports,East Africa and HoA,EU,2019–21,0.14647512166666668,32.77625630875839
hitech,instruments,imports,East Africa and HoA,EU,2022–24,0.12817282,27.18781453845569
hitech,instruments,imports,East Africa and HoA,GCC,2019–21,0.024857594666666667,5.562302217218792
hitech,instruments,imports,East Africa and HoA,GCC,2022–24,0.02122934866666667,4.503135643902857
hitech,instruments,imports,East Africa and HoA,IND,2019–21,0.026615493,5.955661346622297
hitech,instruments,imports,East Africa and HoA,IND,2022–24,0.037308625666666664,7.913846284337048
hitech,instruments,imports,East Africa and HoA,IRN,2019–21,1.4712666666666667e-5,0.0032922050390877594
hitech,instruments,imports,East Africa and HoA,IRN,2022–24,1.855e-5,0.003934796470018784
hitech,instruments,imports,East Africa and HoA,ISR,2019–21,0.003266516666666667,0.7309376929356213
hitech,instruments,imports,East Africa and HoA,ISR,2022–24,0.004057868666666666,0.86074864180053
hitech,instruments,imports,East Africa and HoA,JPN,2019–21,0.009823744666666667,2.1982270398054853
hitech,instruments,imports,East Africa and HoA,JPN,2022–24,0.006929654666666667,1.4699073164878274
hitech,instruments,imports,East Africa and HoA,KOR,2019–21,0.011269064,2.5216413942590825
hitech,instruments,imports,East Africa and HoA,KOR,2022–24,0.013787914,2.9246703685241284
hitech,instruments,imports,East Africa and HoA,RUS,2019–21,0.0028546773333333335,0.6387817596019035
hitech,instruments,imports,East Africa and HoA,RUS,2022–24,2.68711e-4,0.05699854955553734
hitech,instruments,imports,East Africa and HoA,TUR,2019–21,0.005207171666666666,1.165191680664847
hitech,instruments,imports,East Africa and HoA,TUR,2022–24,0.007144587666666666,1.5154985622932478
hitech,instruments,imports,East Africa and HoA,USA,2019–21,0.04433896033333333,9.921583350218334
hitech,instruments,imports,East Africa and HoA,USA,2022–24,0.060731196333333334,12.882204687461874
hitech,instruments,imports,East Africa and HoA,other,2019–21,0.06624610066666667,14.823672103496872
hitech,instruments,imports,East Africa and HoA,other,2022–24,0.06572491766666666,13.941464907119961
hitech,instruments,imports,Southern Africa and Indian Ocean,CHN,2019–21,0.15694275466666666,10.398346038541817
hitech,instruments,imports,Southern Africa and Indian Ocean,CHN,2022–24,0.19959490366666666,11.328815906631098
hitech,instruments,imports,Southern Africa and Indian Ocean,EU,2019–21,0.640465778,42.43448383222743
hitech,instruments,imports,Southern Africa and Indian Ocean,EU,2022–24,0.7229871593333334,41.036059941811864
hitech,instruments,imports,Southern Africa and Indian Ocean,GCC,2019–21,0.018408291,1.2196534985175083
hitech,instruments,imports,Southern Africa and Indian Ocean,GCC,2022–24,0.026006521333333334,1.4761052869828917
hitech,instruments,imports,Southern Africa and Indian Ocean,IND,2019–21,0.031240647666666666,2.069869778927486
hitech,instruments,imports,Southern Africa and Indian Ocean,IND,2022–24,0.044233012333333335,2.5106234904521947
hitech,instruments,imports,Southern Africa and Indian Ocean,IRN,2019–21,6.055e-6,4.0117803078642725e-4
hitech,instruments,imports,Southern Africa and Indian Ocean,IRN,2022–24,5.1534666666666666e-5,0.002925058409563824
hitech,instruments,imports,Southern Africa and Indian Ocean,ISR,2019–21,0.004524052,0.2997440582221962
hitech,instruments,imports,Southern Africa and Indian Ocean,ISR,2022–24,0.0042527166666666665,0.24138013213097143
hitech,instruments,imports,Southern Africa and Indian Ocean,JPN,2019–21,0.06902982433333334,4.573616679038755
hitech,instruments,imports,Southern Africa and Indian Ocean,JPN,2022–24,0.07052795066666667,4.003099050609994
hitech,instruments,imports,Southern Africa and Indian Ocean,KOR,2019–21,0.016261027333333334,1.0773851237243492
hitech,instruments,imports,Southern Africa and Indian Ocean,KOR,2022–24,0.011901045666666667,0.6754919738794554
hitech,instruments,imports,Southern Africa and Indian Ocean,RUS,2019–21,0.0045297083333333335,0.300118822329238
hitech,instruments,imports,Southern Africa and Indian Ocean,RUS,2022–24,0.0037903146666666667,0.21513463669684685
hitech,instruments,imports,Southern Africa and Indian Ocean,TUR,2019–21,0.0020627193333333333,0.1366668340564424
hitech,instruments,imports,Southern Africa and Indian Ocean,TUR,2022–24,0.0028998176666666666,0.1645908783489123
hitech,instruments,imports,Southern Africa and Indian Ocean,USA,2019–21,0.16610116033333333,11.00514226488312
hitech,instruments,imports,Southern Africa and Indian Ocean,USA,2022–24,0.19970849633333335,11.335263317789245
hitech,instruments,imports,Southern Africa and Indian Ocean,other,2019–21,0.3997329626666667,26.484571891500874
hitech,instruments,imports,Southern Africa and Indian Ocean,other,2022–24,0.47588029066666665,27.01051032625696
hitech,machinery,exports,Africa,CHN,2019–21,0.016521895666666668,11.104300314080326
hitech,machinery,exports,Africa,CHN,2022–24,6.72018e-4,0.508539634971552
hitech,machinery,exports,Africa,EU,2019–21,0.030262038333333335,20.338995509305313
hitech,machinery,exports,Africa,EU,2022–24,0.04540288966666667,34.35796204527306
hitech,machinery,exports,Africa,GCC,2019–21,0.011044298666666667,7.422829173318848
hitech,machinery,exports,Africa,GCC,2022–24,0.004768129,3.6082107639338097
hitech,machinery,exports,Africa,IND,2019–21,6.34245e-4,0.4262735399614583
hitech,machinery,exports,Africa,IND,2022–24,8.85182e-4,0.6698483242463569
hitech,machinery,exports,Africa,IRN,2019–21,8.488333333333333e-5,0.05704975046508596
hitech,machinery,exports,Africa,IRN,2022–24,6.634766666666666e-5,0.0502076107900099
hitech,machinery,exports,Africa,ISR,2019–21,6.519926666666666e-4,0.4382016760855995
hitech,machinery,exports,Africa,ISR,2022–24,9.286246666666667e-4,0.7027229166662883
hitech,machinery,exports,Africa,JPN,2019–21,3.692533333333333e-5,0.024817369556333645
hitech,machinery,exports,Africa,JPN,2022–24,4.98205e-4,0.3770092301709211
hitech,machinery,exports,Africa,KOR,2019–21,6.802666666666667e-5,0.04572045189442271
hitech,machinery,exports,Africa,KOR,2022–24,3.6148e-5,0.027354461822379248
hitech,machinery,exports,Africa,RUS,2019–21,1.0682033333333333e-4,0.07179352084740591
hitech,machinery,exports,Africa,RUS,2022–24,7.2384e-5,0.05477551633703384
hitech,machinery,exports,Africa,TUR,2019–21,2.8390166666666667e-4,0.1908091801290636
hitech,machinery,exports,Africa,TUR,2022–24,6.721736666666666e-4,0.5086574334082663
hitech,machinery,exports,Africa,USA,2019–21,0.027277435,18.333055488838824
hitech,machinery,exports,Africa,USA,2022–24,0.025776954,19.506326880884863
hitech,machinery,exports,Africa,other,2019–21,0.06181580133333334,41.54615402551732
hitech,machinery,exports,Africa,other,2022–24,0.05236757633333333,39.62838518149546
hitech,machinery,exports,North Africa,CHN,2019–21,0.013756482,20.98212776121479
hitech,machinery,exports,North Africa,CHN,2022–24,4.44852e-4,1.0642840718720232
hitech,machinery,exports,North Africa,EU,2019–21,0.017106336666666666,26.09150664147659
hitech,machinery,exports,North Africa,EU,2022–24,0.017132205666666667,40.98786474393495
hitech,machinery,exports,North Africa,GCC,2019–21,0.008761549,13.363586744353947
hitech,machinery,exports,North Africa,GCC,2022–24,0.0014079423333333333,3.368425003104397
hitech,machinery,exports,North Africa,IND,2019–21,7.0023e-5,0.10680285353650326
hitech,machinery,exports,North Africa,IND,2022–24,3.57346e-4,0.8549307543793891
hitech,machinery,exports,North Africa,IRN,2019–21,2.570333333333333e-6,0.003920410929837228
hitech,machinery,exports,North Africa,IRN,2022–24,0,0
hitech,machinery,exports,North Africa,ISR,2019–21,3.5146666666666666e-6,0.005360759025314969
hitech,machinery,exports,North Africa,ISR,2022–24,8.712e-6,0.020842983361093276
hitech,machinery,exports,North Africa,JPN,2019–21,1.0917333333333333e-5,0.016651705196995055
hitech,machinery,exports,North Africa,JPN,2022–24,6.05e-7,0.001447429400075922
hitech,machinery,exports,North Africa,KOR,2019–21,1.2097333333333334e-5,0.018451504793885704
hitech,machinery,exports,North Africa,KOR,2022–24,3.339e-6,0.00798837482124546
hitech,machinery,exports,North Africa,RUS,2019–21,2.9862333333333334e-5,0.045547640250463976
hitech,machinery,exports,North Africa,RUS,2022–24,3.349e-6,0.008012299274139278
hitech,machinery,exports,North Africa,TUR,2019–21,9.333333333333333e-6,0.014235703026253713
hitech,machinery,exports,North Africa,TUR,2022–24,5.48092e-4,1.3112801235477887
hitech,machinery,exports,North Africa,USA,2019–21,7.680996666666667e-4,1.171547008846193
hitech,machinery,exports,North Africa,USA,2022–24,0.002524241,6.039108489714124
hitech,machinery,exports,North Africa,other,2019–21,0.025032069333333334,38.18026126734922
hitech,machinery,exports,North Africa,other,2022–24,0.019367555,46.33581572659078
hitech,machinery,exports,West Africa,CHN,2019–21,6.1215e-5,0.610039446526851
hitech,machinery,exports,West Africa,CHN,2022–24,1.7716666666666666e-5,0.07348330527049916
hitech,machinery,exports,West Africa,EU,2019–21,0.0021716996666666668,21.642121419192687
hitech,machinery,exports,West Africa,EU,2022–24,0.009902858333333334,41.07402231188184
hitech,machinery,exports,West Africa,GCC,2019–21,0.0014005703333333332,13.957414865124463
hitech,machinery,exports,West Africa,GCC,2022–24,8.644833333333334e-4,3.5856120047747146
hitech,machinery,exports,West Africa,IND,2019–21,3.4966666666666666e-7,0.0034846109581348076
hitech,machinery,exports,West Africa,IND,2022–24,3.562e-6,0.014774084668307697
hitech,machinery,exports,West Africa,IRN,2019–21,0,0
hitech,machinery,exports,West Africa,IRN,2022–24,0,0
hitech,machinery,exports,West Africa,ISR,2019–21,1.2423666666666666e-5,0.12380832699775254
hitech,machinery,exports,West Africa,ISR,2022–24,1.4123333333333334e-6,0.005857925953548541
hitech,machinery,exports,West Africa,JPN,2019–21,2.6833333333333334e-7,0.0026740818124866735
hitech,machinery,exports,West Africa,JPN,2022–24,7.102666666666666e-6,0.029459685206092122
hitech,machinery,exports,West Africa,KOR,2019–21,0,0
hitech,machinery,exports,West Africa,KOR,2022–24,4.190333333333333e-6,0.017380218825125967
hitech,machinery,exports,West Africa,RUS,2019–21,0,0
hitech,machinery,exports,West Africa,RUS,2022–24,3.3771e-5,0.1400717611828802
hitech,machinery,exports,West Africa,TUR,2019–21,0,0
hitech,machinery,exports,West Africa,TUR,2022–24,5.7552333333333335e-5,0.23870944568369848
hitech,machinery,exports,West Africa,USA,2019–21,9.86167e-4,9.827669212824391
hitech,machinery,exports,West Africa,USA,2022–24,0.007538163333333334,31.265991951206974
hitech,machinery,exports,West Africa,other,2019–21,0.005401903333333334,53.83278803656324
hitech,machinery,exports,West Africa,other,2022–24,0.005678972333333333,23.55463730534632
hitech,machinery,exports,Central Africa,CHN,2019–21,0.0022988193333333333,28.19126305476198
hitech,machinery,exports,Central Africa,CHN,2022–24,0,0
hitech,machinery,exports,Central Africa,EU,2019–21,0.003405303,41.760477329450914
hitech,machinery,exports,Central Africa,EU,2022–24,0.0028192073333333334,51.10082550433053
hitech,machinery,exports,Central Africa,GCC,2019–21,1.057e-6,0.012962377954980694
hitech,machinery,exports,Central Africa,GCC,2022–24,0.001045351,18.947985275924164
hitech,machinery,exports,Central Africa,IND,2019–21,1.6657333333333334e-5,0.2042749767159556
hitech,machinery,exports,Central Africa,IND,2022–24,0,0
hitech,machinery,exports,Central Africa,IRN,2019–21,0,0
hitech,machinery,exports,Central Africa,IRN,2022–24,0,0
hitech,machinery,exports,Central Africa,ISR,2019–21,2.9966666666666666e-7,0.00367492203769399
hitech,machinery,exports,Central Africa,ISR,2022–24,0,0
hitech,machinery,exports,Central Africa,JPN,2019–21,0,0
hitech,machinery,exports,Central Africa,JPN,2022–24,0,0
hitech,machinery,exports,Central Africa,KOR,2019–21,2.62e-6,0.032130019150472484
hitech,machinery,exports,Central Africa,KOR,2022–24,3.681666666666667e-6,0.06673372464450773
hitech,machinery,exports,Central Africa,RUS,2019–21,8.339333333333333e-6,0.10226829759624945
hitech,machinery,exports,Central Africa,RUS,2022–24,0,0
hitech,machinery,exports,Central Africa,TUR,2019–21,0,0
hitech,machinery,exports,Central Africa,TUR,2022–24,0,0
hitech,machinery,exports,Central Africa,USA,2019–21,0.0015775616666666666,19.346216244676064
hitech,machinery,exports,Central Africa,USA,2022–24,9.49041e-4,17.20227454151605
hitech,machinery,exports,Central Africa,other,2019–21,8.437106666666667e-4,10.346732777655689
hitech,machinery,exports,Central Africa,other,2022–24,6.996696666666666e-4,12.682180953584746
hitech,machinery,exports,East Africa and HoA,CHN,2019–21,2.869333333333333e-6,0.033517381709983765
hitech,machinery,exports,East Africa and HoA,CHN,2022–24,2.5148666666666665e-5,0.32042304710060804
hitech,machinery,exports,East Africa and HoA,EU,2019–21,2.71088e-4,3.1666449720014223
hitech,machinery,exports,East Africa and HoA,EU,2022–24,0.0018039543333333333,22.984460845519152
hitech,machinery,exports,East Africa and HoA,GCC,2019–21,2.4222333333333334e-5,0.28294697684937153
hitech,machinery,exports,East Africa and HoA,GCC,2022–24,1.2452666666666667e-5,0.15866134975458626
hitech,machinery,exports,East Africa and HoA,IND,2019–21,5.5442333333333336e-5,0.6476354028434561
hitech,machinery,exports,East Africa and HoA,IND,2022–24,1.7269e-5,0.22002699680753385
hitech,machinery,exports,East Africa and HoA,IRN,2019–21,0,0
hitech,machinery,exports,East Africa and HoA,IRN,2022–24,0,0
hitech,machinery,exports,East Africa and HoA,ISR,2019–21,6.206666666666666e-7,0.00725015854367911
hitech,machinery,exports,East Africa and HoA,ISR,2022–24,2.0278666666666666e-5,0.25837362475694653
hitech,machinery,exports,East Africa and HoA,JPN,2019–21,0,0
hitech,machinery,exports,East Africa and HoA,JPN,2022–24,6.856333333333333e-6,0.08735760220306453
hitech,machinery,exports,East Africa and HoA,KOR,2019–21,0,0
hitech,machinery,exports,East Africa and HoA,KOR,2022–24,6.393333333333334e-7,0.008145844767634683
hitech,machinery,exports,East Africa and HoA,RUS,2019–21,4.203e-5,0.4909626695878082
hitech,machinery,exports,East Africa and HoA,RUS,2022–24,0,0
hitech,machinery,exports,East Africa and HoA,TUR,2019–21,1.1843666666666666e-5,0.13834875575481334
hitech,machinery,exports,East Africa and HoA,TUR,2022–24,3.088333333333333e-6,0.039348932102260335
hitech,machinery,exports,East Africa and HoA,USA,2019–21,0.002420817,28.278153150215303
hitech,machinery,exports,East Africa and HoA,USA,2022–24,0.002853717,36.35964915447363
hitech,machinery,exports,East Africa and HoA,other,2019–21,0.005731799,66.95454053249416
hitech,machinery,exports,East Africa and HoA,other,2022–24,0.003105178,39.563552602514584
hitech,machinery,exports,Southern Africa and Indian Ocean,CHN,2019–21,4.0251e-4,0.7127134623388397
hitech,machinery,exports,Southern Africa and Indian Ocean,CHN,2022–24,1.8430066666666668e-4,0.34857186858294215
hitech,machinery,exports,Southern Africa and Indian Ocean,EU,2019–21,0.007307611,12.939387188480758
hitech,machinery,exports,Southern Africa and Indian Ocean,EU,2022–24,0.013744664,25.99558265402203
hitech,machinery,exports,Southern Africa and Indian Ocean,GCC,2019–21,8.569e-4,1.5172894235625245
hitech,machinery,exports,Southern Africa and Indian Ocean,GCC,2022–24,0.0014378996666666666,2.7195309854809153
hitech,machinery,exports,Southern Africa and Indian Ocean,IND,2019–21,4.917726666666667e-4,0.8707684279734766
hitech,machinery,exports,Southern Africa and Indian Ocean,IND,2022–24,5.07005e-4,0.9589096091037539
hitech,machinery,exports,Southern Africa and Indian Ocean,IRN,2019–21,8.2313e-5,0.14574938069985072
hitech,machinery,exports,Southern Africa and Indian Ocean,IRN,2022–24,6.634766666666666e-5,0.1254847883320273
hitech,machinery,exports,Southern Africa and Indian Ocean,ISR,2019–21,6.35134e-4,1.1246144249561913
hitech,machinery,exports,Southern Africa and Indian Ocean,ISR,2022–24,8.982216666666667e-4,1.6988262192125438
hitech,machinery,exports,Southern Africa and Indian Ocean,JPN,2019–21,2.5739666666666667e-5,0.04557652468124424
hitech,machinery,exports,Southern Africa and Indian Ocean,JPN,2022–24,4.83641e-4,0.9147207665734038
hitech,machinery,exports,Southern Africa and Indian Ocean,KOR,2019–21,5.3309333333333335e-5,0.09439338037558151
hitech,machinery,exports,Southern Africa and Indian Ocean,KOR,2022–24,2.4297666666666666e-5,0.0459547066507562
hitech,machinery,exports,Southern Africa and Indian Ocean,RUS,2019–21,2.658866666666667e-5,0.04707982579059724
hitech,machinery,exports,Southern Africa and Indian Ocean,RUS,2022–24,3.5264e-5,0.06669557194787976
hitech,machinery,exports,Southern Africa and Indian Ocean,TUR,2019–21,2.627246666666667e-4,0.46519939087679196
hitech,machinery,exports,Southern Africa and Indian Ocean,TUR,2022–24,6.3441e-5,0.11998734630063067
hitech,machinery,exports,Southern Africa and Indian Ocean,USA,2019–21,0.021524789666666665,38.113357107761985
hitech,machinery,exports,Southern Africa and Indian Ocean,USA,2022–24,0.011911791666666666,22.529031253752304
hitech,machinery,exports,Southern Africa and Indian Ocean,other,2019–21,0.024806319,43.923871462502156
hitech,machinery,exports,Southern Africa and Indian Ocean,other,2022–24,0.023516201333333334,44.476704230040816
hitech,machinery,imports,Africa,CHN,2019–21,0.13995449833333334,7.620816521833927
hitech,machinery,imports,Africa,CHN,2022–24,0.19658184533333334,9.841952946701833
hitech,machinery,imports,Africa,EU,2019–21,0.956750221,52.09705996086939
hitech,machinery,imports,Africa,EU,2022–24,1.054907625,52.81439489370029
hitech,machinery,imports,Africa,GCC,2019–21,0.024045442,1.3093248437928577
hitech,machinery,imports,Africa,GCC,2022–24,0.051347621333333336,2.5707403052953155
hitech,machinery,imports,Africa,IND,2019–21,0.027664777666666668,1.5064052761838385
hitech,machinery,imports,Africa,IND,2022–24,0.013965357666666667,0.6991815180396466
hitech,machinery,imports,Africa,IRN,2019–21,1.3326666666666668e-6,7.256650034386067e-5
hitech,machinery,imports,Africa,IRN,2022–24,6.970333333333333e-6,3.4897267635864224e-4
hitech,machinery,imports,Africa,ISR,2019–21,6.503133333333333e-4,0.03541092750896736
hitech,machinery,imports,Africa,ISR,2022–24,9.125643333333333e-4,0.045687917998102456
hitech,machinery,imports,Africa,JPN,2019–21,0.055644829,3.0299778660049284
hitech,machinery,imports,Africa,JPN,2022–24,0.01652978,0.8275704030729603
hitech,machinery,imports,Africa,KOR,2019–21,0.016161917333333334,0.8800503599750733
hitech,machinery,imports,Africa,KOR,2022–24,0.013046833,0.6531951934409048
hitech,machinery,imports,Africa,RUS,2019–21,0.0028810623333333334,0.15687989805091346
hitech,machinery,imports,Africa,RUS,2022–24,0.001797625,0.08999885333162512
hitech,machinery,imports,Africa,TUR,2019–21,0.026355031333333334,1.4350868361526703
hitech,machinery,imports,Africa,TUR,2022–24,0.03549670333333333,1.7771574143955915
hitech,machinery,imports,Africa,USA,2019–21,0.25257778266666664,13.7533910100542
hitech,machinery,imports,Africa,USA,2022–24,0.167175402,8.369706966276876
hitech,machinery,imports,Africa,other,2019–21,0.333789211,18.175523933072895
hitech,machinery,imports,Africa,other,2022–24,0.445618232,22.310064615070495
hitech,machinery,imports,North Africa,CHN,2019–21,0.055343183,5.350643403677891
hitech,machinery,imports,North Africa,CHN,2022–24,0.08115897133333333,7.940988815739004
hitech,machinery,imports,North Africa,EU,2019–21,0.576259859,55.713474473680016
hitech,machinery,imports,North Africa,EU,2022–24,0.6208733176666666,60.749267648206306
hitech,machinery,imports,North Africa,GCC,2019–21,0.014603033,1.411838242031373
hitech,machinery,imports,North Africa,GCC,2022–24,0.013904664333333334,1.3605000426151905
hitech,machinery,imports,North Africa,IND,2019–21,0.001889631,0.182691726378211
hitech,machinery,imports,North Africa,IND,2022–24,0.0013812506666666666,0.13514828879092877
hitech,machinery,imports,North Africa,IRN,2019–21,0,0
hitech,machinery,imports,North Africa,IRN,2022–24,0,0
hitech,machinery,imports,North Africa,ISR,2019–21,3.0116666666666665e-6,2.9117144173071115e-4
hitech,machinery,imports,North Africa,ISR,2022–24,9.611333333333334e-6,0.00094041963877124885
hitech,machinery,imports,North Africa,JPN,2019–21,0.048843893666666666,4.722284539678434
hitech,machinery,imports,North Africa,JPN,2022–24,0.006960505,0.6810496911041276
hitech,machinery,imports,North Africa,KOR,2019–21,0.005124649,0.49545703520548323
hitech,machinery,imports,North Africa,KOR,2022–24,0.005264737333333333,0.5151275280473234
hitech,machinery,imports,North Africa,RUS,2019–21,0.00168713,0.16311369379760973
hitech,machinery,imports,North Africa,RUS,2022–24,0.001797011,0.1758283036160048
hitech,machinery,imports,North Africa,TUR,2019–21,0.018546391666666665,1.7930867516831588
hitech,machinery,imports,North Africa,TUR,2022–24,0.020225456,1.9789570672300538
hitech,machinery,imports,North Africa,USA,2019–21,0.13875181066666667,13.414686692161592
hitech,machinery,imports,North Africa,USA,2022–24,0.07728983933333333,7.562414106944011
hitech,machinery,imports,North Africa,other,2019–21,0.17327503533333333,16.752432270264496
hitech,machinery,imports,North Africa,other,2022–24,0.19316064833333332,18.899778088068278
hitech,machinery,imports,West Africa,CHN,2019–21,0.032538971,9.519650353347059
hitech,machinery,imports,West Africa,CHN,2022–24,0.027292117666666667,6.311328983863132
hitech,machinery,imports,West Africa,EU,2019–21,0.173822114,50.85365941534023
hitech,machinery,imports,West Africa,EU,2022–24,0.200228301,46.30299102932582
hitech,machinery,imports,West Africa,GCC,2019–21,0.006209195,1.8165714390830243
hitech,machinery,imports,West Africa,GCC,2022–24,0.02233470133333333,5.164921593576349
hitech,machinery,imports,West Africa,IND,2019–21,0.009187956666666667,2.688042437739374
hitech,machinery,imports,West Africa,IND,2022–24,0.005476676,1.266486697594882
hitech,machinery,imports,West Africa,IRN,2019–21,0,0
hitech,machinery,imports,West Africa,IRN,2022–24,9.726666666666666e-7,2.2493012084835558e-4
hitech,machinery,imports,West Africa,ISR,2019–21,2.9498666666666666e-5,0.008630174339458997
hitech,machinery,imports,West Africa,ISR,2022–24,1.1723333333333333e-5,0.0027110323338713728
hitech,machinery,imports,West Africa,JPN,2019–21,2.5440533333333335e-4,0.07442920740671372
hitech,machinery,imports,West Africa,JPN,2022–24,2.2694433333333332e-4,0.05248109971471846
hitech,machinery,imports,West Africa,KOR,2019–21,0.005268360666666667,1.5413195298029885
hitech,machinery,imports,West Africa,KOR,2022–24,3.064566666666667e-4,0.07086840479929837
hitech,machinery,imports,West Africa,RUS,2019–21,5.3041e-5,0.01551775482979721
hitech,machinery,imports,West Africa,RUS,2022–24,0,0
hitech,machinery,imports,West Africa,TUR,2019–21,0.0036035663333333335,1.0542647927749844
hitech,machinery,imports,West Africa,TUR,2022–24,0.011384572666666667,2.6326935973819934
hitech,machinery,imports,West Africa,USA,2019–21,0.046145006333333335,13.500252538604215
hitech,machinery,imports,West Africa,USA,2022–24,0.036402591,8.418134879530426
hitech,machinery,imports,West Africa,other,2019–21,0.06469635266666666,18.927662356732156
hitech,machinery,imports,West Africa,other,2022–24,0.12876554133333334,29.777157751758658
hitech,machinery,imports,Central Africa,CHN,2019–21,0.0026454506666666665,4.299821955390805
hitech,machinery,imports,Central Africa,CHN,2022–24,0.011329204333333334,17.978789114342376
hitech,machinery,imports,Central Africa,EU,2019–21,0.024405767,39.66827055481627
hitech,machinery,imports,Central Africa,EU,2022–24,0.027771593333333334,44.071905247592106
hitech,machinery,imports,Central Africa,GCC,2019–21,4.23265e-4,0.6879599619378611
hitech,machinery,imports,Central Africa,GCC,2022–24,5.512203333333333e-4,0.874754646218095
hitech,machinery,imports,Central Africa,IND,2019–21,2.4049e-4,0.39088394090330225
hitech,machinery,imports,Central Africa,IND,2022–24,9.719466666666666e-4,1.5424228953990993
hitech,machinery,imports,Central Africa,IRN,2019–21,0,0
hitech,machinery,imports,Central Africa,IRN,2022–24,0,0
hitech,machinery,imports,Central Africa,ISR,2019–21,3.286e-6,0.005340948188316567
hitech,machinery,imports,Central Africa,ISR,2022–24,9.196666666666666e-6,0.014594575725712367
hitech,machinery,imports,Central Africa,JPN,2019–21,8.955866666666667e-5,0.1455654894952467
hitech,machinery,imports,Central Africa,JPN,2022–24,5.6651666666666665e-5,0.08990290385876933
hitech,machinery,imports,Central Africa,KOR,2019–21,2.901823333333333e-4,0.4716521020992516
hitech,machinery,imports,Central Africa,KOR,2022–24,3.6219333333333334e-5,0.05747797786170549
hitech,machinery,imports,Central Africa,RUS,2019–21,4.3678666666666666e-5,0.07099376007346822
hitech,machinery,imports,Central Africa,RUS,2022–24,0,0
hitech,machinery,imports,Central Africa,TUR,2019–21,6.74189e-4,1.095802957435471
hitech,machinery,imports,Central Africa,TUR,2022–24,5.648393333333333e-4,0.8963672080312676
hitech,machinery,imports,Central Africa,USA,2019–21,0.019774893666666668,32.14141281288377
hitech,machinery,imports,Central Africa,USA,2022–24,0.009208992,14.614135313680254
hitech,machinery,imports,Central Africa,other,2019–21,0.012933895,21.022295516776236
hitech,machinery,imports,Central Africa,other,2022–24,0.012514415333333334,19.859650117290613
hitech,machinery,imports,East Africa and HoA,CHN,2019–21,0.018039991333333335,22.69800922132651
hitech,machinery,imports,East Africa and HoA,CHN,2022–24,0.025989461333333335,24.82703205190098
hitech,machinery,imports,East Africa and HoA,EU,2019–21,0.023327663,29.35098471514402
hitech,machinery,imports,East Africa and HoA,EU,2022–24,0.029348084,28.03543377774313
hitech,machinery,imports,East Africa and HoA,GCC,2019–21,0.001903801,2.395372140435838
hitech,machinery,imports,East Africa and HoA,GCC,2022–24,0.002573428333333333,2.458326738499676
hitech,machinery,imports,East Africa and HoA,IND,2019–21,0.013288308333333334,16.719417405069148
hitech,machinery,imports,East Africa and HoA,IND,2022–24,0.0029084426666666665,2.778356903220529
hitech,machinery,imports,East Africa and HoA,IRN,2019–21,0,0
hitech,machinery,imports,East Africa and HoA,IRN,2022–24,5.997666666666667e-6,0.005729409342508039
hitech,machinery,imports,East Africa and HoA,ISR,2019–21,2.0143333333333334e-4,0.2534444486696836
hitech,machinery,imports,East Africa and HoA,ISR,2022–24,1.09414e-4,0.1045202457290904
hitech,machinery,imports,East Africa and HoA,JPN,2019–21,0.0012202073333333334,1.5352710980938515
hitech,machinery,imports,East Africa and HoA,JPN,2022–24,0.003993661666666667,3.8150373696131092
hitech,machinery,imports,East Africa and HoA,KOR,2019–21,7.062516666666667e-4,0.8886094536507289
hitech,machinery,imports,East Africa and HoA,KOR,2022–24,8.7604e-5,0.08368574046146961
hitech,machinery,imports,East Africa and HoA,RUS,2019–21,8.39325e-4,1.0560430012229796
hitech,machinery,imports,East Africa and HoA,RUS,2022–24,0,0
hitech,machinery,imports,East Africa and HoA,TUR,2019–21,9.56757e-4,1.2037965433188504
hitech,machinery,imports,East Africa and HoA,TUR,2022–24,0.001283073,1.2256850608547465
hitech,machinery,imports,East Africa and HoA,USA,2019–21,0.008906419,11.206101868655608
hitech,machinery,imports,East Africa and HoA,USA,2022–24,0.005119345666666666,4.890372960061365
hitech,machinery,imports,East Africa and HoA,other,2019–21,0.010088140666666667,12.69295010441278
hitech,machinery,imports,East Africa and HoA,other,2022–24,0.033263599,31.775819742573404
hitech,machinery,imports,Southern Africa and Indian Ocean,CHN,2019–21,0.031386902333333334,9.828759596428817
hitech,machinery,imports,Southern Africa and Indian Ocean,CHN,2022–24,0.050812090666666664,13.541456912121461
hitech,machinery,imports,Southern Africa and Indian Ocean,EU,2019–21,0.158934818,49.77019079596017
hitech,machinery,imports,Southern Africa and Indian Ocean,EU,2022–24,0.176686329,47.0870275110326
hitech,machinery,imports,Southern Africa and Indian Ocean,GCC,2019–21,9.06148e-4,0.2837588353319643
hitech,machinery,imports,Southern Africa and Indian Ocean,GCC,2022–24,0.011983607,3.193639460868548
hitech,machinery,imports,Southern Africa and Indian Ocean,IND,2019–21,0.0030583916666666665,0.9577305885156934
hitech,machinery,imports,Southern Africa and Indian Ocean,IND,2022–24,0.0032270416666666667,0.8600088110811439
hitech,machinery,imports,Southern Africa and Indian Ocean,IRN,2019–21,1.3326666666666668e-6,4.173224917111382e-4
hitech,machinery,imports,Southern Africa and Indian Ocean,IRN,2022–24,0,0
hitech,machinery,imports,Southern Africa and Indian Ocean,ISR,2019–21,4.1308366666666666e-4,0.12935650704740365
hitech,machinery,imports,Southern Africa and Indian Ocean,ISR,2022–24,7.72619e-4,0.20590349187993204
hitech,machinery,imports,Southern Africa and Indian Ocean,JPN,2019–21,0.005236764,1.639884492983882
hitech,machinery,imports,Southern Africa and Indian Ocean,JPN,2022–24,0.005292017333333334,1.4103262384467112
hitech,machinery,imports,Southern Africa and Indian Ocean,KOR,2019–21,0.0047724736666666665,1.494492697998343
hitech,machinery,imports,Southern Africa and Indian Ocean,KOR,2022–24,0.007351815666666667,1.959263902938262
hitech,machinery,imports,Southern Africa and Indian Ocean,RUS,2019–21,2.578876666666667e-4,0.08075712128682198
hitech,machinery,imports,Southern Africa and Indian Ocean,RUS,2022–24,6.14e-7,1.636314199033136e-4
hitech,machinery,imports,Southern Africa and Indian Ocean,TUR,2019–21,0.0025741273333333334,0.8060839665295755
hitech,machinery,imports,Southern Africa and Indian Ocean,TUR,2022–24,0.0020387623333333335,0.5433315561054172
hitech,machinery,imports,Southern Africa and Indian Ocean,USA,2019–21,0.038999653,12.212680614679664
hitech,machinery,imports,Southern Africa and Indian Ocean,USA,2022–24,0.039154634,10.434736738134463
hitech,machinery,imports,Southern Africa and Indian Ocean,other,2019–21,0.07279578733333333,22.795887460745956
hitech,machinery,imports,Southern Africa and Indian Ocean,other,2022–24,0.077914028,20.764141745971557
hitech,pharma,exports,Africa,CHN,2019–21,4.6611833333333333e-4,0.16579617710845482
hitech,pharma,exports,Africa,CHN,2022–24,7.841263333333334e-4,0.19081660712230658
hitech,pharma,exports,Africa,EU,2019–21,0.10324281133333334,36.72299973825556
hitech,pharma,exports,Africa,EU,2022–24,0.129332606,31.4730012475108
hitech,pharma,exports,Africa,GCC,2019–21,0.010421639333333333,3.7069298440019285
hitech,pharma,exports,Africa,GCC,2022–24,0.03420023966666667,8.322604940738367
hitech,pharma,exports,Africa,IND,2019–21,0.002058504,0.7322005365500092
hitech,pharma,exports,Africa,IND,2022–24,0.0018517,0.4506099290229701
hitech,pharma,exports,Africa,IRN,2019–21,1.7285066666666667e-4,0.061482198177103424
hitech,pharma,exports,Africa,IRN,2022–24,0,0
hitech,pharma,exports,Africa,ISR,2019–21,8.205643333333333e-4,0.2918710117349625
hitech,pharma,exports,Africa,ISR,2022–24,0.0040204206666666666,0.9783666205374244
hitech,pharma,exports,Africa,JPN,2019–21,1.6899466666666667e-4,0.06011063646581366
hitech,pharma,exports,Africa,JPN,2022–24,6.0035e-5,0.014609476205051578
hitech,pharma,exports,Africa,KOR,2019–21,2.61475e-4,0.09300547159219202
hitech,pharma,exports,Africa,KOR,2022–24,7.021326666666667e-4,0.17086350439670323
hitech,pharma,exports,Africa,RUS,2019–21,4.0044433333333334e-4,0.14243623316985413
hitech,pharma,exports,Africa,RUS,2022–24,2.643e-6,6.431722430240913e-4
hitech,pharma,exports,Africa,TUR,2019–21,0.0018641253333333333,0.6630609264121573
hitech,pharma,exports,Africa,TUR,2022–24,0.002902004,0.7062006893472891
hitech,pharma,exports,Africa,USA,2019–21,0.005917662666666667,2.1048857712471247
hitech,pharma,exports,Africa,USA,2022–24,0.017805105,4.332860128690679
hitech,pharma,exports,Africa,other,2019–21,0.15534418333333333,55.25522145528483
hitech,pharma,exports,Africa,other,2022–24,0.21927090033333332,53.35942368418538
hitech,pharma,exports,North Africa,CHN,2019–21,3.075586666666667e-4,0.3937077927078095
hitech,pharma,exports,North Africa,CHN,2022–24,2.6447933333333335e-4,0.20293653414243787
hitech,pharma,exports,North Africa,EU,2019–21,0.029993793666666668,38.39524480783116
hitech,pharma,exports,North Africa,EU,2022–24,0.056472096666666666,43.33136895368026
hitech,pharma,exports,North Africa,GCC,2019–21,0.007961398666666666,10.191436742432547
hitech,pharma,exports,North Africa,GCC,2022–24,0.015960817333333332,12.246828177024094
hitech,pharma,exports,North Africa,IND,2019–21,6.059056666666666e-4,0.7756236727057617
hitech,pharma,exports,North Africa,IND,2022–24,3.3183066666666667e-4,0.2546156048065807
hitech,pharma,exports,North Africa,IRN,2019–21,0,0
hitech,pharma,exports,North Africa,IRN,2022–24,0,0
hitech,pharma,exports,North Africa,ISR,2019–21,0,0
hitech,pharma,exports,North Africa,ISR,2022–24,6.4184e-5,0.04924875733478192
hitech,pharma,exports,North Africa,JPN,2019–21,0,0
hitech,pharma,exports,North Africa,JPN,2022–24,4.7142e-5,0.03617233139530552
hitech,pharma,exports,North Africa,KOR,2019–21,1.475e-6,0.0018881568207388694
hitech,pharma,exports,North Africa,KOR,2022–24,2.0347666666666668e-05,0.015612883241862422
hitech,pharma,exports,North Africa,RUS,2019–21,2.700543333333333e-4,0.34569825861248915
hitech,pharma,exports,North Africa,RUS,2022–24,6.693333333333333e-7,5.135833682758014e-4
hitech,pharma,exports,North Africa,TUR,2019–21,0.00123922,1.5863333528108623
hitech,pharma,exports,North Africa,TUR,2022–24,0.002879296,2.209300604496576
hitech,pharma,exports,North Africa,USA,2019–21,0.003978367666666666,5.092733589982134
hitech,pharma,exports,North Africa,USA,2022–24,5.7083e-5,0.04380011864236191
hitech,pharma,exports,North Africa,other,2019–21,0.033760737666666665,43.21733362609649
hitech,pharma,exports,North Africa,other,2022–24,0.054228185,41.60960245186746
hitech,pharma,exports,West Africa,CHN,2019–21,2.2766666666666668e-6,0.033205489766875096
hitech,pharma,exports,West Africa,CHN,2022–24,7.705133333333334e-5,0.7284766834453442
hitech,pharma,exports,West Africa,EU,2019–21,7.025566666666667e-4,10.246883545673446
hitech,pharma,exports,West Africa,EU,2022–24,5.51677e-4,5.215793340713254
hitech,pharma,exports,West Africa,GCC,2019–21,0,0
hitech,pharma,exports,West Africa,GCC,2022–24,1.5863e-5,0.14997567374339396
hitech,pharma,exports,West Africa,IND,2019–21,7.007033333333333e-5,1.0219852429552827
hitech,pharma,exports,West Africa,IND,2022–24,3.444266666666667e-5,0.3256358909949234
hitech,pharma,exports,West Africa,IRN,2019–21,0,0
hitech,pharma,exports,West Africa,IRN,2022–24,0,0
hitech,pharma,exports,West Africa,ISR,2019–21,0,0
hitech,pharma,exports,West Africa,ISR,2022–24,3.11339e-4,2.943533775931068
hitech,pharma,exports,West Africa,JPN,2019–21,0,0
hitech,pharma,exports,West Africa,JPN,2022–24,3.1583333333333333e-6,0.02986025150178944
hitech,pharma,exports,West Africa,KOR,2019–21,4.4376666666666665e-6,0.06472396563197777
hitech,pharma,exports,West Africa,KOR,2022–24,1.4448e-5,0.13659765077504607
hitech,pharma,exports,West Africa,RUS,2019–21,4.858e-6,0.07085458387444184
hitech,pharma,exports,West Africa,RUS,2022–24,0,0
hitech,pharma,exports,West Africa,TUR,2019–21,6.205333333333333e-6,0.09050562188874771
hitech,pharma,exports,West Africa,TUR,2022–24,3.4733333333333335e-7,0.0032838397957640738
hitech,pharma,exports,West Africa,USA,2019–21,7.093333333333333e-5,1.0345722141128875
hitech,pharma,exports,West Africa,USA,2022–24,2.28778e-4,2.16296631706904
hitech,pharma,exports,West Africa,other,2019–21,0.005994958,87.43726933609635
hitech,pharma,exports,West Africa,other,2022–24,0.009339944,88.30387657603038
hitech,pharma,exports,Central Africa,CHN,2019–21,2.2733e-5,1.402932707202005
hitech,pharma,exports,Central Africa,CHN,2022–24,3.4678333333333335e-4,16.40802492549872
hitech,pharma,exports,Central Africa,EU,2019–21,2.89723e-4,17.87981668625727
hitech,pharma,exports,Central Africa,EU,2022–24,7.896433333333333e-5,3.7361909440824417
hitech,pharma,exports,Central Africa,GCC,2019–21,0,0
hitech,pharma,exports,Central Africa,GCC,2022–24,0,0
hitech,pharma,exports,Central Africa,IND,2019–21,2.5686666666666667e-6,0.1585213777577186
hitech,pharma,exports,Central Africa,IND,2022–24,0,0
hitech,pharma,exports,Central Africa,IRN,2019–21,0,0
hitech,pharma,exports,Central Africa,IRN,2022–24,0,0
hitech,pharma,exports,Central Africa,ISR,2019–21,0,0
hitech,pharma,exports,Central Africa,ISR,2022–24,5.393333333333334e-7,0.025518512355896503
hitech,pharma,exports,Central Africa,JPN,2019–21,0,0
hitech,pharma,exports,Central Africa,JPN,2022–24,0,0
hitech,pharma,exports,Central Africa,KOR,2019–21,6.4946666666666664e-6,0.4008085289685166
hitech,pharma,exports,Central Africa,KOR,2022–24,2.796666666666667e-6,0.13232405356364133
hitech,pharma,exports,Central Africa,RUS,2019–21,0,0
hitech,pharma,exports,Central Africa,RUS,2022–24,0,0
hitech,pharma,exports,Central Africa,TUR,2019–21,0,0
hitech,pharma,exports,Central Africa,TUR,2022–24,0,0
hitech,pharma,exports,Central Africa,USA,2019–21,2.9069e-5,1.7939493628493859
hitech,pharma,exports,Central Africa,USA,2022–24,1.5215633333333335e-4,7.1992644107439565
hitech,pharma,exports,Central Africa,other,2019–21,0.001269803,78.3639713369651
hitech,pharma,exports,Central Africa,other,2022–24,0.0015322583333333333,72.49867715375534
hitech,pharma,exports,East Africa and HoA,CHN,2019–21,4.471166666666667e-5,0.1657928863869746
hitech,pharma,exports,East Africa and HoA,CHN,2022–24,6.152333333333333e-5,0.16134227401065135
hitech,pharma,exports,East Africa and HoA,EU,2019–21,3.034993333333333e-4,1.1253892829579721
hitech,pharma,exports,East Africa and HoA,EU,2022–24,0.0029213123333333333,7.661014925860572
hitech,pharma,exports,East Africa and HoA,GCC,2019–21,0.001054889,3.9115762208492013
hitech,pharma,exports,East Africa and HoA,GCC,2022–24,1.1673333333333333e-4,0.30612810510120875
hitech,pharma,exports,East Africa and HoA,IND,2019–21,1.41738e-4,0.5255709277381072
hitech,pharma,exports,East Africa and HoA,IND,2022–24,3.2895e-5,0.08626571117051053
hitech,pharma,exports,East Africa and HoA,IRN,2019–21,0,0
hitech,pharma,exports,East Africa and HoA,IRN,2022–24,0,0
hitech,pharma,exports,East Africa and HoA,ISR,2019–21,0,0
hitech,pharma,exports,East Africa and HoA,ISR,2022–24,1.8579666666666668e-5,0.04872437021769353
hitech,pharma,exports,East Africa and HoA,JPN,2019–21,9.713333333333333e-7,0.0036017480220050238
hitech,pharma,exports,East Africa and HoA,JPN,2022–24,1.7696666666666666e-6,0.004640874100463499
hitech,pharma,exports,East Africa and HoA,KOR,2019–21,0,0
hitech,pharma,exports,East Africa and HoA,KOR,2022–24,6.671666666666667e-6,0.01749615654940232
hitech,pharma,exports,East Africa and HoA,RUS,2019–21,0,0
hitech,pharma,exports,East Africa and HoA,RUS,2022–24,0,0
hitech,pharma,exports,East Africa and HoA,TUR,2019–21,9.632666666666667e-5,0.3571836456413905
hitech,pharma,exports,East Africa and HoA,TUR,2022–24,1.927e-6,0.005053473945145882
hitech,pharma,exports,East Africa and HoA,USA,2019–21,1.62096e-4,0.6010593143873642
hitech,pharma,exports,East Africa and HoA,USA,2022–24,0.013022551333333333,34.1510762129345
hitech,pharma,exports,East Africa and HoA,other,2019–21,0.025164154666666667,93.30982597401697
hitech,pharma,exports,East Africa and HoA,other,2022–24,0.021948221,57.55825789610986
hitech,pharma,exports,Southern Africa and Indian Ocean,CHN,2019–21,8.883833333333334e-5,0.05301382400978675
hitech,pharma,exports,Southern Africa and Indian Ocean,CHN,2022–24,3.4289e-5,0.014922336504045392
hitech,pharma,exports,Southern Africa and Indian Ocean,EU,2019–21,0.07195323866666667,42.93772956428924
hitech,pharma,exports,Southern Africa and Indian Ocean,EU,2022–24,0.06930855566666666,30.162605799742252
hitech,pharma,exports,Southern Africa and Indian Ocean,GCC,2019–21,0.0014053516666666667,0.8386364661860738
hitech,pharma,exports,Southern Africa and Indian Ocean,GCC,2022–24,0.018106826,7.879965895540793
hitech,pharma,exports,Southern Africa and Indian Ocean,IND,2019–21,0.0012382213333333332,0.7389022889949551
hitech,pharma,exports,Southern Africa and Indian Ocean,IND,2022–24,0.0014525316666666667,0.6321317714947037
hitech,pharma,exports,Southern Africa and Indian Ocean,IRN,2019–21,1.7285066666666667e-4,0.10314775704152838
hitech,pharma,exports,Southern Africa and Indian Ocean,IRN,2022–24,0,0
hitech,pharma,exports,Southern Africa and Indian Ocean,ISR,2019–21,8.205643333333333e-4,0.4896675964509463
hitech,pharma,exports,Southern Africa and Indian Ocean,ISR,2022–24,0.003625778666666667,1.5779138893869473
hitech,pharma,exports,Southern Africa and Indian Ocean,JPN,2019–21,1.6802333333333332e-4,0.10026707040359155
hitech,pharma,exports,Southern Africa and Indian Ocean,JPN,2022–24,7.965e-6,0.0034663131107562648
hitech,pharma,exports,Southern Africa and Indian Ocean,KOR,2019–21,2.4906766666666665e-4,0.14862986451638627
hitech,pharma,exports,Southern Africa and Indian Ocean,KOR,2022–24,6.578686666666667e-4,0.2862999101597501
hitech,pharma,exports,Southern Africa and Indian Ocean,RUS,2019–21,1.25532e-4,0.07491058314462468
hitech,pharma,exports,Southern Africa and Indian Ocean,RUS,2022–24,1.973666666666667e-6,8.589261321945112e-4
hitech,pharma,exports,Southern Africa and Indian Ocean,TUR,2019–21,5.223733333333333e-4,0.31172363237422657
hitech,pharma,exports,Southern Africa and Indian Ocean,TUR,2022–24,2.0433666666666667e-5,0.008892590918705577
hitech,pharma,exports,Southern Africa and Indian Ocean,USA,2019–21,0.0016771966666666667,1.0008585886325456
hitech,pharma,exports,Southern Africa and Indian Ocean,USA,2022–24,0.0043445363333333336,1.8907122727420318
hitech,pharma,exports,Southern Africa and Indian Ocean,other,2019–21,0.08915453,53.202512763956086
hitech,pharma,exports,Southern Africa and Indian Ocean,other,2022–24,0.132222292,57.54223029426782
hitech,pharma,imports,Africa,CHN,2019–21,1.1157566746666667,14.459244050727907
hitech,pharma,imports,Africa,CHN,2022–24,0.7699188573333333,9.433395765444304
hitech,pharma,imports,Africa,EU,2019–21,3.534355138,45.80219384979571
hitech,pharma,imports,Africa,EU,2022–24,3.9675732256666665,48.61251040885983
hitech,pharma,imports,Africa,GCC,2019–21,0.16937475466666665,2.1949507176277026
hitech,pharma,imports,Africa,GCC,2022–24,0.08506317933333334,1.0422327341060114
hitech,pharma,imports,Africa,IND,2019–21,0.889950123,11.53298592211124
hitech,pharma,imports,Africa,IND,2022–24,1.1669953,14.298556810834445
hitech,pharma,imports,Africa,IRN,2019–21,3.752403333333333e-4,0.004862791037269921
hitech,pharma,imports,Africa,IRN,2022–24,6.601503333333333e-4,0.008088461919990561
hitech,pharma,imports,Africa,ISR,2019–21,0.005106414,0.06617472064158786
hitech,pharma,imports,Africa,ISR,2022–24,0.004498448,0.05511702942469827
hitech,pharma,imports,Africa,JPN,2019–21,0.05203190233333333,0.6742885714630104
hitech,pharma,imports,Africa,JPN,2022–24,0.020689093,0.2534921705555603
hitech,pharma,imports,Africa,KOR,2019–21,0.18500000666666666,2.3974405051878986
hitech,pharma,imports,Africa,KOR,2022–24,0.172834672,2.1176489540908494
hitech,pharma,imports,Africa,RUS,2019–21,0.040127408,0.5200165937331007
hitech,pharma,imports,Africa,RUS,2022–24,0.026607356666666665,0.32600542682945505
hitech,pharma,imports,Africa,TUR,2019–21,0.018762019333333334,0.24313958642119574
hitech,pharma,imports,Africa,TUR,2022–24,0.027385207666666668,0.33553601081198214
hitech,pharma,imports,Africa,USA,2019–21,0.45105076633333335,5.845228854785855
hitech,pharma,imports,Africa,USA,2022–24,0.56900009,6.971647711207502
hitech,pharma,imports,Africa,other,2019–21,1.25467254,16.25947383646752
hitech,pharma,imports,Africa,other,2022–24,1.3504044043333334,16.54576851591537
hitech,pharma,imports,North Africa,CHN,2019–21,0.5874364163333333,16.88207155041317
hitech,pharma,imports,North Africa,CHN,2022–24,0.292333006,9.038579624195851
hitech,pharma,imports,North Africa,EU,2019–21,1.6328659123333333,46.92620068790551
hitech,pharma,imports,North Africa,EU,2022–24,1.6384981853333334,50.66036338105368
hitech,pharma,imports,North Africa,GCC,2019–21,0.10667044066666667,3.0655539247790147
hitech,pharma,imports,North Africa,GCC,2022–24,0.046852303666666664,1.4486160254794147
hitech,pharma,imports,North Africa,IND,2019–21,0.14355778166666666,4.125642664175666
hitech,pharma,imports,North Africa,IND,2022–24,0.155279824,4.80106257059156
hitech,pharma,imports,North Africa,IRN,2019–21,9.706666666666667e-7,2.7895553735928414e-5
hitech,pharma,imports,North Africa,IRN,2022–24,1.3535133333333335e-4,0.004184897970687605
hitech,pharma,imports,North Africa,ISR,2019–21,0,0
hitech,pharma,imports,North Africa,ISR,2022–24,6.727e-6,2.0799062673054948e-4
hitech,pharma,imports,North Africa,JPN,2019–21,0.006792443666666667,0.19520499035209474
hitech,pharma,imports,North Africa,JPN,2022–24,0.0018749506666666668,0.05797118540937441
hitech,pharma,imports,North Africa,KOR,2019–21,0.0378026,1.086391957065049
hitech,pharma,imports,North Africa,KOR,2022–24,0.04676660033333333,1.4459661830514532
hitech,pharma,imports,North Africa,RUS,2019–21,0.010418347,0.2994081990845281
hitech,pharma,imports,North Africa,RUS,2022–24,0.012388036666666666,0.3830229686726665
hitech,pharma,imports,North Africa,TUR,2019–21,0.006392709666666667,0.1837172143111494
hitech,pharma,imports,North Africa,TUR,2022–24,0.014281320333333333,0.4415609880585313
hitech,pharma,imports,North Africa,USA,2019–21,0.175400025,5.0407426057733735
hitech,pharma,imports,North Africa,USA,2022–24,0.20866722733333334,6.4517358987938245
hitech,pharma,imports,North Africa,other,2019–21,0.7723088796666666,22.195038310586714
hitech,pharma,imports,North Africa,other,2022–24,0.8171968316666667,25.266728286096235
hitech,pharma,imports,West Africa,CHN,2019–21,0.16304199133333333,12.392981274159858
hitech,pharma,imports,West Africa,CHN,2022–24,0.15366185733333335,10.429932329625958
hitech,pharma,imports,West Africa,EU,2019–21,0.560120281,42.57529055516989
hitech,pharma,imports,West Africa,EU,2022–24,0.713994989,48.46303141323931
hitech,pharma,imports,West Africa,GCC,2019–21,0.010210574,0.7761157193039815
hitech,pharma,imports,West Africa,GCC,2022–24,0.0026308733333333333,0.17857281768344027
hitech,pharma,imports,West Africa,IND,2019–21,0.26425148,20.086013526501223
hitech,pharma,imports,West Africa,IND,2022–24,0.307411368,20.865814205554415
hitech,pharma,imports,West Africa,IRN,2019–21,8.098233333333334e-5,0.006155546386120389
hitech,pharma,imports,West Africa,IRN,2022–24,5.368666666666667e-5,0.0036440292344107395
hitech,pharma,imports,West Africa,ISR,2019–21,0.0013815406666666666,0.10501225771026215
hitech,pharma,imports,West Africa,ISR,2022–24,0.001186406,0.08052834002012245
hitech,pharma,imports,West Africa,JPN,2019–21,0.014534288333333333,1.1047654759072767
hitech,pharma,imports,West Africa,JPN,2022–24,0.006061118666666667,0.41140370572269913
hitech,pharma,imports,West Africa,KOR,2019–21,0.033007186333333334,2.50890852593552
hitech,pharma,imports,West Africa,KOR,2022–24,0.026966796666666668,1.8303947984305864
hitech,pharma,imports,West Africa,RUS,2019–21,0.018304059,1.3913094324537991
hitech,pharma,imports,West Africa,RUS,2022–24,0.006548013666666666,0.44445212769131487
hitech,pharma,imports,West Africa,TUR,2019–21,0.0015871003333333333,0.12063704908388
hitech,pharma,imports,West Africa,TUR,2022–24,0.0019041186666666667,0.12924371204123675
hitech,pharma,imports,West Africa,USA,2019–21,0.101668054,7.727888251967621
hitech,pharma,imports,West Africa,USA,2022–24,0.117775265,7.994098635610429
hitech,pharma,imports,West Africa,other,2019–21,0.14741189533333332,11.204922385420568
hitech,pharma,imports,West Africa,other,2022–24,0.135083113,9.168883885146082
hitech,pharma,imports,Central Africa,CHN,2019–21,0.055622217,14.059108832522352
hitech,pharma,imports,Central Africa,CHN,2022–24,0.05814351833333333,10.975601239311139
hitech,pharma,imports,Central Africa,EU,2019–21,0.18813025933333333,47.55193038526291
hitech,pharma,imports,Central Africa,EU,2022–24,0.28709792766666664,54.194731605972244
hitech,pharma,imports,Central Africa,GCC,2019–21,0.002883769333333333,0.7289034686485755
hitech,pharma,imports,Central Africa,GCC,2022–24,0.0011563953333333333,0.21828974952811936
hitech,pharma,imports,Central Africa,IND,2019–21,0.08453580566666667,21.367326874306833
hitech,pharma,imports,Central Africa,IND,2022–24,0.10945180966666666,20.660934395736692
hitech,pharma,imports,Central Africa,IRN,2019–21,1.6160333333333332e-5,0.004084696679802821
hitech,pharma,imports,Central Africa,IRN,2022–24,1.8554333333333333e-5,0.003502453407797596
hitech,pharma,imports,Central Africa,ISR,2019–21,2.9229e-5,0.007387941621704792
hitech,pharma,imports,Central Africa,ISR,2022–24,4.800666666666667e-6,9.062094026391135e-4
hitech,pharma,imports,Central Africa,JPN,2019–21,0.005308283333333334,1.3417252515698512
hitech,pharma,imports,Central Africa,JPN,2022–24,0.0012544543333333333,0.23680009277490224
hitech,pharma,imports,Central Africa,KOR,2019–21,0.026345775666666668,6.659175907621334
hitech,pharma,imports,Central Africa,KOR,2022–24,0.022781234666666667,4.300354615746729
hitech,pharma,imports,Central Africa,RUS,2019–21,0.005276960333333333,1.33380802910529
hitech,pharma,imports,Central Africa,RUS,2022–24,6.040106666666666e-4,0.11401752786300223
hitech,pharma,imports,Central Africa,TUR,2019–21,6.65782e-4,0.16828350435464295
hitech,pharma,imports,Central Africa,TUR,2022–24,8.657716666666666e-4,0.1634294733103464
hitech,pharma,imports,Central Africa,USA,2019–21,0.012958606,3.2754259340611527
hitech,pharma,imports,Central Africa,USA,2022–24,0.020875556333333333,3.9406246565593306
hitech,pharma,imports,Central Africa,other,2019–21,0.013858323666666667,3.502839174245551
hitech,pharma,imports,Central Africa,other,2022–24,0.027498433333333332,5.190807980387061
hitech,pharma,imports,East Africa and HoA,CHN,2019–21,0.11972145333333334,11.933645824617631
hitech,pharma,imports,East Africa and HoA,CHN,2022–24,0.15303625066666668,11.122467278541876
hitech,pharma,imports,East Africa and HoA,EU,2019–21,0.406037466,40.47317482254551
hitech,pharma,imports,East Africa and HoA,EU,2022–24,0.6073598163333334,44.14208825713284
hitech,pharma,imports,East Africa and HoA,GCC,2019–21,0.022460867,2.2388638312429605
hitech,pharma,imports,East Africa and HoA,GCC,2022–24,0.025992406666666665,1.8890928873463542
hitech,pharma,imports,East Africa and HoA,IND,2019–21,0.23415113166666668,23.33981585542126
hitech,pharma,imports,East Africa and HoA,IND,2022–24,0.3694638806666667,26.852134088601087
hitech,pharma,imports,East Africa and HoA,IRN,2019–21,1.1749333333333333e-4,0.011711550333839423
hitech,pharma,imports,East Africa and HoA,IRN,2022–24,2.9868366666666664e-4,0.02170792406807511
hitech,pharma,imports,East Africa and HoA,ISR,2019–21,5.726106666666666e-4,0.05707692899761701
hitech,pharma,imports,East Africa and HoA,ISR,2022–24,4.4654233333333334e-4,0.03245409155901088
hitech,pharma,imports,East Africa and HoA,JPN,2019–21,0.010313630666666667,1.0280464537899725
hitech,pharma,imports,East Africa and HoA,JPN,2022–24,0.0030757046666666666,0.22353804647221287
hitech,pharma,imports,East Africa and HoA,KOR,2019–21,0.055094207,5.491703742482992
hitech,pharma,imports,East Africa and HoA,KOR,2022–24,0.054599698,3.96823204814402
hitech,pharma,imports,East Africa and HoA,RUS,2019–21,0.005284442,0.5267448519285214
hitech,pharma,imports,East Africa and HoA,RUS,2022–24,0.007005397333333333,0.5091427833193508
hitech,pharma,imports,East Africa and HoA,TUR,2019–21,0.008412453333333333,0.8385400928654838
hitech,pharma,imports,East Africa and HoA,TUR,2022–24,0.009187926666666667,0.667766057143095
hitech,pharma,imports,East Africa and HoA,USA,2019–21,0.05878005766666667,5.859103529185916
hitech,pharma,imports,East Africa and HoA,USA,2022–24,0.061825872,4.493420580363834
hitech,pharma,imports,East Africa and HoA,other,2019–21,0.08228031866666667,8.201572516588296
hitech,pharma,imports,East Africa and HoA,other,2022–24,0.083627811,6.0779559573082445
hitech,pharma,imports,Southern Africa and Indian Ocean,CHN,2019–21,0.18993459666666668,12.475508780152898
hitech,pharma,imports,Southern Africa and Indian Ocean,CHN,2022–24,0.112744225,7.281339269977588
hitech,pharma,imports,Southern Africa and Indian Ocean,EU,2019–21,0.7472012193333334,49.078554070343856
hitech,pharma,imports,Southern Africa and Indian Ocean,EU,2022–24,0.7206223073333333,46.53981616537839
hitech,pharma,imports,Southern Africa and Indian Ocean,GCC,2019–21,0.027149103666666667,1.7832395314540532
hitech,pharma,imports,Southern Africa and Indian Ocean,GCC,2022–24,0.008431200333333333,0.5445106397258762
hitech,pharma,imports,Southern Africa and Indian Ocean,IND,2019–21,0.163453924,10.736173924075397
hitech,pharma,imports,Southern Africa and Indian Ocean,IND,2022–24,0.22538841766666667,14.556218170415471
hitech,pharma,imports,Southern Africa and Indian Ocean,IRN,2019–21,1.5963366666666668e-4,0.010485247264367973
hitech,pharma,imports,Southern Africa and Indian Ocean,IRN,2022–24,1.5387433333333335e-4,0.009937637390665654
hitech,pharma,imports,Southern Africa and Indian Ocean,ISR,2019–21,0.0031230336666666666,0.20513079035090184
hitech,pharma,imports,Southern Africa and Indian Ocean,ISR,2022–24,0.002853972,0.18431754175450205
hitech,pharma,imports,Southern Africa and Indian Ocean,JPN,2019–21,0.015083256333333333,0.9907162787727165
hitech,pharma,imports,Southern Africa and Indian Ocean,JPN,2022–24,0.008422864666666667,0.5439722989191391
hitech,pharma,imports,Southern Africa and Indian Ocean,KOR,2019–21,0.03275023766666667,2.1511398383078193
hitech,pharma,imports,Southern Africa and Indian Ocean,KOR,2022–24,0.021720342333333333,1.4027608206899875
hitech,pharma,imports,Southern Africa and Indian Ocean,RUS,2019–21,8.435996666666666e-4,0.055410310881403885
hitech,pharma,imports,Southern Africa and Indian Ocean,RUS,2022–24,6.189833333333333e-5,0.003997568525094413
hitech,pharma,imports,Southern Africa and Indian Ocean,TUR,2019–21,0.001703974,0.1119224352552249
hitech,pharma,imports,Southern Africa and Indian Ocean,TUR,2022–24,0.0011460703333333333,0.07401644673380214
hitech,pharma,imports,Southern Africa and Indian Ocean,USA,2019–21,0.10224402366666667,6.7157128683103045
hitech,pharma,imports,Southern Africa and Indian Ocean,USA,2022–24,0.15985616933333333,10.323961190162839
hitech,pharma,imports,Southern Africa and Indian Ocean,other,2019–21,0.23881312266666666,15.68600592483106
hitech,pharma,imports,Southern Africa and Indian Ocean,other,2022–24,0.2869982153333333,18.535152250326647
